handwash,beta_abm,theta_hat,theta_low,theta_high,sigma_hat,weighted_rmse,neg_loglik_cum_min,init_env,tau0,theta_min,theta_max,theta_grid_n,ci_grid_n,cleaning_eff
0.95,0.02,2.9035087719298245,2.592713481898946,3.1498482776735135,0.13761537442086552,0.10757128530790767,25.168070749417986,9,140,0.5,7.5,400,400,0.9
0.95,0.025,3.6228070175438596,3.3959019306323808,3.817621993298774,0.46472772107635757,0.24188938878076835,33.335268905048295,9,140,0.5,7.5,400,400,0.9
0.95,0.03,4.131578947368421,3.955164773974189,4.269317973328314,1.400912605984615,0.5146825633093339,41.31605565994816,9,140,0.5,7.5,400,400,0.9
0.95,0.035,4.289473684210526,4.128438480609056,4.411215261601096,1.9355228837895297,0.6639269105373377,44.740816321782006,9,140,0.5,7.5,400,400,0.9
0.95,0.04,4.62280701754386,4.4871804918210625,4.739927878942791,2.8840700191890476,0.7621181152867434,51.542224714596394,9,140,0.5,7.5,400,400,0.9
0.95,0.045,4.833333333333333,4.706857739915016,4.934022322786786,4.507972141687798,0.9854241093682629,58.371090997678216,9,140,0.5,7.5,400,400,0.9
0.95,0.05,4.991228070175438,4.878074949781207,5.105917863238256,6.207578408637998,1.172099092533315,65.54442477687103,9,140,0.5,7.5,400,400,0.9
0.95,0.055,5.359649122807017,5.252660528543863,5.453723533770481,8.877776129318997,1.5515960885664943,76.95382107644991,9,140,0.5,7.5,400,400,0.9
0.95,0.06,5.5,5.372575670234544,5.611377462959625,10.165877802825426,1.3281374619650714,76.08284261729088,9,140,0.5,7.5,400,400,0.9
