cleaningDay,first_clean_day,tau0,beta_abm,theta_hat,theta_low,theta_high,sigma_hat,weighted_rmse,neg_loglik_cum_min,init_env,theta_min,theta_max,theta_grid_n,ci_grid_n,cleaning_eff,data_type
60.0,20,40.0,0.02,2.327909887359199,1.7818532901957356,2.6832905578829513,0.3619132065100644,0.40650447899937026,25.189001309592378,2,0.5,12.0,800,800,0.9,B
60.0,20,40.0,0.025,2.572590738423029,2.0466652578210653,2.9110967671393615,0.4914966446600312,0.4572022188073263,32.06267666515,2,0.5,12.0,800,800,0.9,B
60.0,20,40.0,0.03,3.4937421777221527,3.238385672033686,3.669143371339982,0.8534109316549782,0.5952924655261095,50.50132657975176,2,0.5,12.0,800,800,0.9,B
60.0,20,40.0,0.035,3.6376720901126407,3.4046114481566647,3.80584319041812,1.518294806197114,0.7170645578104125,61.44175003002333,2,0.5,12.0,800,800,0.9,B
60.0,20,40.0,0.04,4.055068836045056,3.935834444239649,4.150250066320304,2.18351671854216,0.8042380348542186,76.39594388658064,2,0.5,12.0,800,800,0.9,B
60.0,20,40.0,0.045,4.227784730913642,4.138660373151956,4.282320280428608,2.406553362118099,0.7595076215031198,82.3287473257864,2,0.5,12.0,800,800,0.9,B
60.0,20,40.0,0.05,4.386107634543179,4.345277531737995,4.428230014176441,3.182557972997762,0.7852903820711689,92.88454473821972,2,0.5,12.0,800,800,0.9,B
60.0,20,40.0,0.055,4.472465581977472,4.437847074775678,4.504964530262167,4.131370428192207,0.8040339068840837,102.54560429429998,2,0.5,12.0,800,800,0.9,B
60.0,20,40.0,0.06,4.5732165206508135,4.549362413645052,4.599485487398075,2.269135407951172,0.3630583269364473,105.27445287166442,2,0.5,12.0,800,800,0.9,B
