isolation_time,surrogate_isol_time_mean,beta_abm,theta_hat,theta_low,theta_high,sigma_hat,weighted_rmse,neg_loglik_cum_min,init_env,tau0,cleaningDay,p_wash,theta_min,theta_max,theta_grid_n,ci_grid_n,cleaning_eff
20,10.0,0.02,2.4263157894736844,2.25113994745274,2.5555019848178633,0.17930979840880298,0.09909587853941965,31.34051971145121,9,140,180,0.9,0.1,12.0,400,400,0.9
20,10.0,0.025,2.664912280701755,2.543364300500176,2.7890034472701566,0.802219571291289,0.4056600735633876,36.4735463229283,9,140,180,0.9,0.1,12.0,400,400,0.9
20,10.0,0.03,2.9929824561403513,2.9013251221779286,3.0901128513952005,1.6659067595306898,0.5473289154993327,44.29072819839975,9,140,180,0.9,0.1,12.0,400,400,0.9
20,10.0,0.035,3.142105263157895,3.063598671302726,3.2301862254877856,2.491851950633005,0.7347245628585329,49.475424283751146,9,140,180,0.9,0.1,12.0,400,400,0.9
20,10.0,0.04,3.529824561403509,3.4472701882202994,3.607021416912799,5.591998449545794,0.9632248939045717,62.31763425899374,9,140,180,0.9,0.1,12.0,400,400,0.9
20,10.0,0.045,3.6192982456140355,3.531892451950016,3.701369496586661,7.025428473186636,1.1063434601966182,68.3599138180492,9,140,180,0.9,0.1,12.0,400,400,0.9
20,10.0,0.05,3.828070175438597,3.7263551772190517,3.8996704032520957,9.050592056501138,1.0974551352119997,71.58084324746493,9,140,180,0.9,0.1,12.0,400,400,0.9
20,10.0,0.055,4.21578947368421,4.113326351551411,4.327010507770253,11.847309163388699,1.0391296001103734,76.96873181093903,9,140,180,0.9,0.1,12.0,400,400,0.9
20,10.0,0.06,4.484210526315789,4.35356179645008,4.599911021238789,13.210022895818518,0.945699016605638,79.04764184938779,9,140,180,0.9,0.1,12.0,400,400,0.9
