cleaningDay,first_clean_day,tau_offset_days,p_wash,beta_abm,theta_hat,theta_low,theta_high,sigma_hat,weighted_rmse,neg_loglik_cum_min,init_env,theta_min,theta_max,theta_grid_n,ci_grid_n,cleaning_eff
360,20,340,0.9,0.02,2.2473684210526317,2.1186401275801376,2.367705443404189,0.5973457213890018,0.32371794672592874,33.22112019655622,9,0.1,12.0,400,400,0.9
360,20,340,0.9,0.025,2.5754385964912285,2.452444148804808,2.652619635048723,1.3162667908384365,0.473238467395881,40.465269923821765,9,0.1,12.0,400,400,0.9
360,20,340,0.9,0.03,2.843859649122807,2.751685615118699,2.9220483237890855,2.75751344629104,0.7391657730514797,50.13556821725596,9,0.1,12.0,400,400,0.9
360,20,340,0.9,0.035,3.0824561403508777,2.9835186962784244,3.1751414281863366,3.7499018367705563,0.7894335250471894,57.04409121242772,9,0.1,12.0,400,400,0.9
360,20,340,0.9,0.04,3.3210526315789477,3.2196749695739104,3.4336861411690935,4.9414110727882035,0.8319554128951039,63.80624961698866,9,0.1,12.0,400,400,0.9
360,20,340,0.9,0.045,3.6192982456140355,3.5092788119393328,3.733972994978057,5.4571962884601435,0.7533407215157358,66.51374106322267,9,0.1,12.0,400,400,0.9
360,20,340,0.9,0.05,3.7684210526315796,3.639502337360669,3.8927631637982705,6.838339464029573,0.8760124772262533,71.77818250377176,9,0.1,12.0,400,400,0.9
360,20,340,0.9,0.055,4.245614035087719,4.111830833602543,4.401433993367866,4.570057383548825,0.6050701809634724,74.02522975841246,9,0.1,12.0,400,400,0.9
360,20,340,0.9,0.06,4.752631578947368,4.598853495434837,4.9029685182192875,6.400314632814813,0.5033955060890466,76.37773264918556,9,0.1,12.0,400,400,0.9
