handwash,beta_abm,theta_hat,theta_low,theta_high,sigma_hat,weighted_rmse,neg_loglik_cum_min,init_env,tau0,theta_min,theta_max,theta_grid_n,ci_grid_n,cleaning_eff,data_type
0.9,0.02,2.19837296620776,2.0198390290767194,2.325629879384591,0.41518122751908665,0.25460257613380466,52.33037276368749,2,60,0.5,12.0,800,800,0.9,B
0.9,0.025,2.55819774718398,2.4489586299484665,2.635014171289617,0.690594486896857,0.3074448393388133,61.18166254461232,2,60,0.5,12.0,800,800,0.9,B
0.9,0.03,2.9036295369211516,2.84565117649253,2.9494029571982594,1.2717189599571248,0.324707629496397,75.84903794271041,2,60,0.5,12.0,800,800,0.9,B
0.9,0.035,3.1339173967459324,3.0985274814773627,3.1732431304653277,0.8678624465780322,0.14635236273455218,90.02252529274135,2,60,0.5,12.0,800,800,0.9,B
0.9,0.04,3.2058823529411766,3.1788691916484053,3.2428688013092577,1.4629374084786235,0.36017494983927884,94.49367024119401,2,60,0.5,12.0,800,800,0.9,B
0.9,0.045,3.479349186483104,3.440074313889433,3.505880200837642,2.4854676288430393,0.35967826343759796,111.88270764410436,2,60,0.5,12.0,800,800,0.9,B
0.9,0.05,3.709637046307885,3.6759576654268082,3.7567143106576255,2.6623405748062985,0.3964861986506394,123.60124170381731,2,60,0.5,12.0,800,800,0.9,B
0.9,0.055,3.997496871088861,3.94686886583103,4.042197474143703,4.267252181710457,0.3338081160869009,132.49959686589554,2,60,0.5,12.0,800,800,0.9,B
0.9,0.06,4.472465581977472,4.407009660549738,4.523736278304917,12.041504623636188,0.46353709723858977,142.87963702645294,2,60,0.5,12.0,800,800,0.9,B
