beta,month,obs_monthly,obs_cumulative,abm_mean_monthly,abm_sd_monthly,abm_mean_cumulative,abm_sd_cumulative,sigma_used,residual_cumulative
0.036,1,5.0,5.0,6.24,2.2274722564066254,6.24,2.2274722564066254,2.2274722564066254,-1.2400000000000002
0.036,2,2.0,7.0,2.76,1.4078497136862762,9.0,2.531435020952764,2.531435020952764,-2.0
0.036,3,0.0,7.0,1.46,1.6562805638304308,10.46,3.21482535152632,3.21482535152632,-3.460000000000001
0.036,4,2.0,9.0,1.54,1.8866880602618692,12.0,4.375255094603872,4.375255094603872,-3.0
0.036,5,1.0,10.0,1.9,2.340852801167706,13.9,6.051648451421467,6.051648451421467,-3.9000000000000004
0.036,6,1.0,11.0,2.2,2.6108095546424375,16.1,7.851296526234196,7.851296526234196,-5.100000000000001
0.036,7,2.0,13.0,2.54,2.9499913524605184,18.64,10.231523915461132,10.231523915461132,-5.640000000000001
0.036,8,2.0,15.0,1.3,1.843355414366277,19.94,11.511148101394793,11.511148101394793,-4.940000000000001
0.036,9,6.0,21.0,0.58,1.2136973364433963,20.52,12.020798302805629,12.020798302805629,0.4800000000000004
0.036,10,1.0,22.0,0.48,0.9739463170891034,21.0,12.368491898236208,12.368491898236208,1.0
0.036,11,1.0,23.0,0.7,1.3887301496588274,21.7,13.093463083164975,13.093463083164975,1.3000000000000007
0.036,12,0.0,23.0,0.8,1.5252968931473305,22.5,14.017845768876187,14.017845768876187,0.5
0.036,13,2.0,25.0,0.9,1.7291026338443152,23.4,15.071259308460496,15.071259308460496,1.6000000000000014
0.036,14,1.0,26.0,0.28,0.7835033829029764,23.68,15.49251300414731,15.49251300414731,2.3200000000000003
0.036,15,1.0,27.0,0.06,0.3136356914300021,23.74,15.558723519332181,15.558723519332181,3.2600000000000016
0.036,16,2.0,29.0,0.06,0.23989793748209526,23.8,15.623112130848364,15.623112130848364,5.199999999999999
0.036,17,5.0,34.0,0.06,0.31363569143000214,23.86,15.679194585728657,15.679194585728657,10.14
0.036,18,2.0,36.0,0.2,0.6998542122237649,24.06,15.873749348132813,15.873749348132813,11.940000000000001
0.036,19,2.0,38.0,0.22,0.8154127538760195,24.28,16.119502701601522,16.119502701601522,13.719999999999999
0.037,1,5.0,5.0,6.26,2.2750644754263427,6.26,2.2750644754263427,2.2750644754263427,-1.2599999999999998
0.037,2,2.0,7.0,2.44,1.5004761149143861,8.7,2.6049403612586386,2.6049403612586386,-1.6999999999999993
0.037,3,0.0,7.0,1.26,1.5360962980017543,9.96,3.410428185457548,3.410428185457548,-2.960000000000001
0.037,4,2.0,9.0,1.24,1.393278324598469,11.2,4.252250304610634,4.252250304610634,-2.1999999999999993
0.037,5,1.0,10.0,1.78,2.1023796041628637,12.98,5.7374174663931745,5.7374174663931745,-2.9800000000000004
0.037,6,1.0,11.0,2.42,2.5240880349471304,15.4,7.777518622180686,7.777518622180686,-4.4
0.037,7,2.0,13.0,2.12,2.6545302055627276,17.52,9.899989692841467,9.899989692841467,-4.52
0.037,8,2.0,15.0,0.94,1.1677643038677605,18.46,10.747966110395216,10.747966110395216,-3.460000000000001
0.037,9,6.0,21.0,0.4,0.9258200997725513,18.86,11.199508006686576,11.199508006686576,2.1400000000000006
0.037,10,1.0,22.0,0.64,1.6258121989093477,19.5,12.135712183637251,12.135712183637251,2.5
0.037,11,1.0,23.0,0.62,1.4269991347622621,20.12,12.938851477276502,12.938851477276502,2.879999999999999
0.037,12,0.0,23.0,0.68,1.4630133845133841,20.8,13.907860059281996,13.907860059281996,2.1999999999999993
0.037,13,2.0,25.0,0.88,1.92343230625221,21.68,15.151533902276586,15.151533902276586,3.3200000000000003
0.037,14,1.0,26.0,0.34,0.8233827686279751,22.02,15.778427536044397,15.778427536044397,3.9800000000000004
0.037,15,1.0,27.0,0.22,0.6788345354580987,22.24,16.077059331068412,16.077059331068412,4.760000000000002
0.037,16,2.0,29.0,0.14,0.4952838806674207,22.38,16.355601923674783,16.355601923674783,6.620000000000001
0.037,17,5.0,34.0,0.3,0.8390957231764817,22.68,16.69710961177877,16.69710961177877,11.32
0.037,18,2.0,36.0,0.32,0.8191583535332257,23.0,17.154757774032085,17.154757774032085,13.0
0.037,19,2.0,38.0,0.34,0.9391702807939203,23.34,17.77708913065307,17.77708913065307,14.66
0.0375,1,5.0,5.0,6.62,2.3980434201444223,6.62,2.3980434201444223,2.3980434201444223,-1.62
0.0375,2,2.0,7.0,3.6,1.7379321515137773,10.22,2.779590338337575,2.779590338337575,-3.2200000000000006
0.0375,3,0.0,7.0,1.5,1.9820624179302297,11.72,3.8441049487680288,3.8441049487680288,-4.720000000000001
0.0375,4,2.0,9.0,1.7,1.9298937265866132,13.42,5.107377616982024,5.107377616982024,-4.42
0.0375,5,1.0,10.0,2.2,2.449489742783178,15.62,6.766936424367276,6.766936424367276,-5.619999999999999
0.0375,6,1.0,11.0,2.54,2.5810138808346665,18.16,8.88557648032783,8.88557648032783,-7.16
0.0375,7,2.0,13.0,2.94,3.006184102336858,21.1,11.021778070562604,11.021778070562604,-8.100000000000001
0.0375,8,2.0,15.0,1.34,1.623928217977278,22.44,12.12209990564543,12.12209990564543,-7.440000000000001
0.0375,9,6.0,21.0,0.46,0.9733174912511897,22.9,12.565339434414053,12.565339434414053,-1.8999999999999986
0.0375,10,1.0,22.0,0.8,1.4846149779161808,23.7,13.16806588621402,13.16806588621402,-1.6999999999999993
0.0375,11,1.0,23.0,0.84,1.3606721028332183,24.54,13.80654976185327,13.80654976185327,-1.5399999999999991
0.0375,12,0.0,23.0,1.06,2.014336372210005,25.6,14.641289114650238,14.641289114650238,-2.6000000000000014
0.0375,13,2.0,25.0,1.58,2.7036634254964773,27.18,16.248943450738757,16.248943450738757,-2.1799999999999997
0.0375,14,1.0,26.0,0.56,1.2642655365621478,27.74,16.887152464739188,16.887152464739188,-1.7399999999999984
0.0375,15,1.0,27.0,0.22,1.0358866851590458,27.96,17.34753996557272,17.34753996557272,-0.9600000000000009
0.0375,16,2.0,29.0,0.1,0.3642156795423417,28.06,17.527133483923297,17.527133483923297,0.9400000000000013
0.0375,17,5.0,34.0,0.22,0.8154127538760196,28.28,17.840609488993795,17.840609488993795,5.719999999999999
0.0375,18,2.0,36.0,0.16,0.5841442371503106,28.44,18.154844184044624,18.154844184044624,7.559999999999999
0.0375,19,2.0,38.0,0.2,0.7284313590846833,28.64,18.58983703038643,18.58983703038643,9.36
0.03775,1,5.0,5.0,7.66,2.3352664489850192,7.66,2.3352664489850192,2.3352664489850192,-2.66
0.03775,2,2.0,7.0,2.9,1.8653664081715138,10.56,3.3083691031154583,3.3083691031154583,-3.5600000000000005
0.03775,3,0.0,7.0,1.36,1.8489931071272507,11.92,4.09000773413769,4.09000773413769,-4.92
0.03775,4,2.0,9.0,1.42,1.8961830618591742,13.34,5.355180593002768,5.355180593002768,-4.34
0.03775,5,1.0,10.0,1.74,1.9146055169967222,15.08,6.766785629462636,6.766785629462636,-5.08
0.03775,6,1.0,11.0,2.1,2.340852801167706,17.18,7.95571928789315,7.95571928789315,-6.18
0.03775,7,2.0,13.0,2.66,3.0345628068259565,19.84,10.08607850414802,10.08607850414802,-6.84
0.03775,8,2.0,15.0,1.18,1.5608736433844488,21.02,11.1455857465031,11.1455857465031,-6.02
0.03775,9,6.0,21.0,0.68,1.3315634511692627,21.7,11.891087384409952,11.891087384409952,-0.6999999999999993
0.03775,10,1.0,22.0,0.7,1.2494896917525642,22.4,12.404739054909948,12.404739054909948,-0.3999999999999986
0.03775,11,1.0,23.0,0.92,1.6517152494622445,23.32,13.250244510643444,13.250244510643444,-0.3200000000000003
0.03775,12,0.0,23.0,0.98,1.6841397004441891,24.3,14.283214066925998,14.283214066925998,-1.3000000000000007
0.03775,13,2.0,25.0,1.26,2.2388955002912687,25.56,15.805139954444941,15.805139954444941,-0.5599999999999987
0.03775,14,1.0,26.0,0.56,1.109513590797006,26.12,16.378981055247706,16.378981055247706,-0.120000000000001
0.03775,15,1.0,27.0,0.26,0.9858177999477783,26.38,16.832779003467962,16.832779003467962,0.620000000000001
0.03775,16,2.0,29.0,0.2,0.5714285714285711,26.58,17.17507686463506,17.17507686463506,2.4200000000000017
0.03775,17,5.0,34.0,0.26,0.7507819053411952,26.84,17.559647618611137,17.559647618611137,7.16
0.03775,18,2.0,36.0,0.46,1.181662612852012,27.3,18.31498772891219,18.31498772891219,8.7
0.03775,19,2.0,38.0,0.42,1.4581229197086205,27.72,19.2152575431343,19.2152575431343,10.280000000000001
0.03787,1,5.0,5.0,6.8,2.1189138534559038,6.8,2.1189138534559038,2.1189138534559038,-1.7999999999999998
0.03787,2,2.0,7.0,3.1,1.8322507626258087,9.9,2.808514750191071,2.808514750191071,-2.9000000000000004
0.03787,3,0.0,7.0,1.16,1.3303367687797503,11.06,3.346701086632224,3.346701086632224,-4.0600000000000005
0.03787,4,2.0,9.0,1.66,1.9857656725108446,12.72,4.314380320627797,4.314380320627797,-3.7200000000000006
0.03787,5,1.0,10.0,2.4,2.4243661069253055,15.12,5.87502496738073,5.87502496738073,-5.119999999999999
0.03787,6,1.0,11.0,2.38,2.4568936750727017,17.5,7.749259345780296,7.749259345780296,-6.5
0.03787,7,2.0,13.0,2.76,3.2360217450897744,20.26,10.446774719539821,10.446774719539821,-7.260000000000002
0.03787,8,2.0,15.0,1.44,1.7746514460879468,21.7,11.954420239614555,11.954420239614555,-6.699999999999999
0.03787,9,6.0,21.0,0.48,0.9946797248873841,22.18,12.590391542111528,12.590391542111528,-1.1799999999999997
0.03787,10,1.0,22.0,0.76,1.4365491531401757,22.94,13.659727788843602,13.659727788843602,-0.9400000000000013
0.03787,11,1.0,23.0,0.84,1.7769499206247106,23.78,14.990187266532537,14.990187266532537,-0.7800000000000011
0.03787,12,0.0,23.0,1.32,2.298535469842145,25.1,16.699321750860886,16.699321750860886,-2.1000000000000014
0.03787,13,2.0,25.0,1.4,2.777460299317653,26.5,18.92007895742251,18.92007895742251,-1.5
0.03787,14,1.0,26.0,0.72,1.2942573317607,27.22,19.86412004862341,19.86412004862341,-1.2199999999999989
0.03787,15,1.0,27.0,0.26,0.8283250865328127,27.48,20.2547449719208,20.2547449719208,-0.4800000000000004
0.03787,16,2.0,29.0,0.24,0.6565214453186321,27.72,20.602199208941215,20.602199208941215,1.2800000000000011
0.03787,17,5.0,34.0,0.5,1.164964745021435,28.22,21.32000114867708,21.32000114867708,5.780000000000001
0.03787,18,2.0,36.0,0.58,1.654801301346713,28.8,22.414463260700806,22.414463260700806,7.199999999999999
0.03787,19,2.0,38.0,0.7,1.729102633844315,29.5,23.544356748356442,23.544356748356442,8.5
0.03794,1,5.0,5.0,7.04,2.3643612417802515,7.04,2.3643612417802515,2.3643612417802515,-2.04
0.03794,2,2.0,7.0,3.12,2.036804219499613,10.16,3.1838880095164868,3.1838880095164868,-3.16
0.03794,3,0.0,7.0,1.66,1.6239282179772776,11.82,3.783368545492286,3.783368545492286,-4.82
0.03794,4,2.0,9.0,2.26,2.380276094429864,14.08,5.3293182165321324,5.3293182165321324,-5.08
0.03794,5,1.0,10.0,2.12,2.300310538042325,16.2,7.018924855164713,7.018924855164713,-6.199999999999999
0.03794,6,1.0,11.0,2.46,2.5006937812845265,18.66,8.950225171035916,8.950225171035916,-7.66
0.03794,7,2.0,13.0,2.68,2.930765728457674,21.34,11.352622640444212,11.352622640444212,-8.34
0.03794,8,2.0,15.0,1.4,1.5518257844571735,22.74,12.369828335964268,12.369828335964268,-7.739999999999998
0.03794,9,6.0,21.0,0.5,1.0926470386270253,23.24,12.724009123042364,12.724009123042364,-2.2399999999999984
0.03794,10,1.0,22.0,0.76,1.5851350293348803,24.0,13.318699452350474,13.318699452350474,-2.0
0.03794,11,1.0,23.0,0.82,1.6123249786363456,24.82,14.088191610605776,14.088191610605776,-1.8200000000000003
0.03794,12,0.0,23.0,0.9,1.7871422861709725,25.72,15.078082485136212,15.078082485136212,-2.719999999999999
0.03794,13,2.0,25.0,1.22,2.5013465761220606,26.94,16.687291999773787,16.687291999773787,-1.9400000000000013
0.03794,14,1.0,26.0,0.52,1.249326349090025,27.46,17.52224242475365,17.52224242475365,-1.4600000000000009
0.03794,15,1.0,27.0,0.16,0.5095015571464863,27.62,17.684179485676815,17.684179485676815,-0.620000000000001
0.03794,16,2.0,29.0,0.42,1.2950455038889013,28.04,18.31466458266463,18.31466458266463,0.9600000000000009
0.03794,17,5.0,34.0,0.22,0.6480740698407863,28.26,18.614028065314784,18.614028065314784,5.739999999999998
0.03794,18,2.0,36.0,0.32,1.0961900624714793,28.58,19.06389899516778,19.06389899516778,7.420000000000002
0.03794,19,2.0,38.0,0.48,1.460220838763502,29.06,20.02285428897566,20.02285428897566,8.940000000000001
0.03797,1,5.0,5.0,6.74,2.097714986185041,6.74,2.097714986185041,2.097714986185041,-1.7400000000000002
0.03797,2,2.0,7.0,2.88,1.685956399077935,9.62,2.8847947615604355,2.8847947615604355,-2.619999999999999
0.03797,3,0.0,7.0,1.3,1.3439205515876271,10.92,3.397718322038831,3.397718322038831,-3.92
0.03797,4,2.0,9.0,2.04,2.02997939066647,12.96,4.458241622809035,4.458241622809035,-3.960000000000001
0.03797,5,1.0,10.0,2.1,2.072659732649558,15.06,5.697869275941165,5.697869275941165,-5.0600000000000005
0.03797,6,1.0,11.0,2.48,2.4927650412785414,17.54,7.459304558053378,7.459304558053378,-6.539999999999999
0.03797,7,2.0,13.0,3.08,2.505829937060651,20.62,9.198247392957029,9.198247392957029,-7.620000000000001
0.03797,8,2.0,15.0,1.52,1.764039890335215,22.14,10.511432066166469,10.511432066166469,-7.140000000000001
0.03797,9,6.0,21.0,0.5,0.9741558354989898,22.64,11.000482364191942,11.000482364191942,-1.6400000000000006
0.03797,10,1.0,22.0,0.86,1.5119928733230161,23.5,11.884220373148212,11.884220373148212,-1.5
0.03797,11,1.0,23.0,1.0,2.040408122440814,24.5,13.276110199934932,13.276110199934932,-1.5
0.03797,12,0.0,23.0,0.84,1.5031938786246755,25.34,14.313701157154515,14.313701157154515,-2.34
0.03797,13,2.0,25.0,1.52,2.5653897344840066,26.86,16.361989300740635,16.361989300740635,-1.8599999999999994
0.03797,14,1.0,26.0,0.56,0.9722685444099174,27.42,17.028295779168776,17.028295779168776,-1.4200000000000017
0.03797,15,1.0,27.0,0.12,0.5205962045225314,27.54,17.183535071428707,17.183535071428707,-0.5399999999999991
0.03797,16,2.0,29.0,0.14,0.6391959234627743,27.68,17.557416015543325,17.557416015543325,1.3200000000000003
0.03797,17,5.0,34.0,0.24,1.0984218735280622,27.92,18.21284588146621,18.21284588146621,6.079999999999998
0.03797,18,2.0,36.0,0.26,1.4400963686574617,28.18,19.14252664959911,19.14252664959911,7.82
0.03797,19,2.0,38.0,0.26,1.3218725123004524,28.44,20.06332830955878,20.06332830955878,9.559999999999999
0.03798,1,5.0,5.0,7.1,2.2246302146282053,7.1,2.2246302146282053,2.2246302146282053,-2.0999999999999996
0.03798,2,2.0,7.0,3.2,1.818274580193979,10.3,2.793943887943992,2.793943887943992,-3.3000000000000007
0.03798,3,0.0,7.0,1.34,1.7912485669419058,11.64,3.7074662672031127,3.7074662672031127,-4.640000000000001
0.03798,4,2.0,9.0,1.64,2.2293039089292765,13.28,5.310905222814118,5.310905222814118,-4.279999999999999
0.03798,5,1.0,10.0,1.8,2.7994168488950613,15.08,7.711216320585043,7.711216320585043,-5.08
0.03798,6,1.0,11.0,2.32,2.937720899206161,17.4,10.22601723895616,10.22601723895616,-6.399999999999999
0.03798,7,2.0,13.0,2.8,3.6922422809485957,20.2,13.657621031676708,13.657621031676708,-7.199999999999999
0.03798,8,2.0,15.0,1.34,1.7215323027430407,21.54,14.983269581334334,14.983269581334334,-6.539999999999999
0.03798,9,6.0,21.0,0.44,0.972268544409918,21.98,15.644637863419883,15.644637863419883,-0.9800000000000004
0.03798,10,1.0,22.0,0.48,1.0736168130317683,22.46,16.409566647264647,16.409566647264647,-0.46000000000000085
0.03798,11,1.0,23.0,0.68,1.544443628770238,23.14,17.59175363397201,17.59175363397201,-0.14000000000000057
0.03798,12,0.0,23.0,0.78,1.9090546864661486,23.92,19.235214305740268,19.235214305740268,-0.9200000000000017
0.03798,13,2.0,25.0,0.88,1.791590332181815,24.8,20.740377655822048,20.740377655822048,0.1999999999999993
0.03798,14,1.0,26.0,0.5,1.1293848786315641,25.3,21.346748545607312,21.346748545607312,0.6999999999999993
0.03798,15,1.0,27.0,0.08,0.2740475156178699,25.38,21.37602127886024,21.37602127886024,1.620000000000001
0.03798,16,2.0,29.0,0.28,0.7835033829029763,25.66,21.84230121688142,21.84230121688142,3.34
0.03798,17,5.0,34.0,0.16,0.4218520874352399,25.82,21.88717824271944,21.88717824271944,8.18
0.03798,18,2.0,36.0,0.28,0.6712765785411842,26.1,22.2125630935215,22.2125630935215,9.899999999999999
0.03798,19,2.0,38.0,0.2,0.7559289460184542,26.3,22.392828662547394,22.392828662547394,11.7
0.038,1,5.0,5.0,6.32,2.2355203019449768,6.32,2.2355203019449768,2.2355203019449768,-1.3200000000000003
0.038,2,2.0,7.0,3.02,1.9845320221500018,9.34,3.4381414058369693,3.4381414058369693,-2.34
0.038,3,0.0,7.0,1.18,1.3505856628341133,10.52,3.934359372689458,3.934359372689458,-3.5199999999999996
0.038,4,2.0,9.0,1.32,1.6467655372559504,11.84,4.765351133817048,4.765351133817048,-2.84
0.038,5,1.0,10.0,1.68,1.7076060339981642,13.52,5.736528140089685,5.736528140089685,-3.5199999999999996
0.038,6,1.0,11.0,2.06,2.2804403441584054,15.58,7.359819208072315,7.359819208072315,-4.58
0.038,7,2.0,13.0,2.7,2.894399941336402,18.28,9.551236697359123,9.551236697359123,-5.280000000000001
0.038,8,2.0,15.0,0.98,1.2695813225996504,19.26,10.229628836006174,10.229628836006174,-4.260000000000002
0.038,9,6.0,21.0,0.36,0.7216760537322908,19.62,10.54608932258778,10.54608932258778,1.379999999999999
0.038,10,1.0,22.0,0.38,0.8780776777502464,20.0,10.982360625018611,10.982360625018611,2.0
0.038,11,1.0,23.0,0.58,1.2136973364433963,20.58,11.623498366916662,11.623498366916662,2.4200000000000017
0.038,12,0.0,23.0,0.56,1.1277573917708887,21.14,12.345386645568109,12.345386645568109,1.8599999999999994
0.038,13,2.0,25.0,0.92,1.8388106182518946,22.06,13.450453296359605,13.450453296359605,2.9400000000000013
0.038,14,1.0,26.0,0.38,0.8302937763840224,22.44,13.89047537424292,13.89047537424292,3.5599999999999987
0.038,15,1.0,27.0,0.08,0.44446711960297225,22.52,14.055632903805172,14.055632903805172,4.48
0.038,16,2.0,29.0,0.08,0.3404678653660855,22.6,14.166646658649334,14.166646658649334,6.399999999999999
0.038,17,5.0,34.0,0.28,1.1612800818800906,22.88,14.502132144436347,14.502132144436347,11.120000000000001
0.038,18,2.0,36.0,0.28,1.0887176504718663,23.16,14.982111782702324,14.982111782702324,12.84
0.038,19,2.0,38.0,0.4,1.5386185163241433,23.56,15.740445757762426,15.740445757762426,14.440000000000001
0.03801,1,5.0,5.0,6.7,2.0228288940723282,6.7,2.0228288940723282,2.0228288940723282,-1.7000000000000002
0.03801,2,2.0,7.0,3.08,1.6762445878711578,9.78,2.7500649342983055,2.7500649342983055,-2.7799999999999994
0.03801,3,0.0,7.0,1.3,1.5939938288872428,11.08,3.2061166032241233,3.2061166032241233,-4.08
0.03801,4,2.0,9.0,1.6,1.7023393268304265,12.68,3.9612407868530997,3.9612407868530997,-3.6799999999999997
0.03801,5,1.0,10.0,2.0,2.3647064796066926,14.68,5.512286832381727,5.512286832381727,-4.68
0.03801,6,1.0,11.0,2.32,2.123147451789634,17.0,7.230886134196436,7.230886134196436,-6.0
0.03801,7,2.0,13.0,2.6,2.587252896610691,19.6,9.49543391879078,9.49543391879078,-6.600000000000001
0.03801,8,2.0,15.0,1.14,1.4287142785721427,20.74,10.277397431216897,10.277397431216897,-5.739999999999998
0.03801,9,6.0,21.0,0.34,0.745325569185462,21.08,10.395917566084117,10.395917566084117,-0.0799999999999983
0.03801,10,1.0,22.0,0.38,0.9874725519305972,21.46,10.614218419321379,10.614218419321379,0.5399999999999991
0.03801,11,1.0,23.0,0.54,1.091899673944078,22.0,10.845858797772747,10.845858797772747,1.0
0.03801,12,0.0,23.0,0.78,1.5686989279433492,22.78,11.505615310511184,11.505615310511184,0.21999999999999886
0.03801,13,2.0,25.0,0.92,1.770967681978484,23.7,12.403505100394412,12.403505100394412,1.3000000000000007
0.03801,14,1.0,26.0,0.28,0.6712765785411843,23.98,12.649901185384811,12.649901185384811,2.0199999999999996
0.03801,15,1.0,27.0,0.1,0.5802884574739978,24.08,12.753294892389373,12.753294892389373,2.9200000000000017
0.03801,16,2.0,29.0,0.2,0.7559289460184542,24.28,12.974134393681382,12.974134393681382,4.719999999999999
0.03801,17,5.0,34.0,0.28,1.0309496315810691,24.56,13.215884073217905,13.215884073217905,9.440000000000001
0.03801,18,2.0,36.0,0.38,1.1228607778930622,24.94,13.554741620855902,13.554741620855902,11.059999999999999
0.03801,19,2.0,38.0,0.58,1.5790723187223255,25.52,13.99014230208732,13.99014230208732,12.48
0.03802,1,5.0,5.0,7.04,2.258408325185086,7.04,2.258408325185086,2.258408325185086,-2.04
0.03802,2,2.0,7.0,3.08,1.9361227824111333,10.12,2.980480717287473,2.980480717287473,-3.119999999999999
0.03802,3,0.0,7.0,1.44,1.6308255077520382,11.56,3.6931265444700636,3.6931265444700636,-4.5600000000000005
0.03802,4,2.0,9.0,1.96,2.0400080031855823,13.52,4.957945591653454,4.957945591653454,-4.52
0.03802,5,1.0,10.0,2.18,2.144665903289996,15.7,6.652450829642886,6.652450829642886,-5.699999999999999
0.03802,6,1.0,11.0,2.72,2.828715725035166,18.42,8.999070246760075,8.999070246760075,-7.420000000000002
0.03802,7,2.0,13.0,3.42,3.130429976334672,21.84,11.542927863998344,11.542927863998344,-8.84
0.03802,8,2.0,15.0,1.78,1.961777619551061,23.62,12.972325330864775,12.972325330864775,-8.620000000000001
0.03802,9,6.0,21.0,0.52,0.9946797248873833,24.14,13.42250622906869,13.42250622906869,-3.1400000000000006
0.03802,10,1.0,22.0,0.66,1.271508825717522,24.8,13.978117008454351,13.978117008454351,-2.8000000000000007
0.03802,11,1.0,23.0,1.0,1.7142857142857144,25.8,14.714979179220675,14.714979179220675,-2.8000000000000007
0.03802,12,0.0,23.0,0.92,2.0686187839883368,26.72,15.82176233121033,15.82176233121033,-3.719999999999999
0.03802,13,2.0,25.0,1.18,2.2739877766081475,27.9,17.063207823398557,17.063207823398557,-2.8999999999999986
0.03802,14,1.0,26.0,0.44,0.8843307166024096,28.34,17.61679393565777,17.61679393565777,-2.34
0.03802,15,1.0,27.0,0.1,0.3642156795423417,28.44,17.719077692862978,17.719077692862978,-1.4400000000000013
0.03802,16,2.0,29.0,0.18,0.6288960200872894,28.62,17.92261141686668,17.92261141686668,0.379999999999999
0.03802,17,5.0,34.0,0.26,0.7507819053411946,28.88,18.121629876690317,18.121629876690317,5.120000000000001
0.03802,18,2.0,36.0,0.26,0.8283250865328126,29.14,18.296882750002716,18.296882750002716,6.859999999999999
0.03802,19,2.0,38.0,0.36,1.0644534862969812,29.5,18.571703294671337,18.571703294671337,8.5
0.03803,1,5.0,5.0,7.08,2.7093187636867886,7.08,2.7093187636867886,2.7093187636867886,-2.08
0.03803,2,2.0,7.0,2.72,1.7847425927704479,9.8,3.344199974491321,3.344199974491321,-2.8000000000000007
0.03803,3,0.0,7.0,1.28,1.7961409880573385,11.08,4.457692273829954,4.457692273829954,-4.08
0.03803,4,2.0,9.0,1.48,1.7870280881270733,12.56,5.831511863337405,5.831511863337405,-3.5600000000000005
0.03803,5,1.0,10.0,1.86,2.0801295093119085,14.42,7.404052944165108,7.404052944165108,-4.42
0.03803,6,1.0,11.0,2.34,2.5443815655322624,16.76,9.48803758123128,9.48803758123128,-5.760000000000002
0.03803,7,2.0,13.0,2.62,3.043158938756011,19.38,12.030386697094682,12.030386697094682,-6.379999999999999
0.03803,8,2.0,15.0,1.0,1.261680123761121,20.38,12.921884616448807,12.921884616448807,-5.379999999999999
0.03803,9,6.0,21.0,0.54,1.110432899589073,20.92,13.027192909527395,13.027192909527395,0.0799999999999983
0.03803,10,1.0,22.0,0.86,1.7024592056606742,21.78,13.696849034335882,13.696849034335882,0.21999999999999886
0.03803,11,1.0,23.0,0.88,1.5732457026212803,22.66,14.397576326647227,14.397576326647227,0.33999999999999986
0.03803,12,0.0,23.0,1.16,1.931056599853234,23.82,15.525738997824593,15.525738997824593,-0.8200000000000003
0.03803,13,2.0,25.0,1.74,3.2059256360173847,25.56,17.357184009357447,17.357184009357447,-0.5599999999999987
0.03803,14,1.0,26.0,0.6,1.2289036095775179,26.16,17.923146589632896,17.923146589632896,-0.16000000000000014
0.03803,15,1.0,27.0,0.24,0.7969328960560778,26.4,18.16253151464322,18.16253151464322,0.6000000000000014
0.03803,16,2.0,29.0,0.32,1.0961900624714789,26.72,18.464571702676057,18.464571702676057,2.280000000000001
0.03803,17,5.0,34.0,0.42,1.4010200365651961,27.14,19.07023538268525,19.07023538268525,6.859999999999999
0.03803,18,2.0,36.0,0.4,1.1780301787479028,27.54,19.55652195612523,19.55652195612523,8.46
0.03803,19,2.0,38.0,0.5,1.2330483215451478,28.04,20.175717876614325,20.175717876614325,9.96
0.03806,1,5.0,5.0,7.52,1.9403344967256733,7.52,1.9403344967256733,1.9403344967256733,-2.5199999999999996
0.03806,2,2.0,7.0,3.08,1.38269184372147,10.6,2.4074713637646745,2.4074713637646745,-3.5999999999999996
0.03806,3,0.0,7.0,1.02,1.5842335428740761,11.62,2.961590857657969,2.961590857657969,-4.619999999999999
0.03806,4,2.0,9.0,1.52,1.7984119979264244,13.14,3.7850942888533443,3.7850942888533443,-4.140000000000001
0.03806,5,1.0,10.0,1.62,1.8723552776421164,14.76,5.097258166536843,5.097258166536843,-4.76
0.03806,6,1.0,11.0,1.7,2.233785110158841,16.46,6.845853802537292,6.845853802537292,-5.460000000000001
0.03806,7,2.0,13.0,2.6,3.1493439550069433,19.06,9.49201597907098,9.49201597907098,-6.059999999999999
0.03806,8,2.0,15.0,0.86,1.2937841980100115,19.92,10.403766978692802,10.403766978692802,-4.920000000000002
0.03806,9,6.0,21.0,0.42,0.9278018789216869,20.34,10.809311934151774,10.809311934151774,0.6600000000000001
0.03806,10,1.0,22.0,0.48,0.9739463170891037,20.82,11.079840122621677,11.079840122621677,1.1799999999999997
0.03806,11,1.0,23.0,0.66,1.334166406412633,21.48,11.597395907561951,11.597395907561951,1.5199999999999996
0.03806,12,0.0,23.0,0.6,1.1952286093343933,22.08,12.0472538999812,12.0472538999812,0.9200000000000017
0.03806,13,2.0,25.0,0.86,1.6904292414674336,22.94,13.03121840279045,13.03121840279045,2.0599999999999987
0.03806,14,1.0,26.0,0.36,0.8750510189207745,23.3,13.540943204117756,13.540943204117756,2.6999999999999993
0.03806,15,1.0,27.0,0.22,0.6157789160643518,23.52,13.83760035820768,13.83760035820768,3.4800000000000004
0.03806,16,2.0,29.0,0.34,0.981668716720542,23.86,14.331369901907706,14.331369901907706,5.140000000000001
0.03806,17,5.0,34.0,0.38,1.1933489148832634,24.24,15.004162687707158,15.004162687707158,9.760000000000002
0.03806,18,2.0,36.0,0.38,1.1761229978715868,24.62,15.721933204077333,15.721933204077333,11.379999999999999
0.03806,19,2.0,38.0,0.52,1.4602208387635012,25.14,16.70513791182405,16.70513791182405,12.86
0.03813,1,5.0,5.0,7.04,1.806563995375684,7.04,1.806563995375684,1.806563995375684,-2.04
0.03813,2,2.0,7.0,3.38,1.8832234631728915,10.42,2.2775747932341344,2.2775747932341344,-3.42
0.03813,3,0.0,7.0,1.18,1.4097329317198732,11.6,2.9137254363387344,2.9137254363387344,-4.6
0.03813,4,2.0,9.0,1.24,1.8245491475530973,12.84,3.9659777598767163,3.9659777598767163,-3.84
0.03813,5,1.0,10.0,1.72,2.222702895860198,14.56,5.700554931812538,5.700554931812538,-4.5600000000000005
0.03813,6,1.0,11.0,1.84,2.271024222770018,16.4,7.711639757866161,7.711639757866161,-5.399999999999999
0.03813,7,2.0,13.0,2.24,3.0139810272549936,18.64,10.229529085257173,10.229529085257173,-5.640000000000001
0.03813,8,2.0,15.0,0.94,1.3910794516548388,19.58,11.199653784736348,11.199653784736348,-4.579999999999998
0.03813,9,6.0,21.0,0.36,0.7494215456345145,19.94,11.486300624692719,11.486300624692719,1.0599999999999987
0.03813,10,1.0,22.0,0.48,1.1821806208901267,20.42,12.150568979706764,12.150568979706764,1.5799999999999983
0.03813,11,1.0,23.0,0.6,1.2289036095775179,21.02,12.859507719019037,12.859507719019037,1.9800000000000004
0.03813,12,0.0,23.0,0.76,1.7444957168541413,21.78,13.971238678230419,13.971238678230419,1.2199999999999989
0.03813,13,2.0,25.0,0.84,1.8110770276274837,22.62,15.250145532928864,15.250145532928864,2.379999999999999
0.03813,14,1.0,26.0,0.44,1.0528871870107597,23.06,15.849303081311342,15.849303081311342,2.9400000000000013
0.03813,15,1.0,27.0,0.1,0.36421567954234163,23.16,15.935277255965453,15.935277255965453,3.84
0.03813,16,2.0,29.0,0.08,0.3404678653660854,23.24,16.004540172165182,16.004540172165182,5.760000000000002
0.03813,17,5.0,34.0,0.1,0.3642156795423415,23.34,16.02244599024144,16.02244599024144,10.66
0.03813,18,2.0,36.0,0.28,1.0309496315810702,23.62,16.19887877198257,16.19887877198257,12.379999999999999
0.03813,19,2.0,38.0,0.32,1.3161477492892601,23.94,16.549751832407814,16.549751832407814,14.059999999999999
0.03825,1,5.0,5.0,7.12,2.438132440192363,7.12,2.438132440192363,2.438132440192363,-2.12
0.03825,2,2.0,7.0,3.46,1.7636927864279426,10.58,3.1173641403713925,3.1173641403713925,-3.58
0.03825,3,0.0,7.0,1.28,1.6040764397277942,11.86,3.8704004960727256,3.8704004960727256,-4.859999999999999
0.03825,4,2.0,9.0,1.76,2.005706145689628,13.62,5.050318236083177,5.050318236083177,-4.619999999999999
0.03825,5,1.0,10.0,2.2,2.3989793748209527,15.82,6.903681360443182,6.903681360443182,-5.82
0.03825,6,1.0,11.0,2.08,2.1650281611968727,17.9,8.760416540278417,8.760416540278417,-6.899999999999999
0.03825,7,2.0,13.0,2.62,2.9753408311022937,20.52,11.324958890766492,11.324958890766492,-7.52
0.03825,8,2.0,15.0,1.38,1.7366399648018407,21.9,12.60911558827055,12.60911558827055,-6.899999999999999
0.03825,9,6.0,21.0,0.72,1.050558646334299,22.62,13.103808450918661,13.103808450918661,-1.620000000000001
0.03825,10,1.0,22.0,0.86,1.6661087501561644,23.48,14.039652301061233,14.039652301061233,-1.4800000000000004
0.03825,11,1.0,23.0,1.04,1.5512996526283682,24.52,15.037694135004847,15.037694135004847,-1.5199999999999996
0.03825,12,0.0,23.0,1.56,2.177435300943732,26.08,16.453819108805895,16.453819108805895,-3.0799999999999983
0.03825,13,2.0,25.0,1.62,2.5942636877604883,27.7,18.134700078544878,18.134700078544878,-2.6999999999999993
0.03825,14,1.0,26.0,0.76,1.2866663141940236,28.46,19.1228146677294,19.1228146677294,-2.460000000000001
0.03825,15,1.0,27.0,0.34,1.0615737258948172,28.8,19.765977778774833,19.765977778774833,-1.8000000000000007
0.03825,16,2.0,29.0,0.34,1.1358715075362413,29.14,20.376066392526628,20.376066392526628,-0.14000000000000057
0.03825,17,5.0,34.0,0.42,1.1082252773268269,29.56,21.037536908670496,21.037536908670496,4.440000000000001
0.03825,18,2.0,36.0,0.44,1.2961481396815724,30.0,21.864144536810276,21.864144536810276,6.0
0.03825,19,2.0,38.0,0.56,1.5407392871671721,30.56,22.823332136125924,22.823332136125924,7.440000000000001
0.0385,1,5.0,5.0,7.42,2.3394574637060184,7.42,2.3394574637060184,2.3394574637060184,-2.42
0.0385,2,2.0,7.0,3.16,1.5167096502842279,10.58,2.696104521682484,2.696104521682484,-3.58
0.0385,3,0.0,7.0,0.94,1.2682946931101737,11.52,3.0387967543561896,3.0387967543561896,-4.52
0.0385,4,2.0,9.0,1.08,1.2910998317365716,12.6,3.4699879432831775,3.4699879432831775,-3.5999999999999996
0.0385,5,1.0,10.0,1.34,1.685593215991308,13.94,4.4785657325094785,4.4785657325094785,-3.9399999999999995
0.0385,6,1.0,11.0,1.66,2.036503606374295,15.6,6.003400396985912,6.003400396985912,-4.6
0.0385,7,2.0,13.0,2.0,2.424366106925306,17.6,7.881779556647841,7.881779556647841,-4.600000000000001
0.0385,8,2.0,15.0,1.02,1.4355543620952194,18.62,9.032571446646603,9.032571446646603,-3.620000000000001
0.0385,9,6.0,21.0,0.44,1.033322361144293,19.06,9.622274329144131,9.622274329144131,1.9400000000000013
0.0385,10,1.0,22.0,0.36,1.0253919111386496,19.42,9.936718137641764,9.936718137641764,2.5799999999999983
0.0385,11,1.0,23.0,0.66,1.3644165980598533,20.08,10.350667926786764,10.350667926786764,2.9200000000000017
0.0385,12,0.0,23.0,0.82,1.7342880677790575,20.9,11.225426677041398,11.225426677041398,2.1000000000000014
0.0385,13,2.0,25.0,0.88,1.5470841566492441,21.78,12.16097807559499,12.16097807559499,3.219999999999999
0.0385,14,1.0,26.0,0.34,0.9391702807939202,22.12,12.772163609400957,12.772163609400957,3.879999999999999
0.0385,15,1.0,27.0,0.18,0.6907552802135191,22.3,13.01372901428114,13.01372901428114,4.699999999999999
0.0385,16,2.0,29.0,0.28,1.0887176504718654,22.58,13.533164102021557,13.533164102021557,6.420000000000002
0.0385,17,5.0,34.0,0.26,0.7774894185250161,22.84,13.999067024306312,13.999067024306312,11.16
0.0385,18,2.0,36.0,0.38,1.176122997871587,23.22,14.74862843847951,14.74862843847951,12.780000000000001
0.0385,19,2.0,38.0,0.42,1.3715773728798237,23.64,15.629328788126086,15.629328788126086,14.36
0.039,1,5.0,5.0,7.56,2.2692262459045467,7.56,2.2692262459045467,2.2692262459045467,-2.5599999999999996
0.039,2,2.0,7.0,3.36,1.410745930928972,10.92,2.648372623144336,2.648372623144336,-3.92
0.039,3,0.0,7.0,1.32,1.544443628770238,12.24,3.1658896289758967,3.1658896289758967,-5.24
0.039,4,2.0,9.0,1.66,2.172274271404069,13.9,4.371755356599815,4.371755356599815,-4.9
0.039,5,1.0,10.0,1.98,2.325458041341709,15.88,6.0225426862881815,6.0225426862881815,-5.880000000000001
0.039,6,1.0,11.0,2.36,2.4806187509883704,18.24,8.059877955221234,8.059877955221234,-7.239999999999998
0.039,7,2.0,13.0,3.0,3.0572763655760995,21.24,10.603349490050928,10.603349490050928,-8.239999999999998
0.039,8,2.0,15.0,1.38,1.5764853701982073,22.62,11.70886634223861,11.70886634223861,-7.620000000000001
0.039,9,6.0,21.0,0.92,1.6142225019229186,23.54,12.54739585958548,12.54739585958548,-2.539999999999999
0.039,10,1.0,22.0,0.94,1.7889684634630392,24.48,13.483534932862161,13.483534932862161,-2.4800000000000004
0.039,11,1.0,23.0,1.38,2.4898979570927597,25.86,14.879118363172804,14.879118363172804,-2.8599999999999994
0.039,12,0.0,23.0,1.72,2.996869114558712,27.58,16.876611034209446,16.876611034209446,-4.579999999999998
0.039,13,2.0,25.0,1.56,2.5567836938510973,29.14,18.712660780054442,18.712660780054442,-4.140000000000001
0.039,14,1.0,26.0,0.86,1.5780380482208443,30.0,19.87203963320508,19.87203963320508,-4.0
0.039,15,1.0,27.0,0.26,0.6642473107178665,30.26,20.24020045072959,20.24020045072959,-3.2600000000000016
0.039,16,2.0,29.0,0.28,0.6074369035848368,30.54,20.581555047256884,20.581555047256884,-1.5399999999999991
0.039,17,5.0,34.0,0.54,1.215713446365331,31.08,21.1918736831853,21.1918736831853,2.9200000000000017
0.039,18,2.0,36.0,0.74,1.6011475476631614,31.82,21.836769216070365,21.836769216070365,4.18
0.039,19,2.0,38.0,0.86,2.1190101655331084,32.68,22.96620409672101,22.96620409672101,5.32
0.04,1,5.0,5.0,7.82,2.106258894488578,7.82,2.106258894488578,2.106258894488578,-2.8200000000000003
0.04,2,2.0,7.0,3.28,2.147993843338571,11.1,3.3150861102492266,3.3150861102492266,-4.1
0.04,3,0.0,7.0,1.94,2.0840502167947994,13.04,4.194067724969716,4.194067724969716,-6.039999999999999
0.04,4,2.0,9.0,2.0,2.2677868380553634,15.04,5.432179252249637,5.432179252249637,-6.039999999999999
0.04,5,1.0,10.0,2.28,2.5717460121521345,17.32,7.459933796281168,7.459933796281168,-7.32
0.04,6,1.0,11.0,2.68,3.0668736990157077,20.0,9.959100033104786,9.959100033104786,-9.0
0.04,7,2.0,13.0,3.62,3.784447227314252,23.62,12.94712953767383,12.94712953767383,-10.620000000000001
0.04,8,2.0,15.0,1.7,2.261027398763487,25.32,14.6975494278357,14.6975494278357,-10.32
0.04,9,6.0,21.0,0.6,1.0301575072754252,25.92,15.291507580406606,15.291507580406606,-4.920000000000002
0.04,10,1.0,22.0,0.94,1.5832026440872622,26.86,16.207846424318245,16.207846424318245,-4.859999999999999
0.04,11,1.0,23.0,1.18,1.9555259222656862,28.04,17.369877750324687,17.369877750324687,-5.039999999999999
0.04,12,0.0,23.0,1.5,2.4515717573900737,29.54,18.842212704240357,18.842212704240357,-6.539999999999999
0.04,13,2.0,25.0,1.92,3.069534299584634,31.46,20.943276160298577,20.943276160298577,-6.460000000000001
0.04,14,1.0,26.0,0.72,1.19591140208322,32.18,21.792799784538463,21.792799784538463,-6.18
0.04,15,1.0,27.0,0.24,0.7159979477795241,32.42,22.151694089175393,22.151694089175393,-5.420000000000002
0.04,16,2.0,29.0,0.62,1.6399352899130017,33.04,23.189512055835827,23.189512055835827,-4.039999999999999
0.04,17,5.0,34.0,0.58,1.604712448015633,33.62,24.16008683590287,24.16008683590287,0.38000000000000256
0.04,18,2.0,36.0,0.64,1.39620476832807,34.26,25.090700773516122,25.090700773516122,1.740000000000002
0.04,19,2.0,38.0,0.94,1.963025569816935,35.2,26.559136941964827,26.559136941964827,2.799999999999997
0.042,1,5.0,5.0,8.62,2.2757819916392226,8.62,2.2757819916392226,2.2757819916392226,-3.619999999999999
0.042,2,2.0,7.0,3.42,1.472052572264389,12.04,2.77716637262237,2.77716637262237,-5.039999999999999
0.042,3,0.0,7.0,1.22,1.5556349186104046,13.26,3.275200570272026,3.275200570272026,-6.26
0.042,4,2.0,9.0,1.62,2.328965786063218,14.88,4.631921186457195,4.631921186457195,-5.880000000000001
0.042,5,1.0,10.0,2.08,2.562205682450899,16.96,6.6053781427079,6.6053781427079,-6.960000000000001
0.042,6,1.0,11.0,2.72,3.0775023002693693,19.68,9.130437993830508,9.130437993830508,-8.68
0.042,7,2.0,13.0,3.74,3.900863326736474,23.42,12.3966585359581,12.3966585359581,-10.420000000000002
0.042,8,2.0,15.0,1.72,2.090210418076787,25.14,13.896130719721654,13.896130719721654,-10.14
0.042,9,6.0,21.0,0.5,1.0151907431108496,25.64,14.552873339962098,14.552873339962098,-4.640000000000001
0.042,10,1.0,22.0,0.7,1.4603605928757768,26.34,15.492736942166921,15.492736942166921,-4.34
0.042,11,1.0,23.0,1.04,1.9995917950768791,27.38,17.104588237531768,17.104588237531768,-4.379999999999999
0.042,12,0.0,23.0,1.1,2.3495548861997895,28.48,18.770624031465022,18.770624031465022,-5.48
0.042,13,2.0,25.0,1.56,2.9703294670553206,30.04,20.964459721838086,20.964459721838086,-5.039999999999999
0.042,14,1.0,26.0,0.74,1.3372222198670358,30.78,21.915691890068363,21.915691890068363,-4.780000000000001
0.042,15,1.0,27.0,0.24,0.6246631745450129,31.02,22.109643292704032,22.109643292704032,-4.02
0.042,16,2.0,29.0,0.4,1.0879675865519867,31.42,22.597715253845415,22.597715253845415,-2.4200000000000017
0.042,17,5.0,34.0,0.62,1.5371587890836593,32.04,23.479004950580592,23.479004950580592,1.9600000000000009
0.042,18,2.0,36.0,0.78,1.8326962405712741,32.82,24.52627911744745,24.52627911744745,3.1799999999999997
0.042,19,2.0,38.0,0.94,2.3247558572715477,33.76,25.905290610851157,25.905290610851157,4.240000000000002
