prob_transmission,day,patients,patient_C,patient_S,patient_isolated,patient_positive,patient_preinfection,hcws,hcw_C,goo,goo_C,beds,filled_beds,filled_sick_beds,empty_isolated_beds,daily_hcw_infections,cumulative_sick_patients,cumulative_sick_patients_by_HCW,cumulative_patients,move2isol,daily_discharges,daily_admissions,iteration
0.05,0,30.0,0.0,30.0,16.0,0.0,0.0,19.0,0.0,30.0,10.0,30.0,0.0,0.0,0.0,0.0,0.0,0.0,30.0,0.0,0.0,0.0,5.5
0.05,1,30.0,0.4,29.6,16.0,0.4,0.0,19.0,0.2,30.0,10.0,30.0,30.0,0.4,0.0,0.4,0.4,0.4,30.0,0.0,0.0,0.0,5.5
0.05,2,30.0,1.1,28.9,16.0,1.1,0.0,19.0,0.1,30.0,10.1,30.0,30.0,1.1,0.0,0.7,1.1,1.1,30.8,0.0,0.8,0.8,5.5
0.05,3,30.0,1.5,28.5,16.0,1.5,0.0,19.0,0.0,30.0,10.1,30.0,30.0,1.5,0.0,0.4,1.5,1.5,30.8,0.0,0.0,0.0,5.5
0.05,4,30.0,1.7,28.3,16.0,1.7,0.0,19.0,0.0,30.0,10.1,30.0,30.0,1.7,0.0,0.2,1.7,1.7,30.8,0.1,0.0,0.0,5.5
0.05,5,30.0,2.0,28.0,16.0,2.0,0.0,19.0,0.1,30.0,10.1,30.0,30.0,2.0,0.0,0.3,2.0,2.0,30.8,0.1,0.0,0.0,5.5
0.05,6,30.0,2.5,27.5,16.0,2.5,0.0,19.0,0.0,30.0,10.1,30.0,30.0,2.5,0.0,0.5,2.5,2.5,30.8,0.2,0.0,0.0,5.5
0.05,7,30.0,2.9,27.1,16.0,2.8,0.0,19.0,0.0,30.0,10.1,30.0,30.0,2.8,0.0,0.4,2.9,2.9,30.8,0.2,0.0,0.0,5.5
0.05,8,30.0,0.3,29.7,16.2,0.3,0.0,19.0,0.1,30.0,10.2,30.0,30.0,0.3,0.0,0.3,3.2,3.2,33.7,0.2,2.9,2.9,5.5
0.05,9,30.0,0.9,29.1,16.2,0.9,0.0,19.0,0.0,30.0,10.2,30.0,30.0,0.9,0.0,0.6,3.8,3.8,34.5,0.2,0.8,0.8,5.5
0.05,10,30.0,1.5,28.5,16.2,1.5,0.0,19.0,0.0,30.0,10.2,30.0,30.0,1.5,0.0,0.6,4.4,4.4,34.5,0.3,0.0,0.0,5.5
0.05,11,30.0,2.0,28.0,16.2,2.0,0.0,19.0,0.0,30.0,10.3,30.0,30.0,2.0,0.0,0.5,4.9,4.9,34.5,0.5,0.0,0.0,5.5
0.05,12,30.0,2.4,27.6,16.2,2.4,0.0,19.0,0.0,30.0,10.5,30.0,30.0,2.4,0.0,0.4,5.3,5.3,34.5,0.8,0.0,0.0,5.5
0.05,13,30.0,2.9,27.1,16.2,2.9,0.0,19.0,0.0,30.0,10.5,30.0,30.0,2.9,0.0,0.5,5.8,5.8,34.5,0.8,0.0,0.0,5.5
0.05,14,30.0,3.3,26.7,16.2,3.3,0.0,19.0,0.0,30.0,10.6,30.0,30.0,3.3,0.0,0.4,6.2,6.2,34.5,0.9,0.0,0.0,5.5
0.05,15,29.9,4.0,25.9,16.1,4.0,0.0,19.0,0.1,30.0,10.8,30.0,29.9,4.0,0.0,0.7,6.9,6.9,36.6,1.1,2.2,2.1,5.5
0.05,16,30.0,4.4,25.6,16.1,4.4,0.0,19.0,0.0,30.0,10.8,30.0,30.0,4.4,0.0,0.4,7.3,7.3,37.5,1.3,0.8,0.9,5.5
0.05,17,30.0,5.1,24.9,16.1,5.1,0.0,19.0,0.0,30.0,10.9,30.0,30.0,5.1,0.0,0.7,8.0,8.0,37.5,1.5,0.0,0.0,5.5
0.05,18,30.0,5.6,24.4,16.1,5.6,0.0,19.0,0.0,30.0,10.9,30.0,30.0,5.6,0.0,0.5,8.5,8.5,37.5,1.7,0.0,0.0,5.5
0.05,19,30.0,6.0,24.0,16.1,6.0,0.0,19.0,0.0,30.0,10.9,30.0,30.0,6.0,0.0,0.4,8.9,8.9,37.5,2.1,0.0,0.0,5.5
0.05,20,30.0,6.4,23.6,16.1,6.4,0.0,19.0,0.0,30.0,11.0,30.0,30.0,6.4,0.0,0.4,9.3,9.3,37.5,2.5,0.0,0.0,5.5
0.05,21,30.0,6.5,23.5,16.1,6.5,0.0,19.0,0.1,30.0,11.0,30.0,30.0,6.5,0.0,0.1,9.4,9.4,37.5,2.8,0.0,0.0,5.5
0.05,22,30.0,6.3,23.7,15.8,6.3,0.0,19.0,0.0,30.0,11.0,30.0,30.0,6.3,0.0,0.5,9.9,9.9,39.5,3.2,2.0,2.0,5.5
0.05,23,30.0,6.5,23.5,15.8,6.5,0.0,19.0,0.0,30.0,11.0,30.0,30.0,6.5,0.0,0.2,10.1,10.1,40.3,3.6,0.8,0.8,5.5
0.05,24,30.0,7.0,23.0,15.8,7.0,0.0,19.0,0.0,30.0,11.2,30.0,30.0,7.0,0.0,0.5,10.6,10.6,40.3,3.8,0.0,0.0,5.5
0.05,25,30.0,7.6,22.4,15.8,7.6,0.0,19.0,0.1,30.0,11.3,30.0,30.0,7.6,0.0,0.6,11.2,11.2,40.3,4.3,0.0,0.0,5.5
0.05,26,30.0,8.0,22.0,15.8,8.0,0.0,19.0,0.1,30.0,11.3,30.0,30.0,8.0,0.0,0.4,11.6,11.6,40.3,4.3,0.0,0.0,5.5
0.05,27,30.0,8.3,21.7,15.8,8.3,0.0,19.0,0.0,30.0,11.3,30.0,30.0,8.3,0.0,0.3,11.9,11.9,40.3,4.8,0.0,0.0,5.5
0.05,28,30.0,8.3,21.7,15.8,8.3,0.0,19.0,0.1,30.0,11.3,30.0,30.0,8.3,0.0,0.0,11.9,11.9,40.3,4.9,0.0,0.0,5.5
0.05,29,30.0,7.5,22.5,16.1,7.5,0.0,19.0,0.0,30.0,11.4,30.0,30.0,7.5,0.0,0.0,11.9,11.9,42.6,4.9,2.3,2.3,5.5
0.05,30,30.0,7.5,22.5,16.2,7.5,0.0,19.0,0.1,30.0,11.5,30.0,30.0,7.5,0.0,0.1,12.0,12.0,43.5,5.2,0.9,0.9,5.5
0.05,31,30.0,7.7,22.3,16.2,7.7,0.0,19.0,0.0,30.0,11.5,30.0,30.0,7.7,0.0,0.2,12.2,12.2,43.5,5.3,0.0,0.0,5.5
0.05,32,30.0,7.9,22.1,16.2,7.9,0.0,19.0,0.1,30.0,11.5,30.0,30.0,7.9,0.0,0.2,12.4,12.4,43.5,5.3,0.0,0.0,5.5
0.05,33,30.0,8.1,21.9,16.2,8.1,0.0,19.0,0.0,30.0,11.5,30.0,30.0,8.1,0.0,0.2,12.6,12.6,43.5,5.7,0.0,0.0,5.5
0.05,34,30.0,8.4,21.6,16.2,8.4,0.0,19.0,0.0,30.0,11.5,30.0,30.0,8.4,0.0,0.3,12.9,12.9,43.5,5.7,0.0,0.0,5.5
0.05,35,30.0,8.7,21.3,16.2,8.7,0.0,19.0,0.0,30.0,11.7,30.0,30.0,8.7,0.0,0.3,13.2,13.2,43.5,5.8,0.0,0.0,5.5
0.05,36,30.0,8.2,21.8,16.4,8.2,0.0,19.0,0.0,30.0,11.7,30.0,30.0,8.2,0.0,0.0,13.2,13.2,45.7,5.8,2.2,2.2,5.5
0.05,37,29.9,8.4,21.5,16.2,8.4,0.0,19.0,0.0,30.0,11.7,30.0,29.9,8.4,0.1,0.2,13.4,13.4,46.4,5.9,0.8,0.7,5.5
0.05,38,30.0,8.5,21.5,16.3,8.5,0.0,19.0,0.0,30.0,11.9,30.0,30.0,8.5,0.0,0.1,13.5,13.5,46.5,5.9,0.0,0.1,5.5
0.05,39,30.0,8.9,21.1,16.3,8.9,0.0,19.0,0.0,30.0,11.9,30.0,30.0,8.9,0.0,0.4,13.9,13.9,46.5,6.0,0.0,0.0,5.5
0.05,40,30.0,8.9,21.1,16.3,8.9,0.0,19.0,0.1,30.0,1.5,30.0,30.0,8.9,0.0,0.0,13.9,13.9,46.5,6.0,0.0,0.0,5.5
0.05,41,30.0,8.9,21.1,16.3,8.9,0.0,19.0,0.0,30.0,1.5,30.0,30.0,8.9,0.0,0.0,13.9,13.9,46.5,6.0,0.0,0.0,5.5
0.05,42,30.0,9.0,21.0,16.3,9.0,0.0,19.0,0.0,30.0,1.5,30.0,30.0,9.0,0.0,0.1,14.0,14.0,46.5,6.2,0.0,0.0,5.5
0.05,43,29.7,8.4,21.3,16.3,8.4,0.0,19.0,0.0,30.0,1.5,30.0,29.7,8.4,0.2,0.0,14.0,14.0,48.5,6.2,2.3,2.0,5.5
0.05,44,29.9,8.4,21.5,16.4,8.4,0.0,19.0,0.0,30.0,1.6,30.0,29.9,8.4,0.1,0.1,14.1,14.1,49.5,6.3,0.8,1.0,5.5
0.05,45,30.0,8.4,21.6,16.5,8.4,0.0,19.0,0.1,30.0,1.8,30.0,30.0,8.4,0.0,0.0,14.1,14.1,49.7,6.5,0.1,0.2,5.5
0.05,46,30.0,8.4,21.6,16.5,8.4,0.0,19.0,0.0,30.0,1.8,30.0,30.0,8.4,0.0,0.0,14.1,14.1,49.7,6.5,0.0,0.0,5.5
0.05,47,30.0,8.5,21.5,16.5,8.5,0.0,19.0,0.0,30.0,1.8,30.0,30.0,8.5,0.0,0.1,14.2,14.2,49.7,6.5,0.0,0.0,5.5
0.05,48,30.0,8.5,21.5,16.5,8.5,0.0,19.0,0.0,30.0,1.8,30.0,30.0,8.5,0.0,0.0,14.2,14.2,49.7,6.6,0.0,0.0,5.5
0.05,49,30.0,8.6,21.4,16.5,8.6,0.0,19.0,0.0,30.0,1.8,30.0,30.0,8.6,0.0,0.1,14.3,14.3,49.7,6.7,0.0,0.0,5.5
0.05,50,29.5,8.1,21.4,16.4,8.1,0.0,19.0,0.0,30.0,1.9,30.0,29.5,8.1,0.4,0.0,14.3,14.3,51.6,6.7,2.4,1.9,5.5
0.05,51,30.0,8.1,21.9,16.7,8.1,0.0,19.0,0.0,30.0,2.0,30.0,30.0,8.1,0.0,0.0,14.3,14.3,53.1,6.7,1.0,1.5,5.5
0.05,52,30.0,8.1,21.9,16.7,8.1,0.0,19.0,0.0,30.0,2.1,30.0,30.0,8.1,0.0,0.0,14.3,14.3,53.3,6.7,0.2,0.2,5.5
0.05,53,30.0,8.1,21.9,16.7,8.1,0.0,19.0,0.0,30.0,2.2,30.0,30.0,8.1,0.0,0.0,14.3,14.3,53.3,6.7,0.0,0.0,5.5
0.05,54,30.0,8.1,21.9,16.7,8.1,0.0,19.0,0.0,30.0,2.2,30.0,30.0,8.1,0.0,0.0,14.3,14.3,53.3,6.7,0.0,0.0,5.5
0.05,55,30.0,8.2,21.8,16.7,8.2,0.0,19.0,0.0,30.0,2.2,30.0,30.0,8.2,0.0,0.1,14.4,14.4,53.3,6.7,0.0,0.0,5.5
0.05,56,30.0,8.3,21.7,16.7,8.3,0.0,19.0,0.0,30.0,2.3,30.0,30.0,8.3,0.0,0.1,14.5,14.5,53.3,6.7,0.0,0.0,5.5
0.05,57,29.5,8.3,21.2,16.2,8.3,0.0,19.0,0.0,30.0,2.6,30.0,29.5,8.3,0.4,0.1,14.6,14.6,54.8,6.7,2.0,1.5,5.5
0.05,58,29.9,8.3,21.6,16.5,8.3,0.0,19.0,0.0,30.0,2.7,30.0,29.9,8.3,0.1,0.0,14.6,14.6,56.6,6.7,1.4,1.8,5.5
0.05,59,30.0,8.3,21.7,16.6,8.3,0.0,19.0,0.0,30.0,2.7,30.0,30.0,8.3,0.0,0.0,14.6,14.6,56.9,6.7,0.2,0.3,5.5
0.05,60,30.0,8.3,21.7,16.6,8.3,0.0,19.0,0.0,30.0,2.7,30.0,30.0,8.3,0.0,0.0,14.6,14.6,56.9,6.7,0.0,0.0,5.5
0.05,61,30.0,8.4,21.6,16.6,8.4,0.0,19.0,0.1,30.0,3.0,30.0,30.0,8.4,0.0,0.1,14.7,14.7,56.9,6.7,0.0,0.0,5.5
0.05,62,30.0,8.4,21.6,16.6,8.4,0.0,19.0,0.0,30.0,3.0,30.0,30.0,8.4,0.0,0.0,14.7,14.7,56.9,6.8,0.0,0.0,5.5
0.05,63,30.0,8.5,21.5,16.6,8.5,0.0,19.0,0.0,30.0,3.0,30.0,30.0,8.5,0.0,0.1,14.8,14.8,56.9,6.8,0.0,0.0,5.5
0.05,64,29.7,9.3,20.4,16.6,9.3,0.8,19.0,0.0,30.0,3.0,30.0,29.7,9.3,0.0,0.0,15.6,14.8,58.1,6.8,1.5,1.2,5.5
0.05,65,29.6,9.4,20.2,16.4,9.4,1.0,19.0,0.0,30.0,3.0,30.0,29.6,9.4,0.2,0.0,15.8,14.8,59.8,6.8,1.8,1.7,5.5
0.05,66,29.9,9.5,20.4,16.5,9.5,1.0,19.0,0.0,30.0,3.1,30.0,29.9,9.5,0.1,0.1,15.9,14.9,60.4,6.8,0.3,0.6,5.5
0.05,67,30.0,9.6,20.4,16.6,9.6,1.0,19.0,0.0,30.0,3.2,30.0,30.0,9.6,0.0,0.1,16.0,15.0,60.5,6.8,0.0,0.1,5.5
0.05,68,30.0,9.6,20.4,16.6,9.6,1.0,19.0,0.0,30.0,3.3,30.0,30.0,9.6,0.0,0.0,16.0,15.0,60.5,6.8,0.0,0.0,5.5
0.05,69,30.0,9.6,20.4,16.6,9.6,1.0,19.0,0.0,30.0,3.5,30.0,30.0,9.6,0.0,0.0,16.0,15.0,60.5,6.8,0.0,0.0,5.5
0.05,70,30.0,9.6,20.4,16.6,9.6,1.0,19.0,0.0,30.0,3.5,30.0,30.0,9.6,0.0,0.0,16.0,15.0,60.5,6.8,0.0,0.0,5.5
0.05,71,29.8,8.8,21.0,16.4,8.8,0.2,19.0,0.1,30.0,3.5,30.0,29.8,8.8,0.2,0.0,16.0,15.0,61.4,7.0,1.1,0.9,5.5
0.05,72,29.8,8.6,21.2,16.5,8.6,0.0,19.0,0.0,30.0,3.7,30.0,29.8,8.6,0.1,0.1,16.1,15.1,63.1,7.0,1.7,1.7,5.5
0.05,73,30.0,8.6,21.4,16.6,8.6,0.0,19.0,0.0,30.0,3.7,30.0,30.0,8.6,0.0,0.0,16.1,15.1,63.9,7.0,0.6,0.8,5.5
0.05,74,30.0,8.6,21.4,16.6,8.6,0.0,19.0,0.0,30.0,3.7,30.0,30.0,8.6,0.0,0.0,16.1,15.1,64.0,7.0,0.1,0.1,5.5
0.05,75,30.0,8.6,21.4,16.6,8.6,0.0,19.0,0.0,30.0,3.8,30.0,30.0,8.6,0.0,0.0,16.1,15.1,64.0,7.0,0.0,0.0,5.5
0.05,76,30.0,8.6,21.4,16.6,8.6,0.0,19.0,0.0,30.0,3.9,30.0,30.0,8.6,0.0,0.0,16.1,15.1,64.0,7.0,0.0,0.0,5.5
0.05,77,30.0,8.6,21.4,16.6,8.6,0.0,19.0,0.0,30.0,4.0,30.0,30.0,8.6,0.0,0.0,16.1,15.1,64.0,7.0,0.0,0.0,5.5
0.05,78,29.7,8.6,21.1,16.5,8.6,0.0,19.0,0.0,30.0,4.0,30.0,29.7,8.6,0.2,0.1,16.2,15.2,64.6,7.0,0.9,0.6,5.5
0.05,79,29.9,8.5,21.4,16.6,8.5,0.0,19.0,0.0,30.0,4.1,30.0,29.9,8.5,0.1,0.0,16.2,15.2,66.5,7.0,1.7,1.9,5.5
0.05,80,30.0,8.5,21.5,16.7,8.5,0.0,19.0,0.0,30.0,4.1,30.0,30.0,8.5,0.0,0.0,16.2,15.2,67.4,7.0,0.8,0.9,5.5
0.05,81,30.0,8.7,21.3,16.7,8.7,0.0,19.0,0.1,30.0,4.2,30.0,30.0,8.7,0.0,0.2,16.4,15.4,67.5,7.0,0.1,0.1,5.5
0.05,82,30.0,8.7,21.3,16.7,8.7,0.0,19.0,0.0,30.0,4.2,30.0,30.0,8.7,0.0,0.0,16.4,15.4,67.5,7.0,0.0,0.0,5.5
0.05,83,30.0,8.7,21.3,16.7,8.7,0.0,19.0,0.0,30.0,4.4,30.0,30.0,8.7,0.0,0.0,16.4,15.4,67.5,7.0,0.0,0.0,5.5
0.05,84,30.0,8.8,21.2,16.7,8.8,0.0,19.0,0.0,30.0,4.4,30.0,30.0,8.8,0.0,0.1,16.5,15.5,67.5,7.0,0.0,0.0,5.5
0.05,85,29.8,8.7,21.1,16.7,8.7,0.0,19.0,0.0,30.0,4.5,30.0,29.8,8.7,0.0,0.0,16.5,15.5,68.0,7.0,0.7,0.5,5.5
0.05,86,30.0,8.8,21.2,16.7,8.8,0.0,19.0,0.0,30.0,4.6,30.0,30.0,8.8,0.0,0.2,16.7,15.7,70.2,7.0,2.0,2.2,5.5
0.05,87,30.0,8.8,21.2,16.7,8.8,0.0,19.0,0.0,30.0,4.6,30.0,30.0,8.8,0.0,0.0,16.7,15.7,71.1,7.0,0.9,0.9,5.5
0.05,88,30.0,8.8,21.2,16.7,8.8,0.0,19.0,0.0,30.0,4.8,30.0,30.0,8.8,0.0,0.0,16.7,15.7,71.2,7.0,0.1,0.1,5.5
0.05,89,30.0,8.8,21.2,16.7,8.8,0.0,19.0,0.0,30.0,4.8,30.0,30.0,8.8,0.0,0.0,16.7,15.7,71.2,7.0,0.0,0.0,5.5
0.05,90,30.0,9.0,21.0,16.7,9.0,0.0,19.0,0.0,30.0,4.9,30.0,30.0,9.0,0.0,0.2,16.9,15.9,71.2,7.0,0.0,0.0,5.5
0.05,91,30.0,9.1,20.9,16.7,9.1,0.0,19.0,0.0,30.0,4.9,30.0,30.0,9.1,0.0,0.1,17.0,16.0,71.2,7.0,0.0,0.0,5.5
0.05,92,29.8,9.1,20.7,16.6,9.1,0.0,19.0,0.0,30.0,4.9,30.0,29.8,9.1,0.1,0.0,17.0,16.0,71.4,7.0,0.4,0.2,5.5
0.05,93,29.8,9.1,20.7,16.6,9.1,0.0,19.0,0.0,30.0,5.0,30.0,29.8,9.1,0.1,0.0,17.0,16.0,73.5,7.0,2.1,2.1,5.5
0.05,94,29.9,9.2,20.7,16.6,9.2,0.0,19.0,0.0,30.0,5.0,30.0,29.9,9.2,0.1,0.1,17.1,16.1,74.5,7.0,0.9,1.0,5.5
0.05,95,30.0,9.2,20.8,16.7,9.2,0.0,19.0,0.0,30.0,5.0,30.0,30.0,9.2,0.0,0.0,17.1,16.1,74.7,7.1,0.1,0.2,5.5
0.05,96,30.0,9.4,20.6,16.7,9.4,0.0,19.0,0.1,30.0,5.0,30.0,30.0,9.4,0.0,0.2,17.3,16.3,74.7,7.1,0.0,0.0,5.5
0.05,97,30.0,9.4,20.6,16.7,9.4,0.0,19.0,0.0,30.0,5.1,30.0,30.0,9.4,0.0,0.0,17.3,16.3,74.7,7.1,0.0,0.0,5.5
0.05,98,30.0,9.4,20.6,16.7,9.4,0.0,19.0,0.0,30.0,5.2,30.0,30.0,9.4,0.0,0.0,17.3,16.3,74.7,7.2,0.0,0.0,5.5
0.05,99,30.0,9.5,20.5,16.8,9.5,0.0,19.0,0.0,30.0,5.5,30.0,30.0,9.5,0.0,0.2,17.5,16.5,74.9,7.2,0.2,0.2,5.5
0.05,100,29.8,9.4,20.4,16.7,9.4,0.0,19.0,0.0,30.0,5.6,30.0,29.8,9.4,0.2,0.0,17.5,16.5,76.5,7.2,1.8,1.6,5.5
0.05,101,29.9,9.6,20.3,16.7,9.6,0.0,19.0,0.0,30.0,5.9,30.0,29.9,9.6,0.1,0.2,17.7,16.7,77.6,7.2,1.0,1.1,5.5
0.05,102,30.0,9.6,20.4,16.7,9.6,0.0,19.0,0.0,30.0,5.9,30.0,30.0,9.6,0.0,0.0,17.7,16.7,77.9,7.2,0.2,0.3,5.5
0.05,103,30.0,9.6,20.4,16.7,9.6,0.0,19.0,0.0,30.0,5.9,30.0,30.0,9.6,0.0,0.0,17.7,16.7,77.9,7.3,0.0,0.0,5.5
0.05,104,30.0,9.6,20.4,16.7,9.6,0.0,19.0,0.0,30.0,5.9,30.0,30.0,9.6,0.0,0.0,17.7,16.7,77.9,7.3,0.0,0.0,5.5
0.05,105,30.0,9.7,20.3,16.7,9.7,0.0,19.0,0.1,30.0,5.9,30.0,30.0,9.7,0.0,0.1,17.8,16.8,77.9,7.3,0.0,0.0,5.5
0.05,106,29.9,9.6,20.3,16.7,9.6,0.0,19.0,0.0,30.0,5.9,30.0,29.9,9.6,0.1,0.0,17.8,16.8,78.1,7.3,0.3,0.2,5.5
0.05,107,29.9,9.2,20.7,16.8,9.2,0.0,19.0,0.0,30.0,5.9,30.0,29.9,9.2,0.0,0.0,17.8,16.8,79.9,7.3,1.8,1.8,5.5
0.05,108,30.0,9.2,20.8,16.8,9.2,0.0,19.0,0.0,30.0,5.9,30.0,30.0,9.2,0.0,0.0,17.8,16.8,81.0,7.3,1.0,1.1,5.5
0.05,109,30.0,9.4,20.6,16.8,9.4,0.0,19.0,0.0,30.0,5.9,30.0,30.0,9.4,0.0,0.2,18.0,17.0,81.3,7.3,0.3,0.3,5.5
0.05,110,30.0,9.4,20.6,16.8,9.4,0.0,19.0,0.0,30.0,6.0,30.0,30.0,9.4,0.0,0.0,18.0,17.0,81.3,7.3,0.0,0.0,5.5
0.05,111,30.0,9.4,20.6,16.8,9.4,0.0,19.0,0.0,30.0,6.1,30.0,30.0,9.4,0.0,0.0,18.0,17.0,81.3,7.3,0.0,0.0,5.5
0.05,112,30.0,9.5,20.5,16.8,9.5,0.0,19.0,0.0,30.0,6.1,30.0,30.0,9.5,0.0,0.1,18.1,17.1,81.3,7.3,0.0,0.0,5.5
0.05,113,29.8,9.7,20.1,16.7,9.7,0.0,19.0,0.0,30.0,6.1,30.0,29.8,9.7,0.1,0.2,18.3,17.3,81.3,7.4,0.2,0.0,5.5
0.05,114,29.6,9.5,20.1,16.6,9.5,0.0,19.0,0.0,30.0,6.1,30.0,29.6,9.5,0.2,0.0,18.3,17.3,83.0,7.4,1.9,1.7,5.5
0.05,115,29.8,9.4,20.4,16.8,9.4,0.0,19.0,0.0,30.0,6.1,30.0,29.8,9.4,0.0,0.0,18.3,17.3,84.4,7.4,1.2,1.4,5.5
0.05,116,30.0,9.4,20.6,16.8,9.4,0.0,19.0,0.1,30.0,6.1,30.0,30.0,9.4,0.0,0.0,18.3,17.3,84.9,7.4,0.3,0.5,5.5
0.05,117,30.0,9.6,20.4,16.8,9.6,0.0,19.0,0.1,30.0,6.1,30.0,30.0,9.6,0.0,0.2,18.5,17.5,84.9,7.4,0.0,0.0,5.5
0.05,118,30.0,9.8,20.2,16.8,9.8,0.0,19.0,0.0,30.0,6.3,30.0,30.0,9.8,0.0,0.2,18.7,17.7,84.9,7.4,0.0,0.0,5.5
0.05,119,30.0,9.8,20.2,16.8,9.8,0.0,19.0,0.0,30.0,6.4,30.0,30.0,9.8,0.0,0.0,18.7,17.7,84.9,7.5,0.0,0.0,5.5
0.05,120,30.0,9.8,20.2,16.8,9.8,0.0,19.0,0.0,30.0,6.4,30.0,30.0,9.8,0.0,0.0,18.7,17.7,84.9,7.5,0.0,0.0,5.5
0.05,121,29.8,10.7,19.1,16.7,10.7,1.0,19.0,0.0,30.0,6.4,30.0,29.8,10.7,0.0,0.0,19.7,17.7,86.5,7.5,1.8,1.6,5.5
0.05,122,29.7,10.7,19.0,16.5,10.7,1.0,19.0,0.0,30.0,6.4,30.0,29.7,10.7,0.2,0.0,19.7,17.7,87.8,7.5,1.4,1.3,5.5
0.05,123,29.9,10.7,19.2,16.6,10.7,1.0,19.0,0.0,30.0,6.5,30.0,29.9,10.7,0.1,0.0,19.7,17.7,88.4,7.6,0.4,0.6,5.5
0.05,124,30.0,10.9,19.1,16.7,10.9,1.0,19.0,0.0,30.0,6.6,30.0,30.0,10.9,0.0,0.2,19.9,17.9,88.5,7.6,0.0,0.1,5.5
0.05,125,30.0,11.1,18.9,16.7,11.1,1.0,19.0,0.0,30.0,6.6,30.0,30.0,11.1,0.0,0.2,20.1,18.1,88.5,7.6,0.0,0.0,5.5
0.05,126,30.0,11.3,18.7,16.7,11.3,1.0,19.0,0.1,30.0,6.7,30.0,30.0,11.3,0.0,0.2,20.3,18.3,88.5,7.6,0.0,0.0,5.5
0.05,127,30.0,11.4,18.6,16.7,11.4,1.0,19.0,0.0,30.0,6.8,30.0,30.0,11.4,0.0,0.1,20.4,18.4,88.5,7.7,0.0,0.0,5.5
0.05,128,29.9,10.4,19.5,16.6,10.4,0.0,19.0,0.0,30.0,6.8,30.0,29.9,10.4,0.0,0.0,20.4,18.4,89.9,7.8,1.5,1.4,5.5
0.05,129,29.9,10.4,19.5,16.5,10.4,0.0,19.0,0.1,30.0,6.8,30.0,29.9,10.4,0.1,0.0,20.4,18.4,91.1,7.8,1.2,1.2,5.5
0.05,130,30.0,10.3,19.7,16.7,10.3,0.0,19.0,0.0,30.0,6.9,30.0,30.0,10.3,0.0,0.0,20.4,18.4,91.8,7.8,0.6,0.7,5.5
0.05,131,30.0,10.3,19.7,16.7,10.3,0.0,19.0,0.0,30.0,6.9,30.0,30.0,10.3,0.0,0.0,20.4,18.4,91.9,7.8,0.1,0.1,5.5
0.05,132,30.0,10.3,19.7,16.7,10.3,0.0,19.0,0.0,30.0,7.0,30.0,30.0,10.3,0.0,0.0,20.4,18.4,91.9,7.8,0.0,0.0,5.5
0.05,133,30.0,10.3,19.7,16.7,10.3,0.0,19.0,0.1,30.0,7.0,30.0,30.0,10.3,0.0,0.0,20.4,18.4,91.9,7.9,0.0,0.0,5.5
0.05,134,30.0,10.3,19.7,16.7,10.3,0.0,19.0,0.0,30.0,7.0,30.0,30.0,10.3,0.0,0.0,20.4,18.4,91.9,7.9,0.0,0.0,5.5
0.05,135,29.6,10.2,19.4,16.4,10.2,0.0,19.0,0.0,30.0,7.2,30.0,29.6,10.2,0.2,0.0,20.4,18.4,93.0,7.9,1.5,1.1,5.5
0.05,136,29.9,10.2,19.7,16.4,10.2,0.0,19.0,0.1,30.0,7.2,30.0,29.9,10.2,0.1,0.1,20.5,18.5,94.6,7.9,1.3,1.6,5.5
0.05,137,30.0,10.1,19.9,16.6,10.1,0.0,19.0,0.0,30.0,7.2,30.0,30.0,10.1,0.0,0.0,20.5,18.5,95.5,7.9,0.8,0.9,5.5
0.05,138,30.0,10.2,19.8,16.6,10.2,0.0,19.0,0.0,30.0,7.3,30.0,30.0,10.2,0.0,0.1,20.6,18.6,95.6,7.9,0.1,0.1,5.5
0.05,139,30.0,10.3,19.7,16.6,10.3,0.0,19.0,0.0,30.0,7.3,30.0,30.0,10.3,0.0,0.1,20.7,18.7,95.6,7.9,0.0,0.0,5.5
0.05,140,30.0,10.3,19.7,16.6,10.3,0.0,19.0,0.1,30.0,7.5,30.0,30.0,10.3,0.0,0.0,20.7,18.7,95.6,7.9,0.0,0.0,5.5
0.05,141,30.0,10.4,19.6,16.6,10.4,0.0,19.0,0.0,30.0,7.6,30.0,30.0,10.4,0.0,0.1,20.8,18.8,95.6,8.0,0.0,0.0,5.5
0.05,142,29.9,10.4,19.5,16.5,10.4,0.0,19.0,0.0,30.0,7.7,30.0,29.9,10.4,0.1,0.0,20.8,18.8,96.4,8.0,0.9,0.8,5.5
0.05,143,29.9,10.5,19.4,16.5,10.5,0.0,19.0,0.1,30.0,7.7,30.0,29.9,10.5,0.0,0.1,20.9,18.9,97.9,8.0,1.5,1.5,5.5
0.05,144,29.9,10.6,19.3,16.4,10.6,0.0,19.0,0.0,30.0,7.9,30.0,29.9,10.6,0.1,0.1,21.0,19.0,98.8,8.0,0.9,0.9,5.5
0.05,145,30.0,10.6,19.4,16.5,10.6,0.0,19.0,0.2,30.0,7.9,30.0,30.0,10.6,0.0,0.0,21.0,19.0,99.0,8.0,0.1,0.2,5.5
0.05,146,30.0,10.8,19.2,16.5,10.8,0.0,19.0,0.0,30.0,7.9,30.0,30.0,10.8,0.0,0.2,21.2,19.2,99.0,8.0,0.0,0.0,5.5
0.05,147,30.0,10.9,19.1,16.5,10.9,0.0,19.0,0.0,30.0,8.0,30.0,30.0,10.9,0.0,0.1,21.3,19.3,99.0,8.0,0.0,0.0,5.5
0.05,148,30.0,10.9,19.1,16.5,10.9,0.0,19.0,0.0,30.0,8.1,30.0,30.0,10.9,0.0,0.0,21.3,19.3,99.0,8.1,0.0,0.0,5.5
0.05,149,29.7,10.8,18.9,16.4,10.8,0.0,19.0,0.0,30.0,8.2,30.0,29.7,10.8,0.2,0.1,21.4,19.4,99.7,8.1,1.0,0.7,5.5
0.05,150,29.7,10.9,18.8,16.6,10.9,0.0,19.0,0.0,30.0,8.3,30.0,29.7,10.9,0.1,0.2,21.6,19.6,101.0,8.2,1.3,1.3,5.5
0.05,151,30.0,10.9,19.1,16.7,10.9,0.0,19.0,0.0,30.0,8.3,30.0,30.0,10.9,0.0,0.0,21.6,19.6,102.2,8.2,0.9,1.2,5.5
0.05,152,30.0,11.0,19.0,16.6,11.0,0.0,19.0,0.0,30.0,8.4,30.0,30.0,11.0,0.0,0.1,21.7,19.7,102.4,8.2,0.2,0.2,5.5
0.05,153,30.0,11.1,18.9,16.6,11.1,0.0,19.0,0.1,30.0,8.6,30.0,30.0,11.1,0.0,0.1,21.8,19.8,102.4,8.5,0.0,0.0,5.5
0.05,154,30.0,11.1,18.9,16.6,11.1,0.0,19.0,0.0,30.0,8.6,30.0,30.0,11.1,0.0,0.0,21.8,19.8,102.4,8.6,0.0,0.0,5.5
0.05,155,30.0,11.1,18.9,16.6,11.1,0.0,19.0,0.1,30.0,8.6,30.0,30.0,11.1,0.0,0.0,21.8,19.8,102.4,8.6,0.0,0.0,5.5
0.05,156,29.6,11.2,18.4,16.5,11.2,0.0,19.0,0.0,30.0,8.6,30.0,29.6,11.2,0.0,0.1,21.9,19.9,102.5,8.6,0.5,0.1,5.5
0.05,157,30.0,11.0,19.0,16.7,11.0,0.0,19.0,0.1,30.0,8.6,30.0,30.0,11.0,0.0,0.1,22.0,20.0,104.3,8.7,1.4,1.8,5.5
0.05,158,29.9,11.1,18.8,16.3,11.1,0.0,19.0,0.0,30.0,8.8,30.0,29.9,11.1,0.1,0.1,22.1,20.1,105.3,8.7,1.1,1.0,5.5
0.05,159,30.0,11.1,18.9,16.4,11.1,0.0,19.0,0.1,30.0,9.0,30.0,30.0,11.1,0.0,0.0,22.1,20.1,105.6,8.7,0.2,0.3,5.5
0.05,160,30.0,11.2,18.8,16.4,11.2,0.0,19.0,0.1,30.0,9.0,30.0,30.0,11.2,0.0,0.1,22.2,20.2,105.6,8.7,0.0,0.0,5.5
0.05,161,30.0,11.3,18.7,16.4,11.3,0.0,19.0,0.0,30.0,9.1,30.0,30.0,11.3,0.0,0.1,22.3,20.3,105.6,8.7,0.0,0.0,5.5
0.05,162,30.0,11.3,18.7,16.4,11.3,0.0,19.0,0.0,30.0,9.1,30.0,30.0,11.3,0.0,0.0,22.3,20.3,105.6,8.7,0.0,0.0,5.5
0.05,163,29.9,11.2,18.7,16.4,11.2,0.0,19.0,0.0,30.0,9.1,30.0,29.9,11.2,0.1,0.1,22.4,20.4,105.8,8.7,0.3,0.2,5.5
0.05,164,29.7,11.0,18.7,16.3,11.0,0.0,19.0,0.0,30.0,9.4,30.0,29.7,11.0,0.2,0.0,22.4,20.4,107.5,8.7,1.9,1.7,5.5
0.05,165,29.9,11.0,18.9,16.3,11.0,0.0,19.0,0.1,30.0,9.5,30.0,29.9,11.0,0.1,0.1,22.5,20.5,108.9,8.7,1.2,1.4,5.5
0.05,166,30.0,11.2,18.8,16.4,11.2,0.0,19.0,0.0,30.0,9.5,30.0,30.0,11.2,0.0,0.2,22.7,20.7,109.2,8.7,0.2,0.3,5.5
0.05,167,30.0,11.3,18.7,16.4,11.3,0.0,19.0,0.1,30.0,9.6,30.0,30.0,11.3,0.0,0.1,22.8,20.8,109.2,8.7,0.0,0.0,5.5
0.05,168,30.0,11.4,18.6,16.4,11.4,0.0,19.0,0.0,30.0,9.6,30.0,30.0,11.4,0.0,0.1,22.9,20.9,109.2,8.9,0.0,0.0,5.5
0.05,169,30.0,11.5,18.5,16.4,11.5,0.0,19.0,0.0,30.0,9.7,30.0,30.0,11.5,0.0,0.1,23.0,21.0,109.2,8.9,0.0,0.0,5.5
0.05,170,30.0,11.7,18.3,16.4,11.7,0.0,19.0,0.0,30.0,9.7,30.0,30.0,11.7,0.0,0.2,23.2,21.2,109.4,8.9,0.2,0.2,5.5
0.05,171,29.8,11.7,18.1,16.2,11.7,0.0,19.0,0.0,30.0,9.8,30.0,29.8,11.7,0.1,0.0,23.2,21.2,110.7,8.9,1.5,1.3,5.5
0.05,172,29.6,11.7,17.9,16.3,11.7,0.0,19.0,0.0,30.0,9.9,30.0,29.6,11.7,0.0,0.0,23.2,21.2,111.6,8.9,1.1,0.9,5.5
0.05,173,29.9,11.6,18.3,16.2,11.6,0.0,19.0,0.0,30.0,10.0,30.0,29.9,11.6,0.1,0.0,23.2,21.2,112.3,8.9,0.4,0.7,5.5
0.05,174,30.0,11.7,18.3,16.3,11.7,0.0,19.0,0.0,30.0,10.1,30.0,30.0,11.7,0.0,0.1,23.3,21.3,112.4,8.9,0.0,0.1,5.5
0.05,175,30.0,11.9,18.1,16.3,11.9,0.0,19.0,0.0,30.0,10.2,30.0,30.0,11.9,0.0,0.2,23.5,21.5,112.4,9.0,0.0,0.0,5.5
0.05,176,30.0,12.3,17.7,16.3,12.3,0.0,19.0,0.0,30.0,10.4,30.0,30.0,12.3,0.0,0.4,23.9,21.9,112.4,9.0,0.0,0.0,5.5
0.05,177,30.0,12.5,17.5,16.3,12.5,0.0,19.0,0.0,30.0,10.6,30.0,30.0,12.5,0.0,0.2,24.1,22.1,112.5,9.0,0.1,0.1,5.5
0.05,178,29.9,12.3,17.6,16.1,12.3,0.0,19.0,0.0,30.0,10.7,30.0,29.9,12.3,0.0,0.0,24.1,22.1,113.8,9.0,1.4,1.3,5.5
0.05,179,30.0,12.1,17.9,16.3,12.1,0.0,19.0,0.0,30.0,10.7,30.0,30.0,12.1,0.0,0.1,24.2,22.2,114.8,9.0,0.9,1.0,5.5
0.05,180,30.0,12.1,17.9,16.3,12.1,0.0,19.0,0.1,30.0,10.7,30.0,30.0,12.1,0.0,0.0,24.2,22.2,115.3,9.1,0.5,0.5,5.5
0.05,181,30.0,12.1,17.9,16.3,12.1,0.0,19.0,0.2,30.0,10.8,30.0,30.0,12.1,0.0,0.0,24.2,22.2,115.4,9.2,0.1,0.1,5.5
0.05,182,30.0,12.1,17.9,16.3,12.1,0.0,19.0,0.0,30.0,10.9,30.0,30.0,12.1,0.0,0.0,24.2,22.2,115.4,9.3,0.0,0.0,5.5
0.05,183,30.0,12.2,17.8,16.3,12.2,0.0,19.0,0.1,30.0,11.2,30.0,30.0,12.2,0.0,0.1,24.3,22.3,115.4,9.4,0.0,0.0,5.5
0.05,184,29.9,12.1,17.8,16.2,12.1,0.0,19.0,0.0,30.0,11.2,30.0,29.9,12.1,0.1,0.0,24.3,22.3,115.5,9.5,0.2,0.1,5.5
0.05,185,29.6,12.0,17.6,16.3,12.0,0.0,19.0,0.1,30.0,11.2,30.0,29.6,12.0,0.1,0.0,24.3,22.3,116.6,9.5,1.4,1.1,5.5
0.05,186,29.8,11.8,18.0,16.2,11.8,0.0,19.0,0.1,30.0,11.3,30.0,29.8,11.8,0.1,0.1,24.4,22.4,117.9,9.5,1.1,1.3,5.5
0.05,187,29.9,11.7,18.2,16.5,11.7,0.0,19.0,0.0,30.0,11.3,30.0,29.9,11.7,0.0,0.1,24.5,22.5,118.7,9.6,0.7,0.8,5.5
0.05,188,30.0,11.8,18.2,16.5,11.8,0.0,19.0,0.0,30.0,11.3,30.0,30.0,11.8,0.0,0.1,24.6,22.6,118.9,9.6,0.1,0.2,5.5
0.05,189,30.0,11.8,18.2,16.5,11.8,0.0,19.0,0.0,30.0,11.3,30.0,30.0,11.8,0.0,0.0,24.6,22.6,118.9,9.7,0.0,0.0,5.5
0.05,190,30.0,11.9,18.1,16.5,11.9,0.0,19.0,0.0,30.0,11.3,30.0,30.0,11.9,0.0,0.1,24.7,22.7,118.9,9.7,0.0,0.0,5.5
0.05,191,30.0,12.0,18.0,16.4,12.0,0.0,19.0,0.0,30.0,11.4,30.0,30.0,12.0,0.0,0.1,24.8,22.8,119.0,9.8,0.1,0.1,5.5
0.05,192,29.7,12.0,17.7,16.3,12.0,0.0,19.0,0.0,30.0,11.4,30.0,29.7,12.0,0.0,0.0,24.8,22.8,119.8,9.8,1.1,0.8,5.5
0.05,193,29.8,11.8,18.0,16.3,11.8,0.0,19.0,0.1,30.0,11.5,30.0,29.8,11.8,0.0,0.0,24.8,22.8,121.3,9.8,1.4,1.5,5.5
0.05,194,30.0,11.8,18.2,16.1,11.8,0.0,19.0,0.0,30.0,11.6,30.0,30.0,11.8,0.0,0.0,24.8,22.8,122.2,9.9,0.7,0.9,5.5
0.05,195,30.0,11.9,18.1,16.1,11.9,0.0,19.0,0.0,30.0,11.6,30.0,30.0,11.9,0.0,0.1,24.9,22.9,122.4,9.9,0.2,0.2,5.5
0.05,196,30.0,11.9,18.1,16.1,11.9,0.0,19.0,0.3,30.0,11.7,30.0,30.0,11.9,0.0,0.0,24.9,22.9,122.4,9.9,0.0,0.0,5.5
0.05,197,30.0,12.0,18.0,16.1,12.0,0.0,19.0,0.0,30.0,11.7,30.0,30.0,12.0,0.0,0.1,25.0,23.0,122.4,9.9,0.0,0.0,5.5
0.05,198,29.9,12.2,17.7,16.1,12.2,0.0,19.0,0.1,30.0,11.7,30.0,29.9,12.2,0.0,0.2,25.2,23.2,122.4,9.9,0.1,0.0,5.5
0.05,199,29.9,12.4,17.5,16.1,12.4,0.0,19.0,0.0,30.0,11.7,30.0,29.9,12.4,0.0,0.2,25.4,23.4,123.2,10.0,0.8,0.8,5.5
0.05,200,29.9,12.4,17.5,15.9,12.4,0.0,19.0,0.0,30.0,11.9,30.0,29.9,12.4,0.1,0.1,25.5,23.5,124.7,10.1,1.5,1.5,5.5
0.05,201,30.0,12.3,17.7,16.1,12.3,0.0,19.0,0.0,30.0,12.1,30.0,30.0,12.3,0.0,0.0,25.5,23.5,125.7,10.1,0.9,1.0,5.5
0.05,202,30.0,12.3,17.7,16.1,12.3,0.0,19.0,0.1,30.0,12.1,30.0,30.0,12.3,0.0,0.0,25.5,23.5,125.9,10.2,0.2,0.2,5.5
0.05,203,30.0,12.5,17.5,16.1,12.5,0.0,19.0,0.1,30.0,12.3,30.0,30.0,12.5,0.0,0.2,25.7,23.7,125.9,10.2,0.0,0.0,5.5
0.05,204,30.0,12.5,17.5,16.1,12.5,0.0,19.0,0.0,30.0,12.3,30.0,30.0,12.5,0.0,0.0,25.7,23.7,125.9,10.3,0.0,0.0,5.5
0.05,205,30.0,12.6,17.4,16.1,12.6,0.0,19.0,0.0,30.0,12.3,30.0,30.0,12.6,0.0,0.1,25.8,23.8,125.9,10.3,0.0,0.0,5.5
0.05,206,29.8,12.6,17.2,16.0,12.6,0.0,19.0,0.0,30.0,12.5,30.0,29.8,12.6,0.1,0.0,25.8,23.8,126.4,10.3,0.7,0.5,5.5
0.05,207,30.0,12.6,17.4,16.0,12.6,0.0,19.0,0.0,30.0,12.5,30.0,30.0,12.6,0.0,0.1,25.9,23.9,128.0,10.5,1.4,1.6,5.5
0.05,208,30.0,12.5,17.5,16.1,12.5,0.0,19.0,0.0,30.0,12.5,30.0,30.0,12.5,0.0,0.0,25.9,23.9,129.1,10.5,1.1,1.1,5.5
0.05,209,29.9,12.6,17.3,16.1,12.6,0.0,19.0,0.0,30.0,12.5,30.0,29.9,12.6,0.0,0.1,26.0,24.0,129.2,10.5,0.2,0.1,5.5
0.05,210,30.0,12.6,17.4,16.1,12.6,0.0,19.0,0.0,30.0,12.6,30.0,30.0,12.6,0.0,0.0,26.0,24.0,129.3,10.5,0.0,0.1,5.5
0.05,211,30.0,12.6,17.4,16.1,12.6,0.0,19.0,0.2,30.0,12.6,30.0,30.0,12.6,0.0,0.0,26.0,24.0,129.3,10.5,0.0,0.0,5.5
0.05,212,30.0,12.6,17.4,16.1,12.6,0.0,19.0,0.0,30.0,12.6,30.0,30.0,12.6,0.0,0.0,26.0,24.0,129.3,10.6,0.0,0.0,5.5
0.05,213,29.7,12.5,17.2,15.9,12.5,0.0,19.0,0.0,30.0,12.6,30.0,29.7,12.5,0.1,0.0,26.0,24.0,129.6,10.7,0.6,0.3,5.5
0.05,214,30.0,12.4,17.6,16.2,12.4,0.0,19.0,0.0,30.0,12.7,30.0,30.0,12.4,0.0,0.1,26.1,24.1,131.7,10.7,1.8,2.1,5.5
0.05,215,29.8,12.4,17.4,15.9,12.4,0.0,19.0,0.1,30.0,12.7,30.0,29.8,12.4,0.2,0.0,26.1,24.1,132.6,10.7,1.1,0.9,5.5
0.05,216,30.0,12.5,17.5,16.1,12.5,0.0,19.0,0.0,30.0,12.7,30.0,30.0,12.5,0.0,0.1,26.2,24.2,132.9,10.7,0.1,0.3,5.5
0.05,217,30.0,12.6,17.4,16.1,12.6,0.0,19.0,0.0,30.0,12.7,30.0,30.0,12.6,0.0,0.1,26.3,24.3,133.0,10.7,0.1,0.1,5.5
0.05,218,30.0,12.8,17.2,16.1,12.8,0.0,19.0,0.0,30.0,12.9,30.0,30.0,12.8,0.0,0.2,26.5,24.5,133.0,10.7,0.0,0.0,5.5
0.05,219,30.0,12.9,17.1,16.1,12.9,0.0,19.0,0.0,30.0,13.0,30.0,30.0,12.9,0.0,0.1,26.6,24.6,133.0,10.7,0.0,0.0,5.5
0.05,220,30.0,13.1,16.9,16.1,13.1,0.0,19.0,0.0,30.0,1.6,30.0,30.0,13.1,0.0,0.2,26.8,24.8,133.2,10.8,0.2,0.2,5.5
0.05,221,29.8,13.1,16.7,16.0,13.1,0.0,19.0,0.0,30.0,1.7,30.0,29.8,13.1,0.1,0.0,26.8,24.8,134.8,10.9,1.8,1.6,5.5
0.05,222,30.0,13.1,16.9,16.1,13.1,0.0,19.0,0.0,30.0,1.8,30.0,30.0,13.1,0.0,0.0,26.8,24.8,135.9,10.9,0.9,1.1,5.5
0.05,223,29.9,13.1,16.8,15.9,13.1,0.0,19.0,0.0,30.0,1.8,30.0,29.9,13.1,0.1,0.0,26.8,24.8,136.1,10.9,0.3,0.2,5.5
0.05,224,30.0,13.1,16.9,16.0,13.1,0.0,19.0,0.0,30.0,1.8,30.0,30.0,13.1,0.0,0.0,26.8,24.8,136.3,11.0,0.1,0.2,5.5
0.05,225,30.0,13.1,16.9,16.0,13.1,0.0,19.0,0.0,30.0,1.9,30.0,30.0,13.1,0.0,0.0,26.8,24.8,136.3,11.1,0.0,0.0,5.5
0.05,226,30.0,13.1,16.9,16.0,13.1,0.0,19.0,0.1,30.0,2.1,30.0,30.0,13.1,0.0,0.0,26.8,24.8,136.3,11.2,0.0,0.0,5.5
0.05,227,29.9,13.0,16.9,16.0,13.0,0.0,19.0,0.0,30.0,2.3,30.0,29.9,13.0,0.1,0.0,26.8,24.8,136.5,11.4,0.3,0.2,5.5
0.05,228,29.8,12.8,17.0,16.4,12.8,0.0,19.0,0.0,30.0,2.4,30.0,29.8,12.8,0.0,0.1,26.9,24.9,138.2,11.4,1.8,1.7,5.5
0.05,229,29.7,12.9,16.8,16.4,12.9,0.0,19.0,0.0,30.0,2.5,30.0,29.7,12.9,0.0,0.1,27.0,25.0,139.2,11.4,1.1,1.0,5.5
0.05,230,30.0,12.9,17.1,16.3,12.9,0.0,19.0,0.0,30.0,2.7,30.0,30.0,12.9,0.0,0.0,27.0,25.0,139.7,11.4,0.2,0.5,5.5
0.05,231,30.0,12.9,17.1,16.3,12.9,0.0,19.0,0.0,30.0,2.8,30.0,30.0,12.9,0.0,0.0,27.0,25.0,139.9,11.4,0.2,0.2,5.5
0.05,232,30.0,13.0,17.0,16.3,13.0,0.0,19.0,0.0,30.0,2.8,30.0,30.0,13.0,0.0,0.1,27.1,25.1,139.9,11.4,0.0,0.0,5.5
0.05,233,30.0,13.1,16.9,16.3,13.1,0.0,19.0,0.0,30.0,2.8,30.0,30.0,13.1,0.0,0.1,27.2,25.2,139.9,11.4,0.0,0.0,5.5
0.05,234,30.0,13.1,16.9,16.3,13.1,0.0,19.0,0.0,30.0,2.8,30.0,30.0,13.1,0.0,0.0,27.2,25.2,140.1,11.4,0.2,0.2,5.5
0.05,235,29.7,13.0,16.7,16.2,13.0,0.0,19.0,0.0,30.0,2.9,30.0,29.7,13.0,0.1,0.0,27.2,25.2,141.5,11.4,1.7,1.4,5.5
0.05,236,30.0,13.1,16.9,16.3,13.1,0.0,19.0,0.0,30.0,3.1,30.0,30.0,13.1,0.0,0.1,27.3,25.3,142.8,11.4,1.0,1.3,5.5
0.05,237,29.9,13.1,16.8,16.3,13.1,0.0,19.0,0.0,30.0,3.1,30.0,29.9,13.1,0.0,0.0,27.3,25.3,143.2,11.4,0.5,0.4,5.5
0.05,238,30.0,13.1,16.9,16.3,13.1,0.0,19.0,0.0,30.0,3.1,30.0,30.0,13.1,0.0,0.0,27.3,25.3,143.5,11.4,0.2,0.3,5.5
0.05,239,30.0,13.2,16.8,16.3,13.2,0.0,19.0,0.0,30.0,3.3,30.0,30.0,13.2,0.0,0.1,27.4,25.4,143.5,11.4,0.0,0.0,5.5
0.05,240,30.0,13.3,16.7,16.3,13.3,0.0,19.0,0.1,30.0,3.4,30.0,30.0,13.3,0.0,0.1,27.5,25.5,143.5,11.4,0.0,0.0,5.5
0.05,241,29.9,13.4,16.5,16.3,13.4,0.1,19.0,0.1,30.0,3.6,30.0,29.9,13.4,0.0,0.0,27.6,25.5,143.6,11.4,0.2,0.1,5.5
0.05,242,29.7,14.4,15.3,16.2,14.4,1.2,19.0,0.0,30.0,3.6,30.0,29.7,14.4,0.0,0.0,28.7,25.5,144.9,11.5,1.5,1.3,5.5
0.05,243,30.0,15.2,14.8,16.2,15.2,1.9,19.0,0.0,30.0,3.9,30.0,30.0,15.2,0.0,0.1,29.5,25.6,146.2,11.5,1.0,1.3,5.5
0.05,244,30.0,15.3,14.7,16.2,15.3,1.9,19.0,0.1,30.0,4.0,30.0,30.0,15.3,0.0,0.1,29.6,25.7,146.6,11.5,0.4,0.4,5.5
0.05,245,30.0,15.4,14.6,16.2,15.4,2.0,19.0,0.0,30.0,4.1,30.0,30.0,15.4,0.0,0.0,29.7,25.7,146.9,11.5,0.3,0.3,5.5
0.05,246,30.0,15.4,14.6,16.2,15.4,2.0,19.0,0.0,30.0,4.3,30.0,30.0,15.4,0.0,0.0,29.7,25.7,146.9,11.5,0.0,0.0,5.5
0.05,247,30.0,15.4,14.6,16.2,15.4,2.0,19.0,0.0,30.0,4.4,30.0,30.0,15.4,0.0,0.0,29.7,25.7,146.9,11.5,0.0,0.0,5.5
0.05,248,29.9,15.4,14.5,16.1,15.4,1.9,19.0,0.1,30.0,4.5,30.0,29.9,15.4,0.1,0.1,29.8,25.8,146.9,11.5,0.1,0.0,5.5
0.05,249,29.8,14.3,15.5,16.1,14.3,0.8,19.0,0.0,30.0,4.5,30.0,29.8,14.3,0.0,0.0,29.8,25.8,148.1,11.6,1.3,1.2,5.5
0.05,250,29.8,13.3,16.5,16.1,13.3,0.1,19.0,0.0,30.0,4.5,30.0,29.8,13.3,0.1,0.0,29.8,25.8,149.6,11.6,1.5,1.5,5.5
0.05,251,29.9,13.3,16.6,16.2,13.3,0.1,19.0,0.0,30.0,4.7,30.0,29.9,13.3,0.0,0.0,29.8,25.8,150.0,11.6,0.3,0.4,5.5
0.05,252,30.0,13.2,16.8,16.2,13.2,0.0,19.0,0.0,30.0,4.7,30.0,30.0,13.2,0.0,0.0,29.8,25.8,150.4,11.6,0.3,0.4,5.5
0.05,253,30.0,13.5,16.5,16.2,13.5,0.0,19.0,0.0,30.0,4.7,30.0,30.0,13.5,0.0,0.3,30.1,26.1,150.4,11.7,0.0,0.0,5.5
0.05,254,30.0,13.6,16.4,16.2,13.6,0.0,19.0,0.0,30.0,4.9,30.0,30.0,13.6,0.0,0.1,30.2,26.2,150.4,11.7,0.0,0.0,5.5
0.05,255,30.0,13.6,16.4,16.2,13.6,0.0,19.0,0.0,30.0,5.2,30.0,30.0,13.6,0.0,0.0,30.2,26.2,150.4,11.7,0.0,0.0,5.5
0.05,256,29.8,13.7,16.1,16.1,13.7,0.0,19.0,0.0,30.0,5.3,30.0,29.8,13.7,0.1,0.1,30.3,26.3,151.2,11.8,1.0,0.8,5.5
0.05,257,29.7,13.8,15.9,16.1,13.8,0.0,19.0,0.0,30.0,5.3,30.0,29.7,13.8,0.2,0.2,30.5,26.5,152.6,11.8,1.5,1.4,5.5
0.05,258,30.0,13.8,16.2,16.4,13.8,0.0,19.0,0.1,30.0,5.4,30.0,30.0,13.8,0.0,0.1,30.6,26.6,153.4,11.8,0.5,0.8,5.5
0.05,259,29.9,13.8,16.1,16.4,13.8,0.0,19.0,0.0,30.0,5.6,30.0,29.9,13.8,0.0,0.0,30.6,26.6,153.7,11.8,0.4,0.3,5.5
0.05,260,30.0,13.8,16.2,16.4,13.8,0.0,19.0,0.0,30.0,5.8,30.0,30.0,13.8,0.0,0.0,30.6,26.6,153.8,11.8,0.0,0.1,5.5
0.05,261,30.0,13.8,16.2,16.4,13.8,0.0,19.0,0.0,30.0,5.8,30.0,30.0,13.8,0.0,0.0,30.6,26.6,153.8,11.8,0.0,0.0,5.5
0.05,262,30.0,13.8,16.2,16.4,13.8,0.0,19.0,0.0,30.0,5.8,30.0,30.0,13.8,0.0,0.0,30.6,26.6,153.8,11.8,0.0,0.0,5.5
0.05,263,29.6,13.6,16.0,16.1,13.6,0.0,19.0,0.0,30.0,5.9,30.0,29.6,13.6,0.2,0.0,30.6,26.6,154.4,11.8,1.0,0.6,5.5
0.05,264,30.0,13.5,16.5,16.2,13.5,0.0,19.0,0.1,30.0,6.1,30.0,30.0,13.5,0.0,0.0,30.6,26.6,156.2,11.8,1.4,1.8,5.5
0.05,265,29.9,13.6,16.3,16.2,13.6,0.0,19.0,0.0,30.0,6.2,30.0,29.9,13.6,0.0,0.1,30.7,26.7,156.9,11.8,0.8,0.7,5.5
0.05,266,30.0,13.6,16.4,16.2,13.6,0.0,19.0,0.0,30.0,6.2,30.0,30.0,13.6,0.0,0.0,30.7,26.7,157.3,11.8,0.3,0.4,5.5
0.05,267,30.0,13.6,16.4,16.2,13.6,0.0,19.0,0.0,30.0,6.2,30.0,30.0,13.6,0.0,0.0,30.7,26.7,157.4,11.8,0.1,0.1,5.5
0.05,268,30.0,13.7,16.3,16.2,13.7,0.0,19.0,0.0,30.0,6.2,30.0,30.0,13.7,0.0,0.1,30.8,26.8,157.4,11.8,0.0,0.0,5.5
0.05,269,30.0,13.7,16.3,16.2,13.7,0.0,19.0,0.0,30.0,6.2,30.0,30.0,13.7,0.0,0.0,30.8,26.8,157.4,11.9,0.0,0.0,5.5
0.05,270,29.9,13.8,16.1,16.0,13.8,0.0,19.0,0.0,30.0,6.3,30.0,29.9,13.8,0.1,0.1,30.9,26.9,157.8,11.9,0.5,0.4,5.5
0.05,271,30.0,13.7,16.3,16.1,13.7,0.0,19.0,0.0,30.0,6.5,30.0,30.0,13.7,0.0,0.0,30.9,26.9,159.8,11.9,1.9,2.0,5.5
0.05,272,30.0,13.7,16.3,16.1,13.7,0.0,19.0,0.0,30.0,7.0,30.0,30.0,13.7,0.0,0.0,30.9,26.9,160.5,11.9,0.7,0.7,5.5
0.05,273,30.0,13.8,16.2,16.1,13.8,0.0,19.0,0.0,30.0,7.1,30.0,30.0,13.8,0.0,0.1,31.0,27.0,160.8,11.9,0.3,0.3,5.5
0.05,274,30.0,13.9,16.1,16.1,13.9,0.0,19.0,0.0,30.0,7.3,30.0,30.0,13.9,0.0,0.1,31.1,27.1,160.9,11.9,0.1,0.1,5.5
0.05,275,30.0,13.9,16.1,16.1,13.9,0.0,19.0,0.2,30.0,7.4,30.0,30.0,13.9,0.0,0.0,31.1,27.1,160.9,11.9,0.0,0.0,5.5
0.05,276,30.0,14.1,15.9,16.1,14.1,0.0,19.0,0.0,30.0,7.4,30.0,30.0,14.1,0.0,0.2,31.3,27.3,160.9,12.0,0.0,0.0,5.5
0.05,277,30.0,14.0,16.0,16.2,14.0,0.0,19.0,0.1,30.0,7.4,30.0,30.0,14.0,0.0,0.0,31.3,27.3,161.3,12.0,0.4,0.4,5.5
0.05,278,29.9,14.3,15.6,16.2,14.3,0.0,19.0,0.0,30.0,7.6,30.0,29.9,14.3,0.0,0.3,31.6,27.6,163.0,12.0,1.8,1.7,5.5
0.05,279,29.8,14.3,15.5,16.0,14.3,0.0,19.0,0.0,30.0,7.7,30.0,29.8,14.3,0.1,0.0,31.6,27.6,163.6,12.0,0.7,0.6,5.5
0.05,280,30.0,14.2,15.8,16.2,14.2,0.0,19.0,0.0,30.0,7.8,30.0,30.0,14.2,0.0,0.0,31.6,27.6,164.2,12.2,0.4,0.6,5.5
0.05,281,30.0,14.2,15.8,16.2,14.2,0.0,19.0,0.1,30.0,7.8,30.0,30.0,14.2,0.0,0.0,31.6,27.6,164.3,12.2,0.1,0.1,5.5
0.05,282,30.0,14.3,15.7,16.2,14.3,0.0,19.0,0.1,30.0,7.9,30.0,30.0,14.3,0.0,0.1,31.7,27.7,164.3,12.2,0.0,0.0,5.5
0.05,283,30.0,14.4,15.6,16.2,14.4,0.0,19.0,0.0,30.0,7.9,30.0,30.0,14.4,0.0,0.1,31.8,27.8,164.3,12.2,0.0,0.0,5.5
0.05,284,29.7,14.3,15.4,16.0,14.3,0.0,19.0,0.0,30.0,8.0,30.0,29.7,14.3,0.2,0.0,31.8,27.8,164.5,12.3,0.5,0.2,5.5
0.05,285,29.8,14.1,15.7,16.0,14.1,0.0,19.0,0.1,30.0,8.2,30.0,29.8,14.1,0.2,0.0,31.8,27.8,166.5,12.3,1.9,2.0,5.5
0.05,286,29.9,14.1,15.8,16.2,14.1,0.0,19.0,0.0,30.0,8.5,30.0,29.9,14.1,0.0,0.0,31.8,27.8,167.2,12.3,0.6,0.7,5.5
0.05,287,29.8,14.3,15.5,16.0,14.3,0.0,19.0,0.1,30.0,8.5,30.0,29.8,14.3,0.1,0.2,32.0,28.0,167.5,12.3,0.4,0.3,5.5
0.05,288,30.0,14.3,15.7,16.1,14.3,0.0,19.0,0.0,30.0,8.5,30.0,30.0,14.3,0.0,0.0,32.0,28.0,167.8,12.3,0.1,0.3,5.5
0.05,289,30.0,14.4,15.6,16.1,14.4,0.0,19.0,0.1,30.0,8.7,30.0,30.0,14.4,0.0,0.1,32.1,28.1,167.8,12.3,0.0,0.0,5.5
0.05,290,30.0,14.6,15.4,16.1,14.6,0.0,19.0,0.0,30.0,8.9,30.0,30.0,14.6,0.0,0.2,32.3,28.3,167.8,12.3,0.0,0.0,5.5
0.05,291,30.0,14.6,15.4,16.1,14.6,0.0,19.0,0.0,30.0,9.1,30.0,30.0,14.6,0.0,0.0,32.3,28.3,168.0,12.3,0.2,0.2,5.5
0.05,292,29.6,14.6,15.0,16.0,14.6,0.0,19.0,0.0,30.0,9.3,30.0,29.6,14.6,0.1,0.0,32.3,28.3,169.5,12.4,1.9,1.5,5.5
0.05,293,30.0,14.7,15.3,16.0,14.7,0.0,19.0,0.0,30.0,9.5,30.0,30.0,14.7,0.0,0.1,32.4,28.4,170.5,12.4,0.6,1.0,5.5
0.05,294,30.0,14.6,15.4,16.1,14.6,0.0,19.0,0.0,30.0,9.6,30.0,30.0,14.6,0.0,0.1,32.5,28.5,171.0,12.5,0.5,0.5,5.5
0.05,295,30.0,14.7,15.3,16.1,14.7,0.0,19.0,0.0,30.0,9.7,30.0,30.0,14.7,0.0,0.1,32.6,28.6,171.3,12.5,0.3,0.3,5.5
0.05,296,30.0,14.8,15.2,16.1,14.8,0.0,19.0,0.0,30.0,10.0,30.0,30.0,14.8,0.0,0.1,32.7,28.7,171.3,12.5,0.0,0.0,5.5
0.05,297,30.0,14.9,15.1,16.1,14.9,0.0,19.0,0.1,30.0,10.1,30.0,30.0,14.9,0.0,0.1,32.8,28.8,171.3,12.5,0.0,0.0,5.5
0.05,298,29.9,15.0,14.9,16.1,15.0,0.0,19.0,0.0,30.0,10.2,30.0,29.9,15.0,0.0,0.1,32.9,28.9,171.4,12.6,0.2,0.1,5.5
0.05,299,29.6,15.1,14.5,15.9,15.1,0.0,19.0,0.0,30.0,10.3,30.0,29.6,15.1,0.2,0.2,33.1,29.1,172.2,12.7,1.1,0.8,5.5
0.05,300,30.0,15.0,15.0,16.1,15.0,0.0,19.0,0.1,30.0,10.3,30.0,30.0,15.0,0.0,0.0,33.1,29.1,173.6,12.8,1.0,1.4,5.5
0.05,301,30.0,15.7,14.3,16.1,15.7,0.5,19.0,0.0,30.0,10.5,30.0,30.0,15.7,0.0,0.2,33.8,29.3,174.1,12.8,0.5,0.5,5.5
0.05,302,30.0,16.1,13.9,16.1,16.1,0.8,19.0,0.0,30.0,10.5,30.0,30.0,16.1,0.0,0.1,34.2,29.4,174.4,12.9,0.3,0.3,5.5
0.05,303,30.0,16.3,13.7,16.1,16.3,0.8,19.0,0.0,30.0,10.6,30.0,30.0,16.3,0.0,0.2,34.4,29.6,174.4,12.9,0.0,0.0,5.5
0.05,304,30.0,16.4,13.6,16.1,16.4,0.8,19.0,0.0,30.0,10.6,30.0,30.0,16.4,0.0,0.1,34.5,29.7,174.4,12.9,0.0,0.0,5.5
0.05,305,29.9,16.4,13.5,16.1,16.4,0.8,19.0,0.0,30.0,10.8,30.0,29.9,16.4,0.0,0.0,34.5,29.7,174.4,12.9,0.1,0.0,5.5
0.05,306,29.6,16.7,12.9,15.9,16.7,1.5,19.0,0.0,30.0,10.8,30.0,29.6,16.7,0.3,0.1,35.3,29.8,175.3,12.9,1.2,0.9,5.5
0.05,307,29.7,17.0,12.7,16.1,17.0,1.9,19.0,0.0,30.0,10.8,30.0,29.7,17.0,0.1,0.0,35.7,29.8,176.7,12.9,1.3,1.4,5.5
0.05,308,30.0,16.5,13.5,16.2,16.5,1.4,19.0,0.0,30.0,10.9,30.0,30.0,16.5,0.0,0.0,35.7,29.8,177.5,12.9,0.5,0.8,5.5
0.05,309,30.0,16.3,13.7,16.2,16.3,1.2,19.0,0.0,30.0,11.0,30.0,30.0,16.3,0.0,0.0,35.8,29.8,177.8,13.0,0.3,0.3,5.5
0.05,310,30.0,16.5,13.5,16.2,16.5,1.2,19.0,0.0,30.0,11.0,30.0,30.0,16.5,0.0,0.2,36.0,30.0,177.8,13.0,0.0,0.0,5.5
0.05,311,30.0,16.5,13.5,16.2,16.5,1.2,19.0,0.0,30.0,11.4,30.0,30.0,16.5,0.0,0.0,36.0,30.0,177.8,13.0,0.0,0.0,5.5
0.05,312,30.0,16.6,13.4,16.2,16.6,1.2,19.0,0.0,30.0,11.6,30.0,30.0,16.6,0.0,0.1,36.1,30.1,177.8,13.0,0.0,0.0,5.5
0.05,313,29.7,16.0,13.7,16.2,16.0,0.5,19.0,0.0,30.0,11.7,30.0,29.7,16.0,0.0,0.2,36.3,30.3,178.4,13.1,0.9,0.6,5.5
0.05,314,29.9,15.4,14.5,16.3,15.4,0.1,19.0,0.0,30.0,11.7,30.0,29.9,15.4,0.0,0.0,36.3,30.3,180.1,13.1,1.5,1.7,5.5
0.05,315,30.0,15.6,14.4,16.2,15.6,0.1,19.0,0.0,30.0,11.7,30.0,30.0,15.6,0.0,0.2,36.5,30.5,180.9,13.2,0.7,0.8,5.5
0.05,316,30.0,15.7,14.3,16.2,15.7,0.0,19.0,0.0,30.0,11.9,30.0,30.0,15.7,0.0,0.2,36.7,30.7,181.2,13.2,0.3,0.3,5.5
0.05,317,30.0,15.7,14.3,16.2,15.7,0.0,19.0,0.0,30.0,11.9,30.0,30.0,15.7,0.0,0.0,36.7,30.7,181.2,13.2,0.0,0.0,5.5
0.05,318,30.0,15.9,14.1,16.2,15.9,0.0,19.0,0.1,30.0,12.0,30.0,30.0,15.9,0.0,0.2,36.9,30.9,181.2,13.2,0.0,0.0,5.5
0.05,319,30.0,15.9,14.1,16.2,15.9,0.0,19.0,0.0,30.0,12.0,30.0,30.0,15.9,0.0,0.0,36.9,30.9,181.2,13.3,0.0,0.0,5.5
0.05,320,29.9,15.8,14.1,16.2,15.8,0.0,19.0,0.0,30.0,12.2,30.0,29.9,15.8,0.0,0.0,36.9,30.9,181.7,13.3,0.6,0.5,5.5
0.05,321,30.0,15.8,14.2,16.2,15.8,0.0,19.0,0.0,30.0,12.4,30.0,30.0,15.8,0.0,0.1,37.0,31.0,183.4,13.3,1.6,1.7,5.5
0.05,322,29.5,15.9,13.6,16.1,15.9,0.0,19.0,0.0,30.0,12.6,30.0,29.5,15.9,0.1,0.2,37.2,31.2,183.7,13.3,0.8,0.3,5.5
0.05,323,29.8,16.0,13.8,16.1,15.9,0.0,19.0,0.0,30.0,12.9,30.0,29.8,15.9,0.1,0.1,37.3,31.3,184.2,13.3,0.2,0.5,5.5
0.05,324,30.0,16.0,14.0,16.2,16.0,0.0,19.0,0.0,30.0,13.4,30.0,30.0,16.0,0.0,0.0,37.3,31.3,184.4,13.3,0.0,0.2,5.5
0.05,325,30.0,16.4,13.6,16.2,16.4,0.0,19.0,0.0,30.0,13.5,30.0,30.0,16.4,0.0,0.4,37.7,31.7,184.4,13.4,0.0,0.0,5.5
0.05,326,30.0,16.6,13.4,16.2,16.6,0.0,19.0,0.1,30.0,13.5,30.0,30.0,16.6,0.0,0.2,37.9,31.9,184.4,13.5,0.0,0.0,5.5
0.05,327,30.0,16.5,13.5,16.3,16.5,0.0,19.0,0.1,30.0,13.6,30.0,30.0,16.5,0.0,0.0,37.9,31.9,185.0,13.6,0.6,0.6,5.5
0.05,328,29.7,16.3,13.4,16.5,16.3,0.0,19.0,0.0,30.0,13.6,30.0,29.7,16.3,0.0,0.0,37.9,31.9,186.3,13.6,1.6,1.3,5.5
0.05,329,30.0,16.5,13.5,16.5,16.5,0.0,19.0,0.0,30.0,13.7,30.0,30.0,16.5,0.0,0.3,38.2,32.2,187.0,13.7,0.4,0.7,5.5
0.05,330,30.0,16.5,13.5,16.5,16.5,0.0,19.0,0.1,30.0,13.9,30.0,30.0,16.5,0.0,0.1,38.3,32.3,187.5,13.7,0.5,0.5,5.5
0.05,331,30.0,16.7,13.3,16.5,16.7,0.0,19.0,0.1,30.0,13.9,30.0,30.0,16.7,0.0,0.2,38.5,32.5,187.7,13.7,0.2,0.2,5.5
0.05,332,30.0,16.8,13.2,16.5,16.8,0.0,19.0,0.0,30.0,14.1,30.0,30.0,16.8,0.0,0.1,38.6,32.6,187.7,13.7,0.0,0.0,5.5
0.05,333,30.0,16.8,13.2,16.5,16.8,0.0,19.0,0.0,30.0,14.1,30.0,30.0,16.8,0.0,0.0,38.6,32.6,187.7,13.7,0.0,0.0,5.5
0.05,334,29.9,17.0,12.9,16.4,17.0,0.0,19.0,0.0,30.0,14.3,30.0,29.9,17.0,0.1,0.2,38.8,32.8,188.2,13.7,0.6,0.5,5.5
0.05,335,30.0,16.7,13.3,16.5,16.7,0.0,19.0,0.0,30.0,14.4,30.0,30.0,16.7,0.0,0.0,38.8,32.8,189.8,13.7,1.5,1.6,5.5
0.05,336,29.9,17.0,12.9,16.5,17.0,0.0,19.0,0.0,30.0,14.5,30.0,29.9,17.0,0.0,0.3,39.1,33.1,190.4,13.7,0.7,0.6,5.5
0.05,337,30.0,17.0,13.0,16.5,17.0,0.0,19.0,0.1,30.0,14.7,30.0,30.0,17.0,0.0,0.1,39.2,33.2,191.0,13.7,0.5,0.6,5.5
0.05,338,30.0,17.3,12.7,16.5,17.3,0.0,19.0,0.0,30.0,14.8,30.0,30.0,17.3,0.0,0.3,39.5,33.5,191.1,13.9,0.1,0.1,5.5
0.05,339,30.0,17.3,12.7,16.5,17.3,0.0,19.0,0.0,30.0,14.9,30.0,30.0,17.3,0.0,0.0,39.5,33.5,191.1,13.9,0.0,0.0,5.5
0.05,340,30.0,17.6,12.4,16.5,17.6,0.0,19.0,0.0,30.0,15.1,30.0,30.0,17.6,0.0,0.3,39.8,33.8,191.1,13.9,0.0,0.0,5.5
0.05,341,29.8,17.8,12.0,16.3,17.8,0.0,19.0,0.0,30.0,15.2,30.0,29.8,17.8,0.1,0.2,40.0,34.0,191.3,14.0,0.4,0.2,5.5
0.05,342,29.9,17.8,12.1,16.0,17.8,0.0,19.0,0.0,30.0,15.3,30.0,29.9,17.8,0.1,0.1,40.1,34.1,192.8,14.1,1.4,1.5,5.5
0.05,343,30.0,17.8,12.2,16.1,17.8,0.0,19.0,0.0,30.0,15.4,30.0,30.0,17.8,0.0,0.0,40.1,34.1,193.5,14.1,0.6,0.7,5.5
0.05,344,30.0,18.0,12.0,16.2,18.0,0.0,19.0,0.0,30.0,15.6,30.0,30.0,18.0,0.0,0.3,40.4,34.4,194.1,14.3,0.6,0.6,5.5
0.05,345,30.0,18.2,11.8,16.2,18.2,0.0,19.0,0.0,30.0,15.7,30.0,30.0,18.2,0.0,0.3,40.7,34.7,194.3,14.3,0.2,0.2,5.5
0.05,346,30.0,18.3,11.7,16.2,18.3,0.0,19.0,0.0,30.0,15.9,30.0,30.0,18.3,0.0,0.1,40.8,34.8,194.3,14.3,0.0,0.0,5.5
0.05,347,30.0,18.3,11.7,16.2,18.3,0.0,19.0,0.0,30.0,16.0,30.0,30.0,18.3,0.0,0.0,40.8,34.8,194.3,14.5,0.0,0.0,5.5
0.05,348,29.9,18.2,11.7,16.3,18.2,0.0,19.0,0.1,30.0,16.0,30.0,29.9,18.2,0.0,0.0,40.8,34.8,194.4,14.5,0.2,0.1,5.5
0.05,349,29.7,18.1,11.6,16.2,18.1,0.0,19.0,0.1,30.0,16.0,30.0,29.7,18.1,0.0,0.2,41.0,35.0,195.8,14.8,1.6,1.4,5.5
0.05,350,30.0,18.3,11.7,16.1,18.3,0.0,19.0,0.1,30.0,16.3,30.0,30.0,18.3,0.0,0.2,41.2,35.2,196.6,14.9,0.5,0.8,5.5
0.05,351,30.0,18.3,11.7,16.0,18.3,0.0,19.0,0.0,30.0,16.3,30.0,30.0,18.3,0.0,0.1,41.3,35.3,197.2,14.9,0.6,0.6,5.5
0.05,352,29.9,18.5,11.4,16.0,18.5,0.0,19.0,0.1,30.0,16.4,30.0,29.9,18.5,0.0,0.2,41.5,35.5,197.3,15.1,0.2,0.1,5.5
0.05,353,30.0,18.6,11.4,16.0,18.6,0.0,19.0,0.0,30.0,16.5,30.0,30.0,18.6,0.0,0.1,41.6,35.6,197.4,15.1,0.0,0.1,5.5
0.05,354,30.0,18.7,11.3,16.0,18.7,0.0,19.0,0.1,30.0,16.5,30.0,30.0,18.7,0.0,0.1,41.7,35.7,197.4,15.3,0.0,0.0,5.5
0.05,355,30.0,18.8,11.2,16.1,18.8,0.0,19.0,0.0,30.0,16.5,30.0,30.0,18.8,0.0,0.2,41.9,35.9,197.5,15.3,0.1,0.1,5.5
0.05,356,29.5,18.8,10.7,15.7,18.7,0.0,19.0,0.0,30.0,16.6,30.0,29.5,18.7,0.2,0.2,42.1,36.1,198.4,15.4,1.4,0.9,5.5
0.05,357,29.9,18.7,11.2,15.9,18.7,0.0,19.0,0.1,30.0,16.6,30.0,29.9,18.7,0.1,0.1,42.2,36.2,199.4,15.4,0.6,1.0,5.5
0.05,358,30.0,18.7,11.3,16.0,18.7,0.0,19.0,0.0,30.0,16.7,30.0,30.0,18.7,0.0,0.1,42.3,36.3,200.2,15.4,0.7,0.8,5.5
0.05,359,30.0,18.9,11.1,16.0,18.9,0.0,19.0,0.1,30.0,16.9,30.0,30.0,18.9,0.0,0.2,42.5,36.5,200.2,15.4,0.0,0.0,5.5
0.05,360,30.0,19.1,10.9,16.0,19.1,0.0,19.0,0.1,30.0,16.9,30.0,30.0,19.1,0.0,0.2,42.7,36.7,200.2,15.5,0.0,0.0,5.5
0.05,361,30.0,19.2,10.8,16.0,19.2,0.0,19.0,0.0,30.0,17.0,30.0,30.0,19.2,0.0,0.1,42.8,36.8,200.2,15.6,0.0,0.0,5.5
0.05,362,29.9,19.3,10.6,15.8,19.3,0.0,19.0,0.0,30.0,17.2,30.0,29.9,19.3,0.1,0.2,43.0,37.0,200.3,15.6,0.2,0.1,5.5
0.05,363,30.0,19.4,10.6,15.7,19.4,0.0,19.0,0.1,30.0,17.3,30.0,30.0,19.4,0.0,0.3,43.3,37.3,201.1,15.6,0.7,0.8,5.5
0.05,364,30.0,19.1,10.9,15.9,19.1,0.0,19.0,0.0,30.0,17.3,30.0,30.0,19.1,0.0,0.1,43.4,37.4,202.4,15.7,1.3,1.3,5.5
0.05,365,29.8,19.1,10.7,15.9,19.1,0.0,19.0,0.0,30.0,17.4,30.0,29.8,19.1,0.0,0.0,43.4,37.4,202.8,15.7,0.6,0.4,5.5
0.05,366,30.0,19.0,11.0,15.9,19.0,0.0,19.0,0.0,30.0,17.5,30.0,30.0,19.0,0.0,0.0,43.4,37.4,203.1,15.8,0.1,0.3,5.5
0.05,367,30.0,19.1,10.9,16.0,19.1,0.0,19.0,0.0,30.0,17.7,30.0,30.0,19.1,0.0,0.2,43.6,37.6,203.2,15.8,0.1,0.1,5.5
0.05,368,30.0,19.1,10.9,16.0,19.1,0.0,19.0,0.0,30.0,17.8,30.0,30.0,19.1,0.0,0.0,43.6,37.6,203.2,15.9,0.0,0.0,5.5
0.05,369,30.0,19.4,10.6,16.0,19.4,0.0,19.0,0.1,30.0,17.8,30.0,30.0,19.4,0.0,0.3,43.9,37.9,203.3,15.9,0.1,0.1,5.5
0.05,370,29.8,19.3,10.5,16.0,19.3,0.0,19.0,0.0,30.0,18.0,30.0,29.8,19.3,0.0,0.3,44.2,38.2,204.1,16.1,1.0,0.8,5.5
0.05,371,30.0,19.3,10.7,15.9,19.3,0.0,19.0,0.0,30.0,18.1,30.0,30.0,19.3,0.0,0.1,44.3,38.3,205.3,16.1,1.0,1.2,5.5
0.05,372,29.7,19.2,10.5,15.9,19.2,0.0,19.0,0.2,30.0,18.3,30.0,29.7,19.2,0.1,0.1,44.4,38.4,205.6,16.2,0.6,0.3,5.5
0.05,373,30.0,19.3,10.7,15.9,19.3,0.0,19.0,0.1,30.0,18.4,30.0,30.0,19.3,0.0,0.1,44.5,38.5,206.2,16.3,0.3,0.6,5.5
0.05,374,30.0,19.4,10.6,15.9,19.4,0.0,19.0,0.1,30.0,18.5,30.0,30.0,19.4,0.0,0.1,44.6,38.6,206.3,16.4,0.1,0.1,5.5
0.05,375,30.0,19.6,10.4,15.9,19.6,0.0,19.0,0.0,30.0,18.7,30.0,30.0,19.6,0.0,0.2,44.8,38.8,206.3,16.4,0.0,0.0,5.5
0.05,376,29.9,19.7,10.2,15.9,19.7,0.0,19.0,0.1,30.0,18.9,30.0,29.9,19.7,0.0,0.1,44.9,38.9,206.3,16.5,0.1,0.0,5.5
0.05,377,29.8,19.9,9.9,16.0,19.9,0.0,19.0,0.0,30.0,19.1,30.0,29.8,19.9,0.0,0.4,45.3,39.3,207.0,16.7,0.8,0.7,5.5
0.05,378,30.0,19.6,10.4,16.1,19.6,0.0,19.0,0.0,30.0,19.1,30.0,30.0,19.6,0.0,0.1,45.4,39.4,208.5,16.7,1.3,1.5,5.5
0.05,379,30.0,19.7,10.3,16.0,19.7,0.0,19.0,0.2,30.0,19.3,30.0,30.0,19.7,0.0,0.1,45.5,39.5,208.7,16.7,0.2,0.2,5.5
0.05,380,30.0,19.8,10.2,16.0,19.8,0.0,19.0,0.0,30.0,19.6,30.0,30.0,19.8,0.0,0.1,45.6,39.6,209.2,16.7,0.5,0.5,5.5
0.05,381,30.0,19.9,10.1,16.0,19.9,0.0,19.0,0.0,30.0,19.8,30.0,30.0,19.9,0.0,0.1,45.7,39.7,209.3,16.7,0.1,0.1,5.5
0.05,382,30.0,20.2,9.8,16.0,20.2,0.0,19.0,0.0,30.0,19.8,30.0,30.0,20.2,0.0,0.3,46.0,40.0,209.3,16.8,0.0,0.0,5.5
0.05,383,30.0,20.6,9.4,16.0,20.6,0.0,19.0,0.0,30.0,19.8,30.0,30.0,20.6,0.0,0.4,46.4,40.4,209.3,16.8,0.0,0.0,5.5
0.05,384,29.7,20.5,9.2,15.8,20.5,0.0,19.0,0.1,30.0,20.0,30.0,29.7,20.5,0.1,0.1,46.5,40.5,209.8,16.9,0.8,0.5,5.5
0.05,385,29.9,20.4,9.5,15.8,20.4,0.0,19.0,0.1,30.0,20.0,30.0,29.9,20.4,0.0,0.2,46.7,40.7,211.5,16.9,1.5,1.7,5.5
0.05,386,30.0,20.3,9.7,15.8,20.3,0.0,19.0,0.0,30.0,20.3,30.0,30.0,20.3,0.0,0.0,46.7,40.7,211.8,16.9,0.2,0.3,5.5
0.05,387,30.0,20.4,9.6,15.9,20.4,0.0,19.0,0.2,30.0,20.4,30.0,30.0,20.4,0.0,0.2,46.9,40.9,212.2,17.0,0.4,0.4,5.5
0.05,388,29.9,20.7,9.2,15.8,20.7,0.0,19.0,0.1,30.0,20.6,30.0,29.9,20.7,0.1,0.3,47.2,41.2,212.2,17.1,0.1,0.0,5.5
0.05,389,30.0,20.9,9.1,15.9,20.9,0.0,19.0,0.0,30.0,20.6,30.0,30.0,20.9,0.0,0.2,47.4,41.4,212.3,17.1,0.0,0.1,5.5
0.05,390,30.0,20.9,9.1,15.9,20.9,0.0,19.0,0.0,30.0,20.6,30.0,30.0,20.9,0.0,0.0,47.4,41.4,212.3,17.2,0.0,0.0,5.5
0.05,391,29.8,20.9,8.9,15.7,20.9,0.0,19.0,0.0,30.0,20.6,30.0,29.8,20.9,0.0,0.1,47.5,41.5,212.7,17.3,0.6,0.4,5.5
0.05,392,29.7,20.9,8.8,15.7,20.9,0.0,19.0,0.0,30.0,20.6,30.0,29.7,20.9,0.1,0.3,47.8,41.8,214.3,17.3,1.7,1.6,5.5
0.05,393,30.0,20.9,9.1,15.8,20.9,0.0,19.0,0.0,30.0,20.6,30.0,30.0,20.9,0.0,0.1,47.9,41.9,214.9,17.3,0.3,0.6,5.5
0.05,394,29.9,20.7,9.2,15.9,20.7,0.0,19.0,0.0,30.0,20.8,30.0,29.9,20.7,0.0,0.0,47.9,41.9,215.2,17.3,0.4,0.3,5.5
0.05,395,30.0,20.8,9.2,15.9,20.8,0.0,19.0,0.0,30.0,20.8,30.0,30.0,20.8,0.0,0.1,48.0,42.0,215.3,17.4,0.0,0.1,5.5
0.05,396,30.0,20.8,9.2,15.9,20.8,0.0,19.0,0.0,30.0,20.8,30.0,30.0,20.8,0.0,0.0,48.0,42.0,215.4,17.6,0.1,0.1,5.5
0.05,397,30.0,21.0,9.0,15.9,21.0,0.0,19.0,0.1,30.0,20.9,30.0,30.0,21.0,0.0,0.2,48.2,42.2,215.4,17.6,0.0,0.0,5.5
0.05,398,30.0,21.3,8.7,15.9,21.3,0.0,19.0,0.1,30.0,21.0,30.0,30.0,21.3,0.0,0.3,48.5,42.5,215.7,17.9,0.3,0.3,5.5
0.05,399,29.8,21.0,8.8,15.8,21.0,0.0,19.0,0.0,30.0,21.0,30.0,29.8,21.0,0.1,0.0,48.5,42.5,217.0,17.9,1.5,1.3,5.5
0.05,400,30.0,21.1,8.9,16.0,21.1,0.0,19.0,0.1,30.0,2.2,30.0,30.0,21.1,0.0,0.2,48.7,42.7,217.8,17.9,0.6,0.8,5.5
0.05,401,29.9,20.9,9.0,15.9,20.9,0.0,19.0,0.0,30.0,2.3,30.0,29.9,20.9,0.0,0.0,48.7,42.7,218.2,17.9,0.5,0.4,5.5
0.05,402,30.0,20.9,9.1,15.9,20.9,0.0,19.0,0.0,30.0,2.7,30.0,30.0,20.9,0.0,0.0,48.7,42.7,218.4,17.9,0.1,0.2,5.5
0.05,403,30.0,21.0,9.0,15.8,21.0,0.0,19.0,0.0,30.0,2.9,30.0,30.0,21.0,0.0,0.1,48.8,42.8,218.5,17.9,0.1,0.1,5.5
0.05,404,30.0,21.0,9.0,15.8,21.0,0.0,19.0,0.0,30.0,2.9,30.0,30.0,21.0,0.0,0.0,48.8,42.8,218.5,17.9,0.0,0.0,5.5
0.05,405,29.9,21.0,8.9,15.9,21.0,0.0,19.0,0.0,30.0,3.0,30.0,29.9,21.0,0.0,0.1,48.9,42.9,218.8,17.9,0.4,0.3,5.5
0.05,406,29.8,20.6,9.2,16.0,20.6,0.0,19.0,0.0,30.0,3.2,30.0,29.8,20.6,0.1,0.0,48.9,42.9,220.4,17.9,1.7,1.6,5.5
0.05,407,29.7,20.5,9.2,16.0,20.5,0.0,19.0,0.0,30.0,3.4,30.0,29.7,20.5,0.0,0.0,48.9,42.9,221.1,17.9,0.8,0.7,5.5
0.05,408,29.9,20.6,9.3,16.0,20.6,0.0,19.0,0.0,30.0,3.4,30.0,29.9,20.6,0.0,0.1,49.0,43.0,221.7,17.9,0.4,0.6,5.5
0.05,409,30.0,20.6,9.4,16.0,20.6,0.0,19.0,0.0,30.0,3.5,30.0,30.0,20.6,0.0,0.0,49.0,43.0,222.0,17.9,0.2,0.3,5.5
0.05,410,30.0,20.6,9.4,16.0,20.6,0.0,19.0,0.0,30.0,3.6,30.0,30.0,20.6,0.0,0.0,49.0,43.0,222.1,17.9,0.1,0.1,5.5
0.05,411,30.0,20.7,9.3,16.0,20.7,0.0,19.0,0.1,30.0,3.7,30.0,30.0,20.7,0.0,0.1,49.1,43.1,222.1,17.9,0.0,0.0,5.5
0.05,412,30.0,20.7,9.3,16.0,20.7,0.0,19.0,0.0,30.0,3.8,30.0,30.0,20.7,0.0,0.0,49.1,43.1,222.4,18.0,0.3,0.3,5.5
0.05,413,30.0,20.7,9.3,16.0,20.7,0.0,19.0,0.0,30.0,3.8,30.0,30.0,20.7,0.0,0.0,49.1,43.1,223.9,18.0,1.5,1.5,5.5
0.05,414,29.9,20.6,9.3,15.9,20.6,0.0,19.0,0.0,30.0,4.0,30.0,29.9,20.6,0.0,0.0,49.1,43.1,224.6,18.0,0.8,0.7,5.5
0.05,415,29.9,20.6,9.3,15.8,20.6,0.0,19.0,0.0,30.0,4.1,30.0,29.9,20.6,0.1,0.0,49.1,43.1,225.2,18.0,0.6,0.6,5.5
0.05,416,30.0,20.6,9.4,15.9,20.6,0.0,19.0,0.0,30.0,4.1,30.0,30.0,20.6,0.0,0.0,49.1,43.1,225.6,18.0,0.3,0.4,5.5
0.05,417,30.0,20.6,9.4,15.9,20.6,0.0,19.0,0.0,30.0,4.1,30.0,30.0,20.6,0.0,0.0,49.1,43.1,225.7,18.0,0.1,0.1,5.5
0.05,418,30.0,20.6,9.4,15.9,20.6,0.0,19.0,0.0,30.0,4.2,30.0,30.0,20.6,0.0,0.0,49.1,43.1,225.7,18.0,0.0,0.0,5.5
0.05,419,29.9,20.6,9.3,15.8,20.6,0.0,19.0,0.0,30.0,4.2,30.0,29.9,20.6,0.1,0.0,49.1,43.1,225.9,18.0,0.3,0.2,5.5
0.05,420,29.8,20.5,9.3,15.8,20.5,0.0,19.0,0.1,30.0,4.5,30.0,29.8,20.5,0.1,0.0,49.1,43.1,227.4,18.0,1.6,1.5,5.5
0.05,421,30.0,20.5,9.5,15.9,20.5,0.0,19.0,0.0,30.0,4.5,30.0,30.0,20.5,0.0,0.0,49.1,43.1,228.3,18.0,0.7,0.9,5.5
0.05,422,29.7,20.7,9.0,15.8,20.7,0.0,19.0,0.1,30.0,4.9,30.0,29.7,20.7,0.1,0.2,49.3,43.3,228.5,18.0,0.5,0.2,5.5
0.05,423,30.0,20.7,9.3,15.9,20.7,0.0,19.0,0.0,30.0,5.0,30.0,30.0,20.7,0.0,0.0,49.3,43.3,229.2,18.0,0.4,0.7,5.5
0.05,424,30.0,20.7,9.3,15.9,20.7,0.0,19.0,0.0,30.0,5.2,30.0,30.0,20.7,0.0,0.0,49.3,43.3,229.3,18.0,0.1,0.1,5.5
0.05,425,30.0,20.9,9.1,15.9,20.9,0.0,19.0,0.0,30.0,5.4,30.0,30.0,20.9,0.0,0.2,49.5,43.5,229.3,18.0,0.0,0.0,5.5
0.05,426,29.9,20.9,9.0,15.9,20.9,0.0,19.0,0.1,30.0,5.5,30.0,29.9,20.9,0.0,0.0,49.5,43.5,229.4,18.0,0.2,0.1,5.5
0.05,427,30.0,20.9,9.1,15.9,20.9,0.0,19.0,0.0,30.0,5.6,30.0,30.0,20.9,0.0,0.0,49.5,43.5,230.8,18.0,1.3,1.4,5.5
0.05,428,29.9,20.9,9.0,15.8,20.9,0.0,19.0,0.0,30.0,5.9,30.0,29.9,20.9,0.1,0.0,49.5,43.5,231.5,18.0,0.8,0.7,5.5
0.05,429,30.0,20.8,9.2,15.9,20.8,0.0,19.0,0.0,30.0,5.9,30.0,30.0,20.8,0.0,0.0,49.5,43.5,231.9,18.0,0.3,0.4,5.5
0.05,430,30.0,20.8,9.2,15.9,20.8,0.0,19.0,0.1,30.0,6.1,30.0,30.0,20.8,0.0,0.0,49.5,43.5,232.6,18.0,0.7,0.7,5.5
0.05,431,30.0,20.9,9.1,15.9,20.9,0.0,19.0,0.0,30.0,6.2,30.0,30.0,20.9,0.0,0.1,49.6,43.6,232.7,18.1,0.1,0.1,5.5
0.05,432,30.0,20.9,9.1,15.9,20.9,0.0,19.0,0.0,30.0,6.2,30.0,30.0,20.9,0.0,0.0,49.6,43.6,232.7,18.1,0.0,0.0,5.5
0.05,433,30.0,21.0,9.0,15.9,21.0,0.0,19.0,0.0,30.0,6.3,30.0,30.0,21.0,0.0,0.1,49.7,43.7,232.8,18.1,0.1,0.1,5.5
0.05,434,29.8,20.8,9.0,16.0,20.8,0.0,19.0,0.0,30.0,6.3,30.0,29.8,20.8,0.0,0.0,49.7,43.7,234.1,18.1,1.5,1.3,5.5
0.05,435,30.0,20.7,9.3,16.0,20.7,0.0,19.0,0.0,30.0,6.3,30.0,30.0,20.7,0.0,0.0,49.7,43.7,235.0,18.1,0.7,0.9,5.5
0.05,436,29.9,20.7,9.2,16.0,20.7,0.0,19.0,0.0,30.0,6.7,30.0,29.9,20.7,0.0,0.0,49.7,43.7,235.3,18.1,0.4,0.3,5.5
0.05,437,29.9,20.7,9.2,16.0,20.7,0.0,19.0,0.0,30.0,6.8,30.0,29.9,20.7,0.0,0.0,49.7,43.7,236.0,18.1,0.7,0.7,5.5
0.05,438,30.0,20.7,9.3,16.0,20.7,0.0,19.0,0.0,30.0,6.9,30.0,30.0,20.7,0.0,0.0,49.7,43.7,236.2,18.1,0.1,0.2,5.5
0.05,439,30.0,20.7,9.3,16.0,20.7,0.0,19.0,0.0,30.0,6.9,30.0,30.0,20.7,0.0,0.0,49.7,43.7,236.2,18.1,0.0,0.0,5.5
0.05,440,29.9,20.7,9.2,16.0,20.7,0.0,19.0,0.0,30.0,7.1,30.0,29.9,20.7,0.0,0.0,49.7,43.7,236.2,18.1,0.1,0.0,5.5
0.05,441,29.8,20.6,9.2,15.8,20.6,0.0,19.0,0.0,30.0,7.1,30.0,29.8,20.6,0.1,0.0,49.7,43.7,237.5,18.1,1.4,1.3,5.5
0.05,442,29.9,20.5,9.4,15.9,20.5,0.0,19.0,0.0,30.0,7.3,30.0,29.9,20.5,0.0,0.0,49.7,43.7,238.6,18.1,1.0,1.1,5.5
0.05,443,29.9,20.6,9.3,15.9,20.6,0.0,19.0,0.0,30.0,7.8,30.0,29.9,20.6,0.0,0.1,49.8,43.8,238.9,18.1,0.3,0.3,5.5
0.05,444,29.9,20.6,9.3,15.9,20.6,0.0,19.0,0.0,30.0,8.0,30.0,29.9,20.6,0.0,0.0,49.8,43.8,239.6,18.1,0.7,0.7,5.5
0.05,445,30.0,20.7,9.3,15.9,20.7,0.0,19.0,0.0,30.0,8.3,30.0,30.0,20.7,0.0,0.1,49.9,43.9,239.9,18.1,0.2,0.3,5.5
0.05,446,30.0,20.7,9.3,15.9,20.7,0.0,19.0,0.0,30.0,8.5,30.0,30.0,20.7,0.0,0.0,49.9,43.9,239.9,18.1,0.0,0.0,5.5
0.05,447,30.0,20.7,9.3,15.9,20.7,0.0,19.0,0.1,30.0,8.7,30.0,30.0,20.7,0.0,0.0,49.9,43.9,239.9,18.1,0.0,0.0,5.5
0.05,448,29.5,20.8,8.7,15.7,20.8,0.0,19.0,0.0,30.0,8.7,30.0,29.5,20.8,0.2,0.1,50.0,44.0,240.7,18.1,1.3,0.8,5.5
0.05,449,29.7,20.9,8.8,15.8,20.9,0.0,19.0,0.0,30.0,8.9,30.0,29.7,20.9,0.1,0.1,50.1,44.1,241.8,18.2,0.9,1.1,5.5
0.05,450,30.0,20.9,9.1,15.9,20.9,0.0,19.0,0.1,30.0,9.2,30.0,30.0,20.9,0.0,0.0,50.1,44.1,242.4,18.2,0.3,0.6,5.5
0.05,451,29.9,20.9,9.0,15.8,20.9,0.0,19.0,0.0,30.0,9.5,30.0,29.9,20.9,0.1,0.0,50.1,44.1,243.0,18.2,0.7,0.6,5.5
0.05,452,30.0,20.9,9.1,15.9,20.9,0.0,19.0,0.0,30.0,9.5,30.0,30.0,20.9,0.0,0.0,50.1,44.1,243.4,18.2,0.3,0.4,5.5
0.05,453,30.0,20.9,9.1,15.9,20.9,0.0,19.0,0.0,30.0,9.7,30.0,30.0,20.9,0.0,0.0,50.1,44.1,243.4,18.2,0.0,0.0,5.5
0.05,454,30.0,20.9,9.1,15.9,20.9,0.0,19.0,0.0,30.0,9.9,30.0,30.0,20.9,0.0,0.0,50.1,44.1,243.4,18.2,0.0,0.0,5.5
0.05,455,29.9,20.9,9.0,15.8,20.9,0.0,19.0,0.0,30.0,10.0,30.0,29.9,20.9,0.1,0.0,50.1,44.1,244.0,18.2,0.7,0.6,5.5
0.05,456,30.0,20.7,9.3,15.8,20.7,0.0,19.0,0.1,30.0,10.2,30.0,30.0,20.7,0.0,0.0,50.1,44.1,245.4,18.2,1.3,1.4,5.5
0.05,457,30.0,20.9,9.1,15.8,20.9,0.0,19.0,0.1,30.0,10.4,30.0,30.0,20.9,0.0,0.2,50.3,44.3,246.0,18.2,0.6,0.6,5.5
0.05,458,30.0,20.9,9.1,15.8,20.9,0.0,19.0,0.1,30.0,10.9,30.0,30.0,20.9,0.0,0.0,50.3,44.3,246.6,18.2,0.6,0.6,5.5
0.05,459,30.0,20.9,9.1,15.8,20.9,0.0,19.0,0.0,30.0,11.3,30.0,30.0,20.9,0.0,0.0,50.3,44.3,247.0,18.2,0.4,0.4,5.5
0.05,460,30.0,20.9,9.1,15.8,20.9,0.0,19.0,0.0,30.0,11.5,30.0,30.0,20.9,0.0,0.0,50.3,44.3,247.0,18.2,0.0,0.0,5.5
0.05,461,30.0,20.9,9.1,15.8,20.9,0.0,19.0,0.0,30.0,11.8,30.0,30.0,20.9,0.0,0.0,50.3,44.3,247.0,18.2,0.0,0.0,5.5
0.05,462,30.0,20.9,9.1,15.8,20.9,0.0,19.0,0.1,30.0,12.0,30.0,30.0,20.9,0.0,0.1,50.4,44.4,247.7,18.2,0.7,0.7,5.5
0.05,463,29.9,20.9,9.0,15.8,20.9,0.0,19.0,0.0,30.0,12.2,30.0,29.9,20.9,0.0,0.0,50.4,44.4,248.8,18.2,1.2,1.1,5.5
0.05,464,30.0,21.0,9.0,15.8,21.0,0.0,19.0,0.1,30.0,12.4,30.0,30.0,21.0,0.0,0.1,50.5,44.5,249.4,18.2,0.5,0.6,5.5
0.05,465,29.9,21.1,8.8,15.8,21.1,0.0,19.0,0.1,30.0,12.6,30.0,29.9,21.1,0.0,0.1,50.6,44.6,249.9,18.2,0.6,0.5,5.5
0.05,466,30.0,21.1,8.9,15.8,21.1,0.0,19.0,0.0,30.0,12.8,30.0,30.0,21.1,0.0,0.0,50.6,44.6,250.4,18.3,0.4,0.5,5.5
0.05,467,30.0,21.1,8.9,15.8,21.1,0.0,19.0,0.2,30.0,12.9,30.0,30.0,21.1,0.0,0.0,50.6,44.6,250.4,18.3,0.0,0.0,5.5
0.05,468,30.0,21.1,8.9,15.8,21.1,0.0,19.0,0.0,30.0,13.2,30.0,30.0,21.1,0.0,0.0,50.6,44.6,250.4,18.3,0.0,0.0,5.5
0.05,469,29.8,21.1,8.7,15.8,21.1,0.0,19.0,0.1,30.0,13.2,30.0,29.8,21.1,0.0,0.0,50.6,44.6,250.9,18.4,0.7,0.5,5.5
0.05,470,29.7,20.9,8.8,15.5,20.9,0.0,19.0,0.1,30.0,13.7,30.0,29.7,20.9,0.3,0.0,50.6,44.6,252.0,18.4,1.2,1.1,5.5
0.05,471,29.9,21.0,8.9,15.9,21.0,0.0,19.0,0.1,30.0,13.8,30.0,29.9,21.0,0.0,0.2,50.8,44.8,252.8,18.4,0.6,0.8,5.5
0.05,472,29.8,21.0,8.8,15.8,21.0,0.0,19.0,0.0,30.0,13.9,30.0,29.8,21.0,0.1,0.0,50.8,44.8,253.2,18.4,0.5,0.4,5.5
0.05,473,29.9,21.1,8.8,15.9,21.1,0.0,19.0,0.0,30.0,13.9,30.0,29.9,21.1,0.0,0.1,50.9,44.9,253.7,18.4,0.4,0.5,5.5
0.05,474,30.0,21.1,8.9,15.9,21.1,0.0,19.0,0.0,30.0,14.2,30.0,30.0,21.1,0.0,0.0,50.9,44.9,253.8,18.4,0.0,0.1,5.5
0.05,475,30.0,21.1,8.9,15.9,21.1,0.0,19.0,0.0,30.0,14.2,30.0,30.0,21.1,0.0,0.0,50.9,44.9,253.8,18.4,0.0,0.0,5.5
0.05,476,29.9,21.1,8.8,15.9,21.1,0.0,19.0,0.1,30.0,14.2,30.0,29.9,21.1,0.0,0.0,50.9,44.9,254.1,18.4,0.4,0.3,5.5
0.05,477,30.0,21.1,8.9,16.0,21.1,0.0,19.0,0.1,30.0,14.3,30.0,30.0,21.1,0.0,0.1,51.0,45.0,255.3,18.4,1.1,1.2,5.5
0.05,478,30.0,21.0,9.0,16.0,21.0,0.0,19.0,0.0,30.0,14.5,30.0,30.0,21.0,0.0,0.0,51.0,45.0,256.2,18.4,0.9,0.9,5.5
0.05,479,30.0,21.1,8.9,16.0,21.1,0.0,19.0,0.0,30.0,14.7,30.0,30.0,21.1,0.0,0.1,51.1,45.1,256.6,18.4,0.4,0.4,5.5
0.05,480,30.0,21.0,9.0,15.9,21.0,0.0,19.0,0.0,30.0,14.8,30.0,30.0,21.0,0.0,0.0,51.1,45.1,257.2,18.4,0.6,0.6,5.5
0.05,481,30.0,21.2,8.8,15.9,21.2,0.1,19.0,0.2,30.0,14.9,30.0,30.0,21.2,0.0,0.1,51.3,45.2,257.3,18.4,0.1,0.1,5.5
0.05,482,30.0,21.2,8.8,15.9,21.2,0.1,19.0,0.2,30.0,15.0,30.0,30.0,21.2,0.0,0.0,51.3,45.2,257.3,18.4,0.0,0.0,5.5
0.05,483,30.0,21.5,8.5,15.9,21.5,0.5,19.0,0.0,30.0,15.1,30.0,30.0,21.5,0.0,0.0,51.7,45.2,257.7,18.4,0.4,0.4,5.5
0.05,484,29.8,22.0,7.8,15.9,22.0,1.0,19.0,0.0,30.0,15.1,30.0,29.8,22.0,0.0,0.1,52.3,45.3,258.7,18.4,1.2,1.0,5.5
0.05,485,29.9,22.0,7.9,15.9,22.0,1.0,19.0,0.1,30.0,15.2,30.0,29.9,22.0,0.0,0.0,52.3,45.3,259.7,18.4,0.9,1.0,5.5
0.05,486,30.0,22.2,7.8,15.9,22.2,1.0,19.0,0.0,30.0,15.2,30.0,30.0,22.2,0.0,0.2,52.5,45.5,260.2,18.4,0.4,0.5,5.5
0.05,487,29.9,22.3,7.6,15.9,22.3,1.0,19.0,0.1,30.0,15.2,30.0,29.9,22.3,0.0,0.1,52.6,45.6,260.6,18.4,0.5,0.4,5.5
0.05,488,30.0,22.2,7.8,15.9,22.2,0.9,19.0,0.1,30.0,15.5,30.0,30.0,22.2,0.0,0.0,52.6,45.6,260.8,18.4,0.1,0.2,5.5
0.05,489,30.0,22.2,7.8,15.9,22.2,0.9,19.0,0.0,30.0,15.5,30.0,30.0,22.2,0.0,0.0,52.6,45.6,260.8,18.4,0.0,0.0,5.5
0.05,490,29.8,22.0,7.8,15.9,22.0,0.5,19.0,0.0,30.0,15.7,30.0,29.8,22.0,0.0,0.2,52.8,45.8,261.0,18.4,0.4,0.2,5.5
0.05,491,30.0,21.5,8.5,15.9,21.5,0.0,19.0,0.1,30.0,16.0,30.0,30.0,21.5,0.0,0.1,52.9,45.9,262.1,18.5,0.9,1.1,5.5
0.05,492,29.9,21.6,8.3,15.7,21.6,0.0,19.0,0.0,30.0,16.0,30.0,29.9,21.6,0.1,0.1,53.0,46.0,262.9,18.6,0.9,0.8,5.5
0.05,493,30.0,21.7,8.3,15.8,21.7,0.0,19.0,0.0,30.0,16.4,30.0,30.0,21.7,0.0,0.1,53.1,46.1,263.5,18.6,0.5,0.6,5.5
0.05,494,30.0,21.8,8.2,15.9,21.8,0.0,19.0,0.0,30.0,16.6,30.0,30.0,21.8,0.0,0.2,53.3,46.3,264.0,18.6,0.5,0.5,5.5
0.05,495,30.0,21.9,8.1,15.9,21.9,0.0,19.0,0.1,30.0,16.6,30.0,30.0,21.9,0.0,0.1,53.4,46.4,264.2,18.6,0.2,0.2,5.5
0.05,496,30.0,22.2,7.8,15.9,22.2,0.0,19.0,0.0,30.0,16.7,30.0,30.0,22.2,0.0,0.3,53.7,46.7,264.2,18.6,0.0,0.0,5.5
0.05,497,29.9,22.6,7.3,15.8,22.6,0.0,19.0,0.1,30.0,16.8,30.0,29.9,22.6,0.1,0.4,54.1,47.1,264.2,18.6,0.1,0.0,5.5
0.05,498,30.0,22.4,7.6,15.9,22.4,0.0,19.0,0.0,30.0,16.9,30.0,30.0,22.4,0.0,0.0,54.1,47.1,265.4,18.6,1.1,1.2,5.5
0.05,499,29.9,22.4,7.5,15.8,22.4,0.0,19.0,0.0,30.0,17.2,30.0,29.9,22.4,0.1,0.1,54.2,47.2,265.9,18.6,0.6,0.5,5.5
0.05,500,30.0,22.4,7.6,15.9,22.4,0.0,19.0,0.0,30.0,17.3,30.0,30.0,22.4,0.0,0.0,54.2,47.2,266.6,18.6,0.6,0.7,5.5
0.05,501,30.0,22.4,7.6,15.9,22.4,0.0,19.0,0.0,30.0,17.6,30.0,30.0,22.4,0.0,0.0,54.2,47.2,267.1,18.6,0.5,0.5,5.5
0.05,502,30.0,22.5,7.5,15.9,22.5,0.0,19.0,0.0,30.0,17.6,30.0,30.0,22.5,0.0,0.1,54.3,47.3,267.3,18.6,0.2,0.2,5.5
0.05,503,30.0,22.5,7.5,15.9,22.5,0.0,19.0,0.0,30.0,17.7,30.0,30.0,22.5,0.0,0.0,54.3,47.3,267.3,18.7,0.0,0.0,5.5
0.05,504,30.0,22.4,7.6,15.9,22.4,0.0,19.0,0.0,30.0,17.7,30.0,30.0,22.4,0.0,0.0,54.3,47.3,267.4,18.8,0.1,0.1,5.5
0.05,505,29.8,22.3,7.5,15.8,22.3,0.0,19.0,0.0,30.0,17.9,30.0,29.8,22.3,0.1,0.1,54.4,47.4,268.5,18.8,1.3,1.1,5.5
0.05,506,29.8,22.1,7.7,15.8,22.1,0.0,19.0,0.0,30.0,18.1,30.0,29.8,22.1,0.0,0.1,54.5,47.5,269.3,18.8,0.8,0.8,5.5
0.05,507,29.9,22.2,7.7,15.8,22.2,0.0,19.0,0.0,30.0,18.1,30.0,29.9,22.2,0.0,0.1,54.6,47.6,270.1,18.8,0.7,0.8,5.5
0.05,508,29.9,22.5,7.4,15.7,22.5,0.0,19.0,0.0,30.0,18.3,30.0,29.9,22.5,0.1,0.3,54.9,47.9,270.6,18.9,0.5,0.5,5.5
0.05,509,29.9,22.5,7.4,15.8,22.5,0.0,19.0,0.1,30.0,18.3,30.0,29.9,22.5,0.0,0.0,54.9,47.9,270.8,18.9,0.2,0.2,5.5
0.05,510,30.0,22.8,7.2,15.8,22.8,0.0,19.0,0.0,30.0,18.5,30.0,30.0,22.8,0.0,0.3,55.2,48.2,270.9,19.0,0.0,0.1,5.5
0.05,511,29.9,22.8,7.1,15.8,22.8,0.0,19.0,0.0,30.0,18.9,30.0,29.9,22.8,0.0,0.0,55.2,48.2,270.9,19.1,0.1,0.0,5.5
0.05,512,29.9,22.7,7.2,15.9,22.7,0.0,19.0,0.0,30.0,19.0,30.0,29.9,22.7,0.0,0.0,55.2,48.2,271.8,19.1,0.9,0.9,5.5
0.05,513,30.0,22.7,7.3,15.8,22.7,0.0,19.0,0.1,30.0,19.2,30.0,30.0,22.7,0.0,0.0,55.2,48.2,272.6,19.2,0.7,0.8,5.5
0.05,514,29.9,22.8,7.1,15.7,22.8,0.0,19.0,0.1,30.0,19.3,30.0,29.9,22.8,0.0,0.1,55.3,48.3,273.3,19.2,0.8,0.7,5.5
0.05,515,29.9,22.9,7.0,15.7,22.9,0.0,19.0,0.0,30.0,19.3,30.0,29.9,22.9,0.0,0.1,55.4,48.4,273.7,19.3,0.4,0.4,5.5
0.05,516,29.9,22.9,7.0,15.6,22.9,0.0,19.0,0.1,30.0,19.6,30.0,29.9,22.9,0.0,0.0,55.4,48.4,273.9,19.3,0.2,0.2,5.5
0.05,517,30.0,22.9,7.1,15.6,22.9,0.0,19.0,0.0,30.0,19.6,30.0,30.0,22.9,0.0,0.0,55.4,48.4,274.1,19.3,0.1,0.2,5.5
0.05,518,30.0,23.4,6.6,15.6,23.4,0.0,19.0,0.2,30.0,19.8,30.0,30.0,23.4,0.0,0.5,55.9,48.9,274.1,19.3,0.0,0.0,5.5
0.05,519,29.8,23.1,6.7,15.5,23.1,0.0,19.0,0.1,30.0,20.1,30.0,29.8,23.1,0.0,0.0,55.9,48.9,274.9,19.3,1.0,0.8,5.5
0.05,520,29.9,23.1,6.8,15.5,23.1,0.0,19.0,0.3,30.0,20.1,30.0,29.9,23.1,0.0,0.1,56.0,49.0,275.8,19.4,0.8,0.9,5.5
0.05,521,30.0,23.1,6.9,15.4,23.1,0.0,19.0,0.0,30.0,20.2,30.0,30.0,23.1,0.0,0.0,56.0,49.0,276.5,19.4,0.6,0.7,5.5
0.05,522,29.9,23.1,6.8,15.4,23.1,0.0,19.0,0.2,30.0,20.2,30.0,29.9,23.1,0.0,0.1,56.1,49.1,276.8,19.4,0.4,0.3,5.5
0.05,523,30.0,23.2,6.8,15.4,23.2,0.0,19.0,0.0,30.0,20.3,30.0,30.0,23.2,0.0,0.1,56.2,49.2,277.1,19.5,0.2,0.3,5.5
0.05,524,30.0,23.3,6.7,15.4,23.3,0.0,19.0,0.0,30.0,20.4,30.0,30.0,23.3,0.0,0.1,56.3,49.3,277.3,19.5,0.2,0.2,5.5
0.05,525,30.0,23.5,6.5,15.4,23.5,0.0,19.0,0.2,30.0,20.7,30.0,30.0,23.5,0.0,0.2,56.5,49.5,277.3,19.7,0.0,0.0,5.5
0.05,526,29.8,23.3,6.5,15.1,23.3,0.0,19.0,0.2,30.0,21.0,30.0,29.8,23.3,0.0,0.0,56.5,49.5,278.0,19.8,0.9,0.7,5.5
0.05,527,30.0,23.5,6.5,15.1,23.5,0.0,19.0,0.0,30.0,21.1,30.0,30.0,23.5,0.0,0.3,56.8,49.8,278.9,19.9,0.7,0.9,5.5
0.05,528,29.9,23.4,6.5,15.1,23.4,0.0,19.0,0.3,30.0,21.3,30.0,29.9,23.4,0.0,0.0,56.8,49.8,279.6,20.0,0.8,0.7,5.5
0.05,529,29.9,23.5,6.4,15.2,23.5,0.0,19.0,0.0,30.0,21.4,30.0,29.9,23.5,0.0,0.2,57.0,50.0,280.0,20.0,0.4,0.4,5.5
0.05,530,30.0,23.5,6.5,15.2,23.5,0.0,19.0,0.2,30.0,21.7,30.0,30.0,23.5,0.0,0.0,57.0,50.0,280.3,20.0,0.2,0.3,5.5
0.05,531,30.0,23.5,6.5,15.2,23.5,0.0,19.0,0.0,30.0,21.9,30.0,30.0,23.5,0.0,0.0,57.0,50.0,280.5,20.0,0.2,0.2,5.5
0.05,532,30.0,23.7,6.3,15.2,23.7,0.0,19.0,0.1,30.0,21.9,30.0,30.0,23.7,0.0,0.2,57.2,50.2,280.5,20.0,0.0,0.0,5.5
0.05,533,30.0,23.7,6.3,15.2,23.7,0.0,19.0,0.0,30.0,22.0,30.0,30.0,23.7,0.0,0.1,57.3,50.3,281.0,20.0,0.5,0.5,5.5
0.05,534,29.9,23.5,6.4,15.1,23.5,0.0,19.0,0.0,30.0,22.1,30.0,29.9,23.5,0.1,0.1,57.4,50.4,281.9,20.2,1.0,0.9,5.5
0.05,535,30.0,23.8,6.2,15.2,23.8,0.0,19.0,0.0,30.0,22.2,30.0,30.0,23.8,0.0,0.3,57.7,50.7,282.5,20.2,0.5,0.6,5.5
0.05,536,29.9,23.8,6.1,15.1,23.8,0.0,19.0,0.0,30.0,22.4,30.0,29.9,23.8,0.1,0.0,57.7,50.7,282.8,20.2,0.4,0.3,5.5
0.05,537,30.0,23.9,6.1,15.3,23.9,0.0,19.0,0.1,30.0,22.4,30.0,30.0,23.9,0.0,0.2,57.9,50.9,283.3,20.2,0.4,0.5,5.5
0.05,538,29.9,24.2,5.7,15.3,24.2,0.0,19.0,0.1,30.0,22.4,30.0,29.9,24.2,0.0,0.3,58.2,51.2,283.4,20.2,0.2,0.1,5.5
0.05,539,30.0,24.4,5.6,15.3,24.4,0.0,19.0,0.1,30.0,22.5,30.0,30.0,24.4,0.0,0.2,58.4,51.4,283.5,20.2,0.0,0.1,5.5
0.05,540,29.9,24.1,5.8,15.3,24.1,0.0,19.0,0.0,30.0,22.6,30.0,29.9,24.1,0.0,0.0,58.4,51.4,284.0,20.3,0.6,0.5,5.5
0.05,541,29.9,24.1,5.8,15.4,24.1,0.0,19.0,0.1,30.0,22.7,30.0,29.9,24.1,0.0,0.2,58.6,51.6,284.7,20.3,0.7,0.7,5.5
0.05,542,29.8,23.9,5.9,15.5,23.9,0.0,19.0,0.2,30.0,22.8,30.0,29.8,23.9,0.0,0.0,58.6,51.6,285.3,20.4,0.7,0.6,5.5
0.05,543,30.0,24.0,6.0,15.5,24.0,0.0,19.0,0.0,30.0,22.9,30.0,30.0,24.0,0.0,0.1,58.7,51.7,285.8,20.5,0.3,0.5,5.5
0.05,544,30.0,24.1,5.9,15.4,24.1,0.0,19.0,0.0,30.0,23.0,30.0,30.0,24.1,0.0,0.1,58.8,51.8,286.2,20.5,0.4,0.4,5.5
0.05,545,30.0,24.2,5.8,15.4,24.2,0.0,19.0,0.0,30.0,23.0,30.0,30.0,24.2,0.0,0.1,58.9,51.9,286.3,20.6,0.1,0.1,5.5
0.05,546,30.0,24.3,5.7,15.4,24.3,0.0,19.0,0.0,30.0,23.1,30.0,30.0,24.3,0.0,0.1,59.0,52.0,286.4,20.6,0.1,0.1,5.5
0.05,547,29.8,24.2,5.6,15.4,24.2,0.0,19.0,0.1,30.0,23.2,30.0,29.8,24.2,0.0,0.1,59.1,52.1,286.8,20.7,0.6,0.4,5.5
0.05,548,29.7,23.8,5.9,15.5,23.8,0.0,19.0,0.2,30.0,23.2,30.0,29.7,23.8,0.0,0.0,59.1,52.1,287.8,20.7,1.1,1.0,5.5
0.05,549,29.7,23.8,5.9,15.4,23.8,0.0,19.0,0.1,30.0,23.2,30.0,29.7,23.8,0.0,0.1,59.2,52.2,288.3,20.7,0.5,0.5,5.5
0.05,550,29.9,23.9,6.0,15.3,23.9,0.0,19.0,0.1,30.0,23.3,30.0,29.9,23.9,0.1,0.1,59.3,52.3,289.0,20.7,0.5,0.7,5.5
0.05,551,29.9,24.1,5.8,15.4,24.1,0.0,19.0,0.1,30.0,23.5,30.0,29.9,24.1,0.0,0.3,59.6,52.6,289.4,20.7,0.4,0.4,5.5
0.05,552,30.0,24.4,5.6,15.4,24.4,0.0,19.0,0.1,30.0,23.6,30.0,30.0,24.4,0.0,0.3,59.9,52.9,289.6,20.7,0.1,0.2,5.5
0.05,553,30.0,24.5,5.5,15.4,24.5,0.0,19.0,0.1,30.0,23.7,30.0,30.0,24.5,0.0,0.1,60.0,53.0,289.6,20.8,0.0,0.0,5.5
0.05,554,29.7,24.4,5.3,15.4,24.4,0.0,19.0,0.1,30.0,23.7,30.0,29.7,24.4,0.0,0.0,60.0,53.0,289.8,20.8,0.5,0.2,5.5
0.05,555,29.7,24.6,5.1,15.3,24.6,0.0,19.0,0.1,30.0,23.9,30.0,29.7,24.6,0.0,0.2,60.2,53.2,290.8,21.0,1.0,1.0,5.5
0.05,556,29.8,24.5,5.3,15.3,24.5,0.0,19.0,0.0,30.0,24.0,30.0,29.8,24.5,0.0,0.1,60.3,53.3,291.3,21.1,0.4,0.5,5.5
0.05,557,30.0,24.5,5.5,15.3,24.5,0.0,19.0,0.1,30.0,24.0,30.0,30.0,24.5,0.0,0.0,60.3,53.3,292.0,21.1,0.5,0.7,5.5
0.05,558,30.0,24.7,5.3,15.2,24.7,0.0,19.0,0.0,30.0,24.0,30.0,30.0,24.7,0.0,0.3,60.6,53.6,292.4,21.2,0.4,0.4,5.5
0.05,559,30.0,25.1,4.9,15.2,25.1,0.0,19.0,0.1,30.0,24.1,30.0,30.0,25.1,0.0,0.4,61.0,54.0,292.6,21.2,0.2,0.2,5.5
0.05,560,30.0,25.0,5.0,15.2,25.0,0.0,19.0,0.2,30.0,24.2,30.0,30.0,25.0,0.0,0.0,61.0,54.0,292.7,21.4,0.1,0.1,5.5
0.05,561,30.0,25.1,4.9,15.2,25.1,0.0,19.0,0.1,30.0,24.2,30.0,30.0,25.1,0.0,0.1,61.1,54.1,292.9,21.4,0.2,0.2,5.5
0.05,562,29.9,25.3,4.6,15.0,25.3,0.0,19.0,0.0,30.0,24.2,30.0,29.9,25.3,0.0,0.2,61.3,54.3,293.5,21.4,0.7,0.6,5.5
0.05,563,30.0,25.1,4.9,15.1,25.1,0.0,19.0,0.0,30.0,24.4,30.0,30.0,25.1,0.0,0.1,61.4,54.4,294.0,21.4,0.4,0.5,5.5
0.05,564,29.9,24.9,5.0,15.1,24.9,0.0,19.0,0.1,30.0,24.5,30.0,29.9,24.9,0.0,0.0,61.4,54.4,294.7,21.5,0.8,0.7,5.5
0.05,565,30.0,25.0,5.0,15.0,25.0,0.0,19.0,0.1,30.0,24.8,30.0,30.0,25.0,0.0,0.2,61.6,54.6,295.0,21.6,0.2,0.3,5.5
0.05,566,30.0,25.2,4.8,15.0,25.2,0.0,19.0,0.1,30.0,24.9,30.0,30.0,25.2,0.0,0.2,61.8,54.8,295.2,21.6,0.2,0.2,5.5
0.05,567,30.0,25.2,4.8,15.0,25.2,0.0,19.0,0.0,30.0,24.9,30.0,30.0,25.2,0.0,0.0,61.8,54.8,295.3,21.6,0.1,0.1,5.5
0.05,568,30.0,25.4,4.6,15.0,25.4,0.0,19.0,0.1,30.0,24.9,30.0,30.0,25.4,0.0,0.2,62.0,55.0,295.4,21.7,0.1,0.1,5.5
0.05,569,30.0,25.3,4.7,15.1,25.3,0.0,19.0,0.1,30.0,25.0,30.0,30.0,25.3,0.0,0.2,62.2,55.2,296.2,21.8,0.8,0.8,5.5
0.05,570,30.0,25.0,5.0,15.1,25.0,0.0,19.0,0.2,30.0,25.1,30.0,30.0,25.0,0.0,0.1,62.3,55.3,297.0,21.8,0.8,0.8,5.5
