day,patients,patient_C,patient_S,patient_isolated,patient_positive,patient_preinfection,hcws,hcw_C,goo,goo_C,beds,filled_beds,filled_sick_beds,empty_isolated_beds,daily_hcw_infections,cumulative_sick_patients,cumulative_patients,move2isol,daily_discharges,daily_admissions,prob_transmission,iteration
0,30,2,28,16,0,2,19,0,30,2,30,0,0,0,0,2,30,0,0,0,0.04,1
1,30,2,28,16,2,2,19,0,30,2,30,30,2,0,0,2,31,0,1,1,0.04,1
2,30,2,28,16,2,2,19,0,30,2,30,30,2,0,0,2,34,0,3,3,0.04,1
3,30,2,28,16,2,2,19,0,30,2,30,30,2,0,0,2,35,0,1,1,0.04,1
4,30,2,28,16,2,2,19,0,30,2,30,30,2,0,0,2,36,0,1,1,0.04,1
5,30,2,28,16,2,2,19,0,30,2,30,30,2,0,0,2,40,0,4,4,0.04,1
6,30,2,28,16,2,2,19,0,30,2,30,30,2,0,0,2,40,0,0,0,0.04,1
7,30,2,28,16,2,2,19,0,30,2,30,30,2,0,0,2,41,0,1,1,0.04,1
8,30,2,28,16,2,2,19,0,30,2,30,30,2,0,0,2,45,0,4,4,0.04,1
9,30,2,28,16,2,2,19,0,30,2,30,30,2,0,0,2,45,0,0,0,0.04,1
10,30,1,29,16,1,1,19,0,30,2,30,30,1,0,0,2,46,0,1,1,0.04,1
11,30,1,29,16,1,1,19,0,30,2,30,30,1,0,0,2,46,0,0,0,0.04,1
12,30,1,29,16,1,1,19,0,30,2,30,30,1,0,0,2,47,0,1,1,0.04,1
13,30,0,30,16,0,0,19,0,30,2,30,30,0,0,0,2,49,0,2,2,0.04,1
14,30,0,30,16,0,0,19,0,30,2,30,30,0,0,0,2,49,0,0,0,0.04,1
15,30,0,30,16,0,0,19,0,30,2,30,30,0,0,0,2,50,0,1,1,0.04,1
16,30,0,30,16,0,0,19,0,30,2,30,30,0,0,0,2,53,0,3,3,0.04,1
17,30,0,30,16,0,0,19,0,30,2,30,30,0,0,0,2,55,0,2,2,0.04,1
18,30,0,30,16,0,0,19,0,30,2,30,30,0,0,0,2,56,0,1,1,0.04,1
19,30,0,30,16,0,0,19,0,30,2,30,30,0,0,0,2,60,0,4,4,0.04,1
20,30,0,30,16,0,0,19,0,30,2,30,30,0,0,0,2,60,0,0,0,0.04,1
21,30,0,30,16,0,0,19,0,30,2,30,30,0,0,0,2,61,0,1,1,0.04,1
22,30,0,30,16,0,0,19,0,30,2,30,30,0,0,0,2,65,0,4,4,0.04,1
23,30,0,30,16,0,0,19,0,30,2,30,30,0,0,0,2,67,0,2,2,0.04,1
24,30,0,30,16,0,0,19,0,30,2,30,30,0,0,0,2,69,0,2,2,0.04,1
25,30,0,30,16,0,0,19,0,30,2,30,30,0,0,0,2,69,0,0,0,0.04,1
26,30,0,30,16,0,0,19,0,30,2,30,30,0,0,0,2,70,0,1,1,0.04,1
27,30,0,30,16,0,0,19,0,30,2,30,30,0,0,0,2,73,0,3,3,0.04,1
28,30,0,30,16,0,0,19,0,30,2,30,30,0,0,0,2,73,0,0,0,0.04,1
29,30,0,30,16,0,0,19,0,30,2,30,30,0,0,0,2,74,0,1,1,0.04,1
30,30,0,30,16,0,0,19,0,30,2,30,30,0,0,0,2,77,0,3,3,0.04,1
31,30,2,28,16,2,2,19,0,30,2,30,30,2,0,0,4,79,0,2,2,0.04,1
32,30,2,28,16,2,2,19,0,30,2,30,30,2,0,0,4,80,0,1,1,0.04,1
33,30,2,28,16,2,2,19,0,30,2,30,30,2,0,0,4,86,0,6,6,0.04,1
34,30,2,28,16,2,2,19,0,30,2,30,30,2,0,0,4,86,0,0,0,0.04,1
35,30,2,28,16,2,2,19,0,30,2,30,30,2,0,0,4,87,0,1,1,0.04,1
36,30,2,28,16,2,2,19,0,30,2,30,30,2,0,0,4,91,0,4,4,0.04,1
37,30,2,28,16,2,2,19,0,30,2,30,30,2,0,0,4,93,0,2,2,0.04,1
38,30,2,28,16,2,2,19,0,30,2,30,30,2,0,0,4,95,0,2,2,0.04,1
39,30,2,28,16,2,2,19,0,30,2,30,30,2,0,0,4,96,0,1,1,0.04,1
40,30,2,28,16,2,2,19,0,30,2,30,30,2,0,0,4,97,0,1,1,0.04,1
41,30,2,28,16,2,2,19,0,30,2,30,30,2,0,0,4,100,0,3,3,0.04,1
42,30,2,28,16,2,2,19,0,30,2,30,30,2,0,0,4,100,0,0,0,0.04,1
43,30,3,27,16,3,2,19,0,30,2,30,30,3,0,1,5,101,0,1,1,0.04,1
44,29,3,26,16,3,2,19,0,30,2,30,29,3,0,0,5,103,0,3,2,0.04,1
45,30,1,29,16,1,0,19,0,30,2,30,30,1,0,0,5,107,0,3,4,0.04,1
46,30,1,29,16,1,0,19,0,30,2,30,30,1,0,0,5,108,0,1,1,0.04,1
47,30,1,29,16,1,0,19,0,30,2,30,30,1,0,0,5,114,0,6,6,0.04,1
48,30,1,29,16,1,0,19,0,30,2,30,30,1,0,0,5,114,0,0,0,0.04,1
49,30,1,29,16,1,0,19,0,30,2,30,30,1,0,0,5,115,0,1,1,0.04,1
50,30,1,29,16,1,0,19,0,30,2,30,30,1,0,0,5,119,0,4,4,0.04,1
51,30,1,29,16,1,0,19,0,30,2,30,30,1,0,0,5,121,0,2,2,0.04,1
52,30,1,29,16,1,0,19,0,30,2,30,30,1,0,0,5,123,0,2,2,0.04,1
53,30,1,29,16,1,0,19,0,30,2,30,30,1,0,0,5,124,0,1,1,0.04,1
54,30,1,29,16,1,0,19,0,30,3,30,30,1,0,0,5,125,0,1,1,0.04,1
55,30,1,29,16,1,0,19,0,30,3,30,30,1,0,0,5,127,0,2,2,0.04,1
56,30,1,29,16,1,0,19,0,30,3,30,30,1,0,0,5,127,0,0,0,0.04,1
57,29,1,28,15,1,0,19,0,30,3,30,29,1,1,0,5,127,0,1,0,0.04,1
58,29,1,28,15,1,0,19,0,30,3,30,29,1,1,0,5,129,0,2,2,0.04,1
59,30,1,29,16,1,0,19,0,30,4,30,30,1,0,0,5,134,0,4,5,0.04,1
60,30,1,29,16,1,0,19,0,30,4,30,30,1,0,0,5,135,0,1,1,0.04,1
61,29,5,24,16,5,3,19,0,30,4,30,29,5,0,1,9,140,0,6,5,0.04,1
62,30,5,25,16,5,3,19,0,30,4,30,30,5,0,1,10,142,0,1,2,0.04,1
63,30,5,25,16,5,3,19,0,30,4,30,30,5,0,0,10,143,0,1,1,0.04,1
64,30,5,25,16,5,3,19,0,30,4,30,30,5,0,0,10,147,0,4,4,0.04,1
65,30,5,25,16,5,3,19,0,30,5,30,30,5,0,0,10,149,0,2,2,0.04,1
66,30,5,25,16,5,3,19,0,30,5,30,30,5,0,0,10,150,0,1,1,0.04,1
67,30,5,25,16,5,3,19,0,30,5,30,30,5,0,0,10,151,0,1,1,0.04,1
68,30,6,24,16,6,3,19,0,30,5,30,30,6,0,1,11,152,0,1,1,0.04,1
69,30,6,24,16,6,3,19,0,30,5,30,30,6,0,0,11,154,0,2,2,0.04,1
70,30,6,24,16,6,3,19,0,30,5,30,30,6,0,0,11,154,0,0,0,0.04,1
71,30,6,24,16,6,3,19,0,30,5,30,30,6,0,0,11,154,0,0,0,0.04,1
72,30,6,24,16,6,3,19,0,30,5,30,30,6,0,0,11,156,0,2,2,0.04,1
73,30,5,25,16,5,3,19,0,30,5,30,30,5,0,0,11,162,0,6,6,0.04,1
74,30,5,25,16,5,3,19,0,30,5,30,30,5,0,0,11,163,0,1,1,0.04,1
75,30,2,28,16,2,0,19,0,30,5,30,30,2,0,0,11,168,0,5,5,0.04,1
76,30,2,28,16,2,0,19,0,30,5,30,30,2,0,0,11,170,0,2,2,0.04,1
77,30,2,28,16,2,0,19,0,30,5,30,30,2,0,0,11,171,0,1,1,0.04,1
78,30,2,28,16,2,0,19,0,30,5,30,30,2,0,0,11,175,0,4,4,0.04,1
79,30,2,28,16,2,0,19,0,30,5,30,30,2,0,0,11,177,0,2,2,0.04,1
80,30,0,30,16,0,0,19,0,30,5,30,30,0,0,0,11,180,0,3,3,0.04,1
81,30,0,30,16,0,0,19,0,30,5,30,30,0,0,0,11,181,0,1,1,0.04,1
82,30,0,30,16,0,0,19,0,30,5,30,30,0,0,0,11,182,0,1,1,0.04,1
83,30,0,30,16,0,0,19,0,30,5,30,30,0,0,0,11,184,0,2,2,0.04,1
84,30,0,30,16,0,0,19,1,30,5,30,30,0,0,0,11,184,0,0,0,0.04,1
85,30,0,30,16,0,0,19,0,30,5,30,30,0,0,0,11,184,0,0,0,0.04,1
86,29,0,29,15,0,0,19,0,30,5,30,29,0,1,0,11,185,0,2,1,0.04,1
87,29,0,29,15,0,0,19,0,30,5,30,29,0,1,0,11,191,0,6,6,0.04,1
88,30,0,30,16,0,0,19,0,30,5,30,30,0,0,0,11,193,0,1,2,0.04,1
89,30,0,30,16,0,0,19,0,30,5,30,30,0,0,0,11,198,0,5,5,0.04,1
90,30,0,30,16,0,0,19,0,30,5,30,30,0,0,0,11,200,0,2,2,0.04,1
91,30,1,29,16,1,1,19,0,30,5,30,30,1,0,0,12,201,0,1,1,0.04,1
92,30,2,28,16,2,1,19,0,30,5,30,30,2,0,1,13,205,0,4,4,0.04,1
93,30,2,28,16,2,1,19,0,30,5,30,30,2,0,0,13,207,0,2,2,0.04,1
94,29,2,27,15,2,1,19,0,30,5,30,29,2,1,0,13,208,0,2,1,0.04,1
95,30,2,28,16,2,1,19,0,30,5,30,30,2,0,0,13,210,0,1,2,0.04,1
96,29,2,27,15,2,1,19,0,30,5,30,29,2,1,0,13,210,0,1,0,0.04,1
97,30,2,28,16,2,1,19,0,30,5,30,30,2,0,0,13,213,0,2,3,0.04,1
98,30,2,28,16,2,1,19,0,30,5,30,30,2,0,0,13,213,0,0,0,0.04,1
99,30,2,28,16,2,1,19,0,30,5,30,30,2,0,0,13,213,0,0,0,0.04,1
100,30,2,28,16,2,1,19,0,30,5,30,30,2,0,0,13,214,0,1,1,0.04,1
101,30,1,29,16,1,1,19,0,30,5,30,30,1,0,0,13,221,0,7,7,0.04,1
102,30,1,29,16,1,1,19,0,30,5,30,30,1,0,0,13,223,0,2,2,0.04,1
103,28,1,27,15,1,1,19,0,30,5,30,28,1,1,0,13,226,0,5,3,0.04,1
104,30,1,29,16,1,1,19,0,30,5,30,30,1,0,0,13,230,0,2,4,0.04,1
105,29,0,29,15,0,0,19,0,30,5,30,29,0,1,0,13,230,0,1,0,0.04,1
106,30,0,30,16,0,0,19,0,30,5,30,30,0,0,0,13,235,0,4,5,0.04,1
107,29,0,29,16,0,0,19,0,30,5,30,29,0,0,0,13,236,0,2,1,0.04,1
108,29,0,29,16,0,0,19,0,30,5,30,29,0,0,0,13,237,0,1,1,0.04,1
109,30,0,30,16,0,0,19,0,30,5,30,30,0,0,0,13,240,0,2,3,0.04,1
110,30,0,30,16,0,0,19,0,30,5,30,30,0,0,0,13,240,0,0,0,0.04,1
111,30,0,30,16,0,0,19,0,30,5,30,30,0,0,0,13,243,0,3,3,0.04,1
112,30,0,30,16,0,0,19,0,30,5,30,30,0,0,0,13,243,0,0,0,0.04,1
113,30,0,30,16,0,0,19,0,30,5,30,30,0,0,0,13,243,0,0,0,0.04,1
114,30,0,30,16,0,0,19,0,30,5,30,30,0,0,0,13,244,0,1,1,0.04,1
115,29,0,29,16,0,0,19,0,30,5,30,29,0,0,0,13,250,0,7,6,0.04,1
116,30,1,29,16,1,0,19,0,30,5,30,30,1,0,1,14,253,0,2,3,0.04,1
117,29,1,28,16,1,0,19,0,30,5,30,29,1,0,0,14,255,0,3,2,0.04,1
118,29,1,28,15,1,0,19,0,30,5,30,29,1,1,0,14,259,0,4,4,0.04,1
119,30,1,29,16,1,0,19,0,30,5,30,30,1,0,0,14,260,0,0,1,0.04,1
120,30,1,29,16,1,0,19,0,30,5,30,30,1,0,0,14,265,0,5,5,0.04,1
121,30,1,29,16,1,0,19,0,30,5,30,30,1,0,0,14,266,0,1,1,0.04,1
122,30,1,29,16,1,0,19,0,30,5,30,30,1,0,0,14,267,0,1,1,0.04,1
123,30,1,29,16,1,0,19,0,30,5,30,30,1,0,0,14,270,0,3,3,0.04,1
124,30,1,29,16,1,0,19,0,30,5,30,30,1,0,0,14,270,0,0,0,0.04,1
125,30,1,29,16,1,0,19,0,30,5,30,30,1,0,0,14,273,0,3,3,0.04,1
126,30,1,29,16,1,0,19,0,30,5,30,30,1,0,0,14,273,0,0,0,0.04,1
127,30,1,29,16,1,0,19,0,30,5,30,30,1,0,0,14,273,0,0,0,0.04,1
128,30,1,29,16,1,0,19,0,30,5,30,30,1,0,0,14,274,0,1,1,0.04,1
129,29,1,28,15,1,0,19,0,30,5,30,29,1,1,0,14,278,0,5,4,0.04,1
130,29,1,28,15,1,0,19,0,30,5,30,29,1,1,0,14,281,0,3,3,0.04,1
131,30,2,28,16,2,0,19,0,30,5,30,30,2,0,1,15,284,0,2,3,0.04,1
132,30,2,28,16,2,0,19,0,30,5,30,30,2,0,0,15,288,0,4,4,0.04,1
133,30,2,28,16,2,0,19,0,30,5,30,30,2,0,0,15,289,0,1,1,0.04,1
134,28,2,26,15,2,0,19,0,30,5,30,28,2,1,0,15,292,0,5,3,0.04,1
135,30,2,28,16,2,0,19,0,30,5,30,30,2,0,0,15,295,0,1,3,0.04,1
136,30,1,29,16,1,0,19,0,30,5,30,30,1,0,0,15,297,0,2,2,0.04,1
137,30,2,28,16,2,0,19,0,30,5,30,30,2,0,1,16,300,0,3,3,0.04,1
138,30,2,28,16,2,0,19,0,30,5,30,30,2,0,0,16,300,0,0,0,0.04,1
139,29,2,27,16,2,0,19,0,30,5,30,29,2,0,0,16,302,0,3,2,0.04,1
140,30,2,28,16,2,0,19,0,30,0,30,30,2,0,0,16,303,0,0,1,0.04,1
141,30,2,28,16,2,0,19,0,30,0,30,30,2,0,0,16,303,0,0,0,0.04,1
142,30,2,28,16,2,0,19,0,30,0,30,30,2,0,0,16,304,0,1,1,0.04,1
143,30,2,28,16,2,0,19,0,30,0,30,30,2,0,0,16,307,0,3,3,0.04,1
144,30,2,28,16,2,0,19,0,30,0,30,30,2,0,0,16,310,0,3,3,0.04,1
145,29,2,27,16,2,0,19,0,30,0,30,29,2,0,0,16,312,0,3,2,0.04,1
146,30,2,28,16,2,0,19,0,30,0,30,30,2,0,0,16,317,0,4,5,0.04,1
147,30,2,28,16,2,0,19,0,30,0,30,30,2,0,0,16,317,0,0,0,0.04,1
148,29,2,27,15,2,0,19,0,30,0,30,29,2,1,0,16,319,0,3,2,0.04,1
149,30,2,28,16,2,0,19,0,30,0,30,30,2,0,0,16,323,0,3,4,0.04,1
150,29,1,28,15,1,0,19,0,30,0,30,29,1,1,0,16,325,0,3,2,0.04,1
151,29,4,25,16,4,3,19,0,30,0,30,29,4,0,0,19,328,0,3,3,0.04,1
152,30,4,26,16,4,3,19,0,30,0,30,30,4,0,0,19,329,0,0,1,0.04,1
153,29,4,25,15,4,3,19,0,30,0,30,29,4,1,0,19,330,0,2,1,0.04,1
154,30,3,27,16,3,3,19,0,30,0,30,30,3,0,0,19,333,0,2,3,0.04,1
155,30,3,27,16,3,3,19,0,30,0,30,30,3,0,0,19,333,0,0,0,0.04,1
156,30,3,27,16,3,3,19,0,30,0,30,30,3,0,0,19,334,0,1,1,0.04,1
157,29,3,26,16,3,3,19,0,30,0,30,29,3,0,0,19,336,0,3,2,0.04,1
158,30,3,27,16,3,3,19,0,30,0,30,30,3,0,0,19,340,0,3,4,0.04,1
159,29,3,26,16,3,3,19,0,30,0,30,29,3,0,0,19,341,0,2,1,0.04,1
160,29,3,26,16,3,3,19,0,30,0,30,29,3,0,0,19,346,0,5,5,0.04,1
161,30,3,27,16,3,3,19,0,30,0,30,30,3,0,0,19,347,0,0,1,0.04,1
162,29,3,26,15,3,3,19,0,30,0,30,29,3,1,0,19,348,0,2,1,0.04,1
163,30,3,27,16,3,3,19,0,30,0,30,30,3,0,0,19,353,0,4,5,0.04,1
164,29,3,26,15,3,3,19,0,30,0,30,29,3,1,0,19,354,0,2,1,0.04,1
165,28,0,28,15,0,0,19,0,30,0,30,28,0,1,0,19,356,0,3,2,0.04,1
166,30,0,30,16,0,0,19,0,30,0,30,30,0,0,0,19,359,0,1,3,0.04,1
167,30,0,30,16,0,0,19,0,30,0,30,30,0,0,0,19,360,0,1,1,0.04,1
168,30,0,30,16,0,0,19,0,30,0,30,30,0,0,0,19,363,0,3,3,0.04,1
169,30,0,30,16,0,0,19,0,30,0,30,30,0,0,0,19,363,0,0,0,0.04,1
170,29,0,29,15,0,0,19,0,30,0,30,29,0,1,0,19,363,0,1,0,0.04,1
171,29,0,29,16,0,0,19,0,30,0,30,29,0,0,0,19,365,0,2,2,0.04,1
172,30,0,30,16,0,0,19,0,30,0,30,30,0,0,0,19,370,0,4,5,0.04,1
173,30,0,30,16,0,0,19,0,30,0,30,30,0,0,0,19,371,0,1,1,0.04,1
174,29,0,29,16,0,0,19,0,30,0,30,29,0,0,0,19,375,0,5,4,0.04,1
175,30,0,30,16,0,0,19,0,30,0,30,30,0,0,0,19,377,0,1,2,0.04,1
176,30,0,30,16,0,0,19,0,30,0,30,30,0,0,0,19,378,0,1,1,0.04,1
177,30,0,30,16,0,0,19,0,30,0,30,30,0,0,0,19,383,0,5,5,0.04,1
178,30,0,30,16,0,0,19,0,30,0,30,30,0,0,0,19,384,0,1,1,0.04,1
179,30,0,30,16,0,0,19,0,30,0,30,30,0,0,0,19,386,0,2,2,0.04,1
180,30,0,30,16,0,0,19,0,30,0,30,30,0,0,0,19,389,0,3,3,0.04,1
181,30,1,29,16,1,1,19,0,30,0,30,30,1,0,0,20,390,0,1,1,0.04,1
182,30,3,27,16,3,3,19,0,30,0,30,30,3,0,0,22,393,0,3,3,0.04,1
183,30,3,27,16,3,3,19,0,30,0,30,30,3,0,0,22,393,0,0,0,0.04,1
184,30,3,27,16,3,3,19,0,30,0,30,30,3,0,0,22,393,0,0,0,0.04,1
185,30,3,27,16,3,3,19,0,30,0,30,30,3,0,0,22,395,0,2,2,0.04,1
186,30,3,27,16,3,3,19,0,30,0,30,30,3,0,0,22,400,0,5,5,0.04,1
187,30,3,27,16,3,3,19,0,30,0,30,30,3,0,0,22,401,0,1,1,0.04,1
188,30,3,27,16,3,3,19,0,30,0,30,30,3,0,0,22,405,0,4,4,0.04,1
189,30,3,27,16,3,3,19,0,30,0,30,30,3,0,0,22,407,0,2,2,0.04,1
190,30,3,27,16,3,3,19,0,30,0,30,30,3,0,0,22,408,0,1,1,0.04,1
191,29,3,26,16,3,3,19,0,30,0,30,29,3,0,0,22,412,0,5,4,0.04,1
192,30,3,27,16,3,3,19,0,30,0,30,30,3,0,0,22,414,0,1,2,0.04,1
193,30,3,27,16,3,3,19,0,30,1,30,30,3,0,0,22,416,0,2,2,0.04,1
194,30,3,27,16,3,3,19,0,30,1,30,30,3,0,0,22,419,0,3,3,0.04,1
195,30,2,28,16,2,2,19,0,30,1,30,30,2,0,0,22,420,0,1,1,0.04,1
196,30,0,30,16,0,0,19,0,30,1,30,30,0,0,0,22,423,0,3,3,0.04,1
197,30,0,30,16,0,0,19,0,30,1,30,30,0,0,0,22,423,0,0,0,0.04,1
198,30,0,30,16,0,0,19,0,30,1,30,30,0,0,0,22,423,0,0,0,0.04,1
199,30,0,30,16,0,0,19,0,30,1,30,30,0,0,0,22,425,0,2,2,0.04,1
200,30,0,30,16,0,0,19,0,30,1,30,30,0,0,0,22,430,0,5,5,0.04,1
201,30,0,30,16,0,0,19,0,30,1,30,30,0,0,0,22,431,0,1,1,0.04,1
202,29,0,29,15,0,0,19,0,30,1,30,29,0,1,0,22,434,0,4,3,0.04,1
203,30,0,30,16,0,0,19,0,30,1,30,30,0,0,0,22,437,0,2,3,0.04,1
204,30,1,29,16,1,0,19,0,30,1,30,30,1,0,1,23,438,0,1,1,0.04,1
205,30,1,29,16,1,0,19,0,30,1,30,30,1,0,0,23,442,1,4,4,0.04,1
206,30,1,29,16,1,0,19,0,30,1,30,30,1,0,0,23,443,1,1,1,0.04,1
207,30,1,29,16,1,0,19,0,30,1,30,30,1,0,0,23,445,1,2,2,0.04,1
208,30,1,29,16,1,0,19,0,30,1,30,30,1,0,0,23,448,1,3,3,0.04,1
209,30,1,29,16,1,0,19,0,30,1,30,30,1,0,0,23,449,1,1,1,0.04,1
210,30,1,29,15,1,0,19,0,30,1,30,30,1,0,0,23,452,1,3,3,0.04,1
211,30,1,29,15,1,0,19,0,30,1,30,30,1,0,0,23,452,1,0,0,0.04,1
212,30,1,29,15,1,0,19,0,30,1,30,30,1,0,0,23,452,1,0,0,0.04,1
213,30,3,27,16,3,3,19,0,30,1,30,30,3,0,0,26,455,1,3,3,0.04,1
214,29,5,24,15,5,5,19,0,30,1,30,29,5,1,0,28,459,1,5,4,0.04,1
215,30,5,25,16,5,5,19,0,30,1,30,30,5,0,0,28,461,1,1,2,0.04,1
216,30,5,25,16,5,5,19,0,30,1,30,30,5,0,0,28,464,1,3,3,0.04,1
217,30,5,25,16,5,5,19,0,30,1,30,30,5,0,0,28,467,1,3,3,0.04,1
218,30,5,25,16,5,5,19,0,30,1,30,30,5,0,0,28,468,1,1,1,0.04,1
219,30,5,25,16,5,5,19,0,30,1,30,30,5,0,0,28,472,1,4,4,0.04,1
220,29,5,24,16,5,5,19,0,30,1,30,29,5,0,0,28,472,1,1,0,0.04,1
221,29,5,24,15,5,5,19,0,30,2,30,29,5,1,0,28,474,1,2,2,0.04,1
222,30,5,25,16,5,5,19,0,30,2,30,30,5,0,0,28,478,1,3,4,0.04,1
223,30,5,25,16,5,5,19,0,30,2,30,30,5,0,0,28,479,1,1,1,0.04,1
224,29,5,24,16,5,5,19,0,30,2,30,29,5,0,0,28,481,1,3,2,0.04,1
225,30,5,25,16,5,5,19,0,30,2,30,30,5,0,0,28,482,1,0,1,0.04,1
226,30,5,25,16,5,5,19,0,30,2,30,30,5,0,0,28,482,1,0,0,0.04,1
227,29,2,27,15,2,2,19,0,30,2,30,29,2,1,0,28,484,1,3,2,0.04,1
228,30,0,30,16,0,0,19,0,30,2,30,30,0,0,0,28,489,1,4,5,0.04,1
229,30,0,30,16,0,0,19,0,30,2,30,30,0,0,0,28,491,1,2,2,0.04,1
230,30,0,30,16,0,0,19,0,30,2,30,30,0,0,0,28,494,1,3,3,0.04,1
231,30,0,30,16,0,0,19,0,30,2,30,30,0,0,0,28,497,1,3,3,0.04,1
232,30,0,30,16,0,0,19,0,30,2,30,30,0,0,0,28,498,1,1,1,0.04,1
233,29,0,29,15,0,0,19,0,30,2,30,29,0,1,0,28,501,1,4,3,0.04,1
234,30,0,30,16,0,0,19,0,30,2,30,30,0,0,0,28,502,1,0,1,0.04,1
235,30,0,30,16,0,0,19,0,30,2,30,30,0,0,0,28,504,1,2,2,0.04,1
236,30,0,30,16,0,0,19,0,30,2,30,30,0,0,0,28,508,1,4,4,0.04,1
237,30,0,30,16,0,0,19,0,30,2,30,30,0,0,0,28,509,1,1,1,0.04,1
238,30,0,30,16,0,0,19,0,30,2,30,30,0,0,0,28,511,1,2,2,0.04,1
239,30,0,30,16,0,0,19,0,30,2,30,30,0,0,0,28,512,1,1,1,0.04,1
240,30,0,30,16,0,0,19,0,30,2,30,30,0,0,0,28,512,1,0,0,0.04,1
241,30,2,28,16,2,2,19,0,30,2,30,30,2,0,0,30,514,1,2,2,0.04,1
242,30,2,28,16,2,2,19,0,30,2,30,30,2,0,0,30,519,1,5,5,0.04,1
243,30,2,28,16,2,2,19,0,30,2,30,30,2,0,0,30,521,1,2,2,0.04,1
244,28,2,26,16,2,2,19,0,30,2,30,28,2,0,0,30,522,1,3,1,0.04,1
245,30,2,28,16,2,2,19,0,30,2,30,30,2,0,0,30,527,1,3,5,0.04,1
246,30,2,28,16,2,2,19,0,30,2,30,30,2,0,0,30,528,1,1,1,0.04,1
247,29,2,27,15,2,2,19,0,30,2,30,29,2,1,0,30,530,1,3,2,0.04,1
248,30,2,28,16,2,2,19,0,30,2,30,30,2,0,0,30,532,1,1,2,0.04,1
249,30,2,28,16,2,2,19,0,30,2,30,30,2,0,0,30,534,1,2,2,0.04,1
250,30,2,28,16,2,2,19,0,30,2,30,30,2,0,0,30,538,1,4,4,0.04,1
251,30,2,28,16,2,2,19,0,30,2,30,30,2,0,0,30,539,1,1,1,0.04,1
252,29,2,27,15,2,2,19,0,30,2,30,29,2,1,0,30,540,1,2,1,0.04,1
253,30,2,28,16,2,2,19,0,30,2,30,30,2,0,0,30,542,1,1,2,0.04,1
254,30,2,28,16,2,2,19,0,30,2,30,30,2,0,0,30,542,1,0,0,0.04,1
255,30,0,30,16,0,0,19,0,30,2,30,30,0,0,0,30,544,1,2,2,0.04,1
256,30,0,30,16,0,0,19,0,30,2,30,30,0,0,0,30,549,1,5,5,0.04,1
257,30,0,30,16,0,0,19,0,30,2,30,30,0,0,0,30,551,1,2,2,0.04,1
258,30,0,30,16,0,0,19,0,30,2,30,30,0,0,0,30,552,1,1,1,0.04,1
259,28,0,28,15,0,0,19,0,30,2,30,28,0,1,0,30,555,1,5,3,0.04,1
260,30,0,30,16,0,0,19,0,30,2,30,30,0,0,0,30,558,1,1,3,0.04,1
261,30,0,30,16,0,0,19,0,30,2,30,30,0,0,0,30,560,1,2,2,0.04,1
262,30,0,30,16,0,0,19,0,30,2,30,30,0,0,0,30,562,1,2,2,0.04,1
263,30,0,30,16,0,0,19,0,30,2,30,30,0,0,0,30,564,1,2,2,0.04,1
264,29,0,29,15,0,0,19,0,30,2,30,29,0,1,0,30,567,1,4,3,0.04,1
265,30,0,30,16,0,0,19,0,30,2,30,30,0,0,0,30,569,1,1,2,0.04,1
266,29,0,29,16,0,0,19,0,30,2,30,29,0,0,0,30,569,1,1,0,0.04,1
267,30,0,30,16,0,0,19,0,30,2,30,30,0,0,0,30,572,1,2,3,0.04,1
268,30,0,30,16,0,0,19,0,30,2,30,30,0,0,0,30,572,1,0,0,0.04,1
269,30,0,30,16,0,0,19,0,30,2,30,30,0,0,0,30,574,1,2,2,0.04,1
270,28,0,28,15,0,0,19,0,30,2,30,28,0,1,0,30,577,1,5,3,0.04,1
271,29,3,26,15,3,3,19,0,30,2,30,29,3,1,0,33,580,1,2,3,0.04,1
272,30,5,25,16,5,5,19,0,30,2,30,30,5,0,0,35,582,1,1,2,0.04,1
273,29,5,24,16,5,5,19,0,30,2,30,29,5,0,0,35,584,1,3,2,0.04,1
274,29,6,23,15,6,5,19,0,30,2,30,29,6,1,1,36,587,1,3,3,0.04,1
275,30,6,24,16,6,5,19,0,30,2,30,30,6,0,0,36,589,1,1,2,0.04,1
276,30,6,24,16,6,5,19,0,30,2,30,30,6,0,0,36,591,1,2,2,0.04,1
277,29,7,22,15,7,5,19,0,30,2,30,29,7,1,1,37,592,1,2,1,0.04,1
278,29,7,22,16,7,5,19,0,30,2,30,29,7,0,0,37,595,1,3,3,0.04,1
279,30,7,23,16,7,5,19,0,30,2,30,30,7,0,0,37,598,1,2,3,0.04,1
280,30,7,23,16,7,5,19,0,30,2,30,30,7,0,0,37,598,1,0,0,0.04,1
281,30,7,23,16,7,5,19,0,30,2,30,30,7,0,0,37,600,1,2,2,0.04,1
282,29,6,23,16,6,5,19,0,30,2,30,29,6,0,0,37,600,1,1,0,0.04,1
283,30,7,23,16,7,5,19,0,30,2,30,30,7,0,1,38,603,1,2,3,0.04,1
284,29,7,22,16,7,5,19,0,30,2,30,29,7,0,0,38,605,1,3,2,0.04,1
285,30,4,26,16,4,2,19,0,30,2,30,30,4,0,0,38,609,1,3,4,0.04,1
286,30,2,28,16,2,0,19,0,30,2,30,30,2,0,0,38,611,1,2,2,0.04,1
287,30,2,28,16,2,0,19,0,30,2,30,30,2,0,0,38,613,1,2,2,0.04,1
288,30,1,29,16,1,0,19,0,30,2,30,30,1,0,0,38,617,1,4,4,0.04,1
289,30,1,29,16,1,0,19,0,30,2,30,30,1,0,0,38,619,1,2,2,0.04,1
290,29,1,28,15,1,0,19,0,30,2,30,29,1,1,0,38,620,1,2,1,0.04,1
291,29,1,28,16,1,0,19,0,30,2,30,29,1,0,0,38,621,2,1,1,0.04,1
292,28,1,27,15,1,0,19,0,30,3,30,28,1,1,0,38,623,2,3,2,0.04,1
293,29,1,28,15,1,0,19,0,30,3,30,29,1,1,0,38,627,2,3,4,0.04,1
294,30,1,29,16,1,0,19,0,30,3,30,30,1,0,0,38,628,2,0,1,0.04,1
295,30,1,29,16,1,0,19,0,30,3,30,30,1,0,0,38,630,2,2,2,0.04,1
296,30,1,29,16,1,0,19,0,30,3,30,30,1,0,0,38,630,2,0,0,0.04,1
297,30,1,29,15,1,0,19,0,30,3,30,30,1,0,0,38,632,2,2,2,0.04,1
298,30,1,29,15,1,0,19,0,30,3,30,30,1,0,0,38,634,2,2,2,0.04,1
299,30,1,29,15,1,0,19,0,30,3,30,30,1,0,0,38,638,2,4,4,0.04,1
300,29,1,28,15,1,0,19,0,30,3,30,29,1,0,0,38,639,2,2,1,0.04,1
301,30,1,29,15,1,0,19,0,30,3,30,30,1,0,0,38,642,2,2,3,0.04,1
302,30,1,29,15,1,0,19,0,30,3,30,30,1,0,0,38,646,2,4,4,0.04,1
303,30,1,29,15,1,0,19,0,30,3,30,30,1,0,0,38,648,2,2,2,0.04,1
304,30,0,30,16,0,0,19,0,30,3,30,30,0,0,0,38,650,2,2,2,0.04,1
305,30,0,30,16,0,0,19,0,30,3,30,30,0,0,0,38,651,2,1,1,0.04,1
306,30,0,30,16,0,0,19,0,30,3,30,30,0,0,0,38,653,2,2,2,0.04,1
307,30,1,29,16,1,0,19,0,30,3,30,30,1,0,1,39,657,2,4,4,0.04,1
308,30,2,28,16,2,0,19,0,30,3,30,30,2,0,1,40,658,2,1,1,0.04,1
309,30,2,28,16,2,0,19,0,30,3,30,30,2,0,0,40,660,2,2,2,0.04,1
310,30,2,28,16,2,0,19,0,30,3,30,30,2,0,0,40,660,2,0,0,0.04,1
311,30,2,28,16,2,0,19,0,30,3,30,30,2,0,0,40,662,2,2,2,0.04,1
312,30,2,28,16,2,0,19,0,30,3,30,30,2,0,0,40,664,2,2,2,0.04,1
313,29,2,27,15,2,0,19,0,30,3,30,29,2,1,0,40,666,2,3,2,0.04,1
314,30,3,27,16,3,0,19,0,30,3,30,30,3,0,1,41,668,2,1,2,0.04,1
315,30,3,27,16,3,0,19,0,30,3,30,30,3,0,0,41,671,2,3,3,0.04,1
316,30,3,27,16,3,0,19,0,30,3,30,30,3,0,0,41,674,2,3,3,0.04,1
317,30,3,27,16,3,0,19,0,30,3,30,30,3,0,0,41,676,2,2,2,0.04,1
318,30,3,27,16,3,0,19,0,30,3,30,30,3,0,0,41,678,2,2,2,0.04,1
319,30,3,27,16,3,0,19,0,30,3,30,30,3,0,0,41,679,2,1,1,0.04,1
320,30,2,28,16,2,0,19,0,30,0,30,30,2,0,0,41,682,2,3,3,0.04,1
321,30,2,28,16,2,0,19,0,30,0,30,30,2,0,0,41,686,2,4,4,0.04,1
322,30,2,28,16,2,0,19,0,30,0,30,30,2,0,0,41,687,3,1,1,0.04,1
323,30,1,29,16,1,0,19,0,30,0,30,30,1,0,0,41,689,3,2,2,0.04,1
324,30,1,29,16,1,0,19,0,30,0,30,30,1,0,0,41,689,3,0,0,0.04,1
325,29,1,28,15,1,0,19,0,30,0,30,29,1,1,0,41,690,3,2,1,0.04,1
326,30,1,29,16,1,0,19,0,30,0,30,30,1,0,0,41,693,3,2,3,0.04,1
327,30,1,29,16,1,0,19,0,30,0,30,30,1,0,0,41,695,3,2,2,0.04,1
328,30,1,29,16,1,0,19,0,30,0,30,30,1,0,0,41,697,3,2,2,0.04,1
329,30,1,29,16,1,0,19,0,30,0,30,30,1,0,0,41,700,3,3,3,0.04,1
330,30,0,30,17,0,0,19,0,30,0,30,30,0,0,0,41,704,3,4,4,0.04,1
331,29,1,28,16,1,1,19,0,30,0,30,29,1,1,0,42,705,3,2,1,0.04,1
332,30,2,28,16,2,2,19,0,30,0,30,30,2,0,0,43,708,3,2,3,0.04,1
333,30,2,28,16,2,2,19,0,30,0,30,30,2,0,0,43,709,3,1,1,0.04,1
334,29,2,27,15,2,2,19,0,30,0,30,29,2,1,0,43,711,3,3,2,0.04,1
335,29,2,27,15,2,2,19,0,30,0,30,29,2,1,0,43,715,3,4,4,0.04,1
336,30,2,28,16,2,2,19,0,30,0,30,30,2,0,0,43,717,3,1,2,0.04,1
337,29,2,27,16,2,2,19,0,30,0,30,29,2,0,0,43,718,3,2,1,0.04,1
338,30,2,28,16,2,2,19,0,30,0,30,30,2,0,0,43,719,3,0,1,0.04,1
339,30,2,28,16,2,2,19,0,30,0,30,30,2,0,0,43,720,3,1,1,0.04,1
340,29,2,27,15,2,2,19,0,30,0,30,29,2,1,0,43,722,3,3,2,0.04,1
341,30,2,28,16,2,2,19,0,30,0,30,30,2,0,0,43,725,3,2,3,0.04,1
342,29,2,27,15,2,2,19,0,30,0,30,29,2,1,0,43,726,3,2,1,0.04,1
343,29,2,27,16,2,2,19,0,30,0,30,29,2,0,0,43,729,3,3,3,0.04,1
344,28,2,26,15,2,2,19,0,30,0,30,28,2,1,0,43,732,3,4,3,0.04,1
345,29,1,28,15,1,1,19,0,30,0,30,29,1,1,0,43,734,3,1,2,0.04,1
346,29,0,29,15,0,0,19,0,30,0,30,29,0,1,0,43,737,3,3,3,0.04,1
347,30,0,30,16,0,0,19,0,30,0,30,30,0,0,0,43,739,3,1,2,0.04,1
348,29,0,29,15,0,0,19,0,30,0,30,29,0,1,0,43,740,3,2,1,0.04,1
349,30,0,30,16,0,0,19,0,30,0,30,30,0,0,0,43,745,3,4,5,0.04,1
350,30,0,30,16,0,0,19,0,30,0,30,30,0,0,0,43,747,3,2,2,0.04,1
351,30,0,30,16,0,0,19,0,30,0,30,30,0,0,0,43,748,3,1,1,0.04,1
352,30,0,30,16,0,0,19,0,30,0,30,30,0,0,0,43,749,3,1,1,0.04,1
353,30,0,30,16,0,0,19,0,30,0,30,30,0,0,0,43,750,3,1,1,0.04,1
354,29,0,29,16,0,0,19,0,30,0,30,29,0,0,0,43,751,3,2,1,0.04,1
355,30,0,30,16,0,0,19,0,30,0,30,30,0,0,0,43,755,3,3,4,0.04,1
356,30,0,30,16,0,0,19,0,30,0,30,30,0,0,0,43,756,3,1,1,0.04,1
357,30,0,30,16,0,0,19,0,30,0,30,30,0,0,0,43,759,3,3,3,0.04,1
358,30,0,30,16,0,0,19,0,30,0,30,30,0,0,0,43,762,3,3,3,0.04,1
359,30,0,30,16,0,0,19,0,30,0,30,30,0,0,0,43,764,3,2,2,0.04,1
360,30,0,30,16,0,0,19,0,30,0,30,30,0,0,0,43,767,3,3,3,0.04,1
361,30,2,28,16,2,2,19,0,30,0,30,30,2,0,0,45,769,3,2,2,0.04,1
362,30,3,27,16,3,3,19,0,30,0,30,30,3,0,0,46,770,3,1,1,0.04,1
363,29,4,25,16,4,4,19,0,30,0,30,29,4,0,0,47,774,3,5,4,0.04,1
364,30,4,26,16,4,4,19,0,30,0,30,30,4,0,0,47,777,3,2,3,0.04,1
365,29,4,25,15,4,4,19,0,30,0,30,29,4,1,0,47,777,3,1,0,0.04,1
366,30,4,26,16,4,4,19,0,30,0,30,30,4,0,0,47,779,3,1,2,0.04,1
367,30,4,26,16,4,4,19,0,30,1,30,30,4,0,0,47,780,3,1,1,0.04,1
368,30,4,26,16,4,4,19,0,30,1,30,30,4,0,0,47,781,3,1,1,0.04,1
369,30,4,26,16,4,4,19,0,30,1,30,30,4,0,0,47,785,3,4,4,0.04,1
370,30,4,26,16,4,4,19,0,30,1,30,30,4,0,0,47,786,3,1,1,0.04,1
371,30,4,26,16,4,4,19,0,30,1,30,30,4,0,0,47,789,3,3,3,0.04,1
372,30,4,26,16,4,4,19,0,30,1,30,30,4,0,0,47,792,3,3,3,0.04,1
373,30,4,26,16,4,4,19,0,30,1,30,30,4,0,0,47,794,3,2,2,0.04,1
374,30,4,26,16,4,4,19,0,30,1,30,30,4,0,0,47,797,3,3,3,0.04,1
375,29,2,27,15,2,2,19,0,30,1,30,29,2,1,0,47,798,3,2,1,0.04,1
376,29,1,28,16,1,1,19,0,30,1,30,29,1,0,0,47,799,3,1,1,0.04,1
377,29,0,29,16,0,0,19,0,30,1,30,29,0,0,0,47,803,3,4,4,0.04,1
378,29,0,29,15,0,0,19,0,30,1,30,29,0,1,0,47,806,3,3,3,0.04,1
379,30,0,30,16,0,0,19,0,30,1,30,30,0,0,0,47,807,3,0,1,0.04,1
380,30,0,30,16,0,0,19,0,30,1,30,30,0,0,0,47,809,3,2,2,0.04,1
381,29,0,29,16,0,0,19,0,30,1,30,29,0,0,0,47,809,3,1,0,0.04,1
382,30,0,30,16,0,0,19,0,30,1,30,30,0,0,0,47,811,3,1,2,0.04,1
383,30,0,30,16,0,0,19,0,30,1,30,30,0,0,0,47,815,3,4,4,0.04,1
384,30,0,30,16,0,0,19,0,30,1,30,30,0,0,0,47,816,3,1,1,0.04,1
385,30,0,30,16,0,0,19,0,30,1,30,30,0,0,0,47,819,3,3,3,0.04,1
386,28,0,28,15,0,0,19,0,30,1,30,28,0,1,0,47,820,3,3,1,0.04,1
387,30,0,30,16,0,0,19,0,30,1,30,30,0,0,0,47,824,3,2,4,0.04,1
388,30,0,30,16,0,0,19,0,30,1,30,30,0,0,0,47,827,3,3,3,0.04,1
389,30,0,30,16,0,0,19,0,30,1,30,30,0,0,0,47,828,3,1,1,0.04,1
390,30,0,30,16,0,0,19,0,30,1,30,30,0,0,0,47,829,3,1,1,0.04,1
391,29,1,28,15,1,1,19,0,30,1,30,29,1,1,0,48,832,3,4,3,0.04,1
392,30,1,29,16,1,1,19,0,30,1,30,30,1,0,0,48,836,3,3,4,0.04,1
393,30,1,29,16,1,1,19,0,30,1,30,30,1,0,0,48,837,3,1,1,0.04,1
394,30,1,29,16,1,1,19,0,30,1,30,30,1,0,0,48,839,3,2,2,0.04,1
395,30,1,29,16,1,1,19,0,30,1,30,30,1,0,0,48,839,3,0,0,0.04,1
396,30,1,29,16,1,1,19,0,30,1,30,30,1,0,0,48,841,3,2,2,0.04,1
397,29,1,28,16,1,1,19,0,30,1,30,29,1,0,0,48,844,3,4,3,0.04,1
398,29,1,28,15,1,1,19,0,30,1,30,29,1,1,0,48,845,3,1,1,0.04,1
399,28,1,27,16,1,1,19,0,30,1,30,28,1,0,0,48,847,3,3,2,0.04,1
400,30,1,29,16,1,1,19,0,30,1,30,30,1,0,0,48,850,3,1,3,0.04,1
401,30,1,29,16,1,1,19,0,30,1,30,30,1,0,0,48,854,3,4,4,0.04,1
402,30,1,29,16,1,1,19,0,30,1,30,30,1,0,0,48,857,3,3,3,0.04,1
403,29,1,28,15,1,1,19,0,30,1,30,29,1,1,0,48,857,3,1,0,0.04,1
404,30,1,29,16,1,1,19,0,30,1,30,30,1,0,0,48,859,3,1,2,0.04,1
405,30,0,30,16,0,0,19,0,30,1,30,30,0,0,0,48,862,3,3,3,0.04,1
406,30,0,30,16,0,0,19,0,30,1,30,30,0,0,0,48,866,3,4,4,0.04,1
407,30,0,30,16,0,0,19,0,30,1,30,30,0,0,0,48,867,3,1,1,0.04,1
408,30,0,30,16,0,0,19,0,30,1,30,30,0,0,0,48,869,3,2,2,0.04,1
409,30,0,30,16,0,0,19,0,30,1,30,30,0,0,0,48,869,3,0,0,0.04,1
410,30,0,30,16,0,0,19,0,30,1,30,30,0,0,0,48,871,3,2,2,0.04,1
411,30,0,30,16,0,0,19,0,30,1,30,30,0,0,0,48,874,3,3,3,0.04,1
412,30,0,30,16,0,0,19,0,30,1,30,30,0,0,0,48,875,3,1,1,0.04,1
413,30,0,30,16,0,0,19,0,30,2,30,30,0,0,0,48,877,3,2,2,0.04,1
414,30,0,30,16,0,0,19,0,30,2,30,30,0,0,0,48,880,3,3,3,0.04,1
415,29,1,28,15,1,0,19,0,30,2,30,29,1,1,1,49,883,3,4,3,0.04,1
416,29,1,28,15,1,0,19,0,30,2,30,29,1,1,0,49,886,3,3,3,0.04,1
417,30,1,29,16,1,0,19,0,30,2,30,30,1,0,0,49,887,3,0,1,0.04,1
418,30,1,29,16,1,0,19,0,30,2,30,30,1,0,0,49,889,3,2,2,0.04,1
419,30,1,29,16,1,0,19,0,30,2,30,30,1,0,0,49,892,3,3,3,0.04,1
420,30,1,29,16,1,0,19,0,30,2,30,30,1,0,0,49,896,3,4,4,0.04,1
421,29,1,28,15,1,0,19,0,30,2,30,29,1,1,0,49,896,3,1,0,0.04,1
422,29,2,27,15,2,1,19,0,30,2,30,29,2,1,0,50,898,3,2,2,0.04,1
423,30,2,28,16,2,1,19,0,30,2,30,30,2,0,0,50,899,3,0,1,0.04,1
424,30,2,28,16,2,1,19,0,30,2,30,30,2,0,0,50,900,3,1,1,0.04,1
425,29,2,27,16,2,1,19,0,30,2,30,29,2,0,0,50,902,3,3,2,0.04,1
426,30,3,27,16,3,1,19,0,30,2,30,30,3,0,1,51,904,3,1,2,0.04,1
427,30,3,27,16,3,1,19,0,30,2,30,30,3,0,0,51,906,3,2,2,0.04,1
428,30,3,27,16,3,1,19,0,30,2,30,30,3,0,0,51,909,3,3,3,0.04,1
429,30,3,27,16,3,1,19,0,30,2,30,30,3,0,0,51,912,3,3,3,0.04,1
430,30,3,27,16,3,1,19,0,30,2,30,30,3,0,0,51,915,3,3,3,0.04,1
431,30,2,28,16,2,1,19,0,30,2,30,30,2,0,0,51,917,3,2,2,0.04,1
432,30,2,28,16,2,1,19,0,30,2,30,30,2,0,0,51,918,3,1,1,0.04,1
433,29,2,27,16,2,1,19,0,30,2,30,29,2,0,0,51,920,3,3,2,0.04,1
434,29,2,27,15,2,1,19,0,30,2,30,29,2,1,0,51,924,3,4,4,0.04,1
435,30,2,28,16,2,1,19,0,30,2,30,30,2,0,0,51,925,3,0,1,0.04,1
436,30,1,29,16,1,0,19,0,30,2,30,30,1,0,0,51,927,3,2,2,0.04,1
437,30,1,29,16,1,0,19,0,30,2,30,30,1,0,0,51,928,3,1,1,0.04,1
438,30,1,29,16,1,0,19,0,30,2,30,30,1,0,0,51,929,3,1,1,0.04,1
439,29,0,29,15,0,0,19,0,30,2,30,29,0,1,0,51,931,3,3,2,0.04,1
440,30,0,30,16,0,0,19,0,30,2,30,30,0,0,0,51,934,3,2,3,0.04,1
441,30,0,30,16,0,0,19,0,30,2,30,30,0,0,0,51,936,3,2,2,0.04,1
442,30,0,30,16,0,0,19,0,30,2,30,30,0,0,0,51,939,3,3,3,0.04,1
443,30,0,30,16,0,0,19,0,30,2,30,30,0,0,0,51,942,3,3,3,0.04,1
444,29,1,28,16,1,0,19,0,30,2,30,29,1,0,1,52,944,3,3,2,0.04,1
445,30,1,29,16,1,0,19,0,30,2,30,30,1,0,0,52,947,3,2,3,0.04,1
446,30,1,29,16,1,0,19,0,30,2,30,30,1,0,0,52,948,3,1,1,0.04,1
447,30,1,29,16,1,0,19,0,30,2,30,30,1,0,0,52,950,3,2,2,0.04,1
448,30,1,29,16,1,0,19,0,30,2,30,30,1,0,0,52,954,3,4,4,0.04,1
449,30,1,29,16,1,0,19,0,30,2,30,30,1,0,0,52,955,3,1,1,0.04,1
450,29,1,28,16,1,0,19,0,30,2,30,29,1,0,0,52,956,3,2,1,0.04,1
451,30,3,27,16,3,2,19,0,30,2,30,30,3,0,0,54,958,3,1,2,0.04,1
452,30,4,26,16,4,3,19,0,30,2,30,30,4,0,0,55,959,3,1,1,0.04,1
453,30,4,26,16,4,3,19,0,30,2,30,30,4,0,0,55,960,3,1,1,0.04,1
454,30,4,26,16,4,3,19,0,30,2,30,30,4,0,0,55,963,3,3,3,0.04,1
455,30,4,26,16,4,3,19,0,30,2,30,30,4,0,0,55,965,3,2,2,0.04,1
456,30,4,26,16,4,3,19,0,30,2,30,30,4,0,0,55,968,3,3,3,0.04,1
457,30,4,26,16,4,3,19,0,30,2,30,30,4,0,0,55,971,3,3,3,0.04,1
458,30,4,26,16,4,3,19,0,30,2,30,30,4,0,0,55,973,3,2,2,0.04,1
459,30,4,26,16,4,3,19,0,30,2,30,30,4,0,0,55,976,3,3,3,0.04,1
460,30,3,27,16,3,3,19,0,30,3,30,30,3,0,0,55,978,3,2,2,0.04,1
461,30,3,27,16,3,3,19,0,30,3,30,30,3,0,0,55,980,3,2,2,0.04,1
462,29,3,26,16,3,3,19,0,30,3,30,29,3,0,0,55,983,3,4,3,0.04,1
463,30,3,27,16,3,3,19,0,30,3,30,30,3,0,0,55,985,3,1,2,0.04,1
464,30,3,27,16,3,3,19,0,30,3,30,30,3,0,0,55,986,3,1,1,0.04,1
465,30,2,28,16,2,1,19,0,30,3,30,30,2,0,1,56,988,3,2,2,0.04,1
466,30,1,29,16,1,0,19,0,30,3,30,30,1,0,0,56,989,3,1,1,0.04,1
467,30,1,29,16,1,0,19,0,30,3,30,30,1,0,0,56,990,3,1,1,0.04,1
468,30,1,29,16,1,0,19,0,30,3,30,30,1,0,0,56,993,3,3,3,0.04,1
469,29,1,28,15,1,0,19,0,30,3,30,29,1,1,0,56,994,3,2,1,0.04,1
470,30,1,29,16,1,0,19,0,30,3,30,30,1,0,0,56,998,3,3,4,0.04,1
471,30,1,29,16,1,0,19,0,30,3,30,30,1,0,0,56,1000,3,2,2,0.04,1
472,29,1,28,15,1,0,19,0,30,3,30,29,1,1,0,56,1001,3,2,1,0.04,1
473,30,1,29,16,1,0,19,0,30,3,30,30,1,0,0,56,1005,3,3,4,0.04,1
474,28,1,27,14,1,0,19,0,30,3,30,28,1,2,0,56,1005,3,2,0,0.04,1
475,30,1,29,16,1,0,19,0,30,3,30,30,1,0,0,56,1009,3,2,4,0.04,1
476,30,1,29,16,1,0,19,0,30,3,30,30,1,0,0,56,1012,3,3,3,0.04,1
477,30,1,29,16,1,0,19,0,30,3,30,30,1,0,0,56,1014,3,2,2,0.04,1
478,28,0,28,14,0,0,19,0,30,3,30,28,0,2,0,56,1014,3,2,0,0.04,1
479,30,0,30,16,0,0,19,0,30,3,30,30,0,0,0,56,1018,3,2,4,0.04,1
480,29,1,28,16,1,0,19,0,30,3,30,29,1,0,1,57,1018,3,1,0,0.04,1
481,30,3,27,16,3,2,19,0,30,3,30,30,3,0,0,59,1020,3,1,2,0.04,1
482,30,6,24,16,6,5,19,0,30,3,30,30,6,0,0,62,1023,3,3,3,0.04,1
483,30,6,24,16,6,5,19,0,30,3,30,30,6,0,0,62,1024,3,1,1,0.04,1
484,29,6,23,16,6,5,19,0,30,3,30,29,6,0,0,62,1027,3,4,3,0.04,1
485,30,6,24,16,6,5,19,0,30,3,30,30,6,0,0,62,1030,3,2,3,0.04,1
486,29,6,23,15,6,5,19,0,30,3,30,29,6,1,0,62,1030,3,1,0,0.04,1
487,30,6,24,16,6,5,19,0,30,3,30,30,6,0,0,62,1034,3,3,4,0.04,1
488,30,6,24,16,6,5,19,0,30,3,30,30,6,0,0,62,1034,3,0,0,0.04,1
489,30,6,24,16,6,5,19,0,30,3,30,30,6,0,0,62,1038,3,4,4,0.04,1
490,29,7,22,16,7,5,19,0,30,3,30,29,7,0,1,63,1040,3,3,2,0.04,1
491,30,7,23,16,7,5,19,0,30,3,30,30,7,0,0,63,1043,3,2,3,0.04,1
492,30,8,22,16,8,5,19,0,30,3,30,30,8,0,1,64,1043,3,0,0,0.04,1
493,29,8,21,15,8,5,19,0,30,3,30,29,8,1,0,64,1046,3,4,3,0.04,1
494,30,7,23,16,7,5,19,0,30,3,30,30,7,0,0,64,1048,3,1,2,0.04,1
495,30,5,25,16,5,3,19,0,30,3,30,30,5,0,0,64,1050,3,2,2,0.04,1
496,30,2,28,16,2,0,19,0,30,3,30,30,2,0,0,64,1053,3,3,3,0.04,1
497,30,2,28,16,2,0,19,0,30,3,30,30,2,0,0,64,1054,3,1,1,0.04,1
498,29,2,27,16,2,0,19,0,30,3,30,29,2,0,0,64,1056,3,3,2,0.04,1
499,28,2,26,16,2,0,19,0,30,3,30,28,2,0,0,64,1058,3,3,2,0.04,1
500,30,2,28,16,2,0,19,0,30,0,30,30,2,0,0,64,1060,3,0,2,0.04,1
501,30,2,28,16,2,0,19,0,30,0,30,30,2,0,0,64,1063,3,3,3,0.04,1
502,30,2,28,16,2,0,19,0,30,0,30,30,2,0,0,64,1063,3,0,0,0.04,1
503,30,2,28,16,2,0,19,0,30,0,30,30,2,0,0,64,1066,3,3,3,0.04,1
504,30,2,28,16,2,0,19,0,30,0,30,30,2,0,0,64,1068,3,2,2,0.04,1
505,30,2,28,16,2,0,19,0,30,0,30,30,2,0,0,64,1071,3,3,3,0.04,1
506,30,2,28,16,2,0,19,0,30,0,30,30,2,0,0,64,1071,3,0,0,0.04,1
507,30,2,28,16,2,0,19,0,30,0,30,30,2,0,0,64,1074,3,3,3,0.04,1
508,30,1,29,16,1,0,19,0,30,0,30,30,1,0,0,64,1077,3,3,3,0.04,1
509,29,1,28,16,1,0,19,0,30,0,30,29,1,0,0,64,1078,3,2,1,0.04,1
510,30,0,30,16,0,0,19,0,30,0,30,30,0,0,0,64,1083,3,4,5,0.04,1
511,30,1,29,16,0,1,19,0,30,0,30,30,0,0,0,65,1084,3,1,1,0.04,1
512,30,2,28,16,2,2,19,0,30,0,30,30,2,0,0,66,1086,3,2,2,0.04,1
513,30,2,28,16,2,2,19,0,30,0,30,30,2,0,0,66,1088,3,2,2,0.04,1
514,30,2,28,16,2,2,19,0,30,0,30,30,2,0,0,66,1090,3,2,2,0.04,1
515,28,2,26,15,2,2,19,0,30,0,30,28,2,1,0,66,1091,3,3,1,0.04,1
516,30,2,28,16,2,2,19,0,30,0,30,30,2,0,0,66,1093,3,0,2,0.04,1
517,27,2,25,13,2,2,19,0,30,0,30,27,2,3,0,66,1093,3,3,0,0.04,1
518,29,2,27,16,2,2,19,0,30,0,30,29,2,0,0,66,1097,3,2,4,0.04,1
519,30,2,28,16,2,2,19,0,30,0,30,30,2,0,0,66,1101,3,3,4,0.04,1
520,30,2,28,16,2,2,19,0,30,1,30,30,2,0,0,66,1101,3,0,0,0.04,1
521,29,2,27,16,2,2,19,0,30,1,30,29,2,0,0,66,1103,3,3,2,0.04,1
522,29,2,27,15,2,2,19,0,30,1,30,29,2,1,0,66,1106,3,3,3,0.04,1
523,30,2,28,16,2,2,19,0,30,1,30,30,2,0,0,66,1108,3,1,2,0.04,1
524,30,2,28,16,2,2,19,0,30,1,30,30,2,0,0,66,1113,3,5,5,0.04,1
525,29,1,28,15,1,1,19,0,30,1,30,29,1,1,0,66,1113,3,1,0,0.04,1
526,30,1,29,16,1,0,19,0,30,1,30,30,1,0,1,67,1116,3,2,3,0.04,1
527,30,1,29,16,1,0,19,0,30,1,30,30,1,0,0,67,1118,3,2,2,0.04,1
528,30,1,29,16,1,0,19,0,30,1,30,30,1,0,0,67,1120,3,2,2,0.04,1
529,30,1,29,16,1,0,19,0,30,1,30,30,1,0,0,67,1121,3,1,1,0.04,1
530,30,1,29,16,1,0,19,0,30,1,30,30,1,0,0,67,1123,3,2,2,0.04,1
531,30,1,29,16,1,0,19,0,30,1,30,30,1,0,0,67,1123,3,0,0,0.04,1
532,29,1,28,15,1,0,19,0,30,1,30,29,1,1,0,67,1126,3,4,3,0.04,1
533,30,1,29,16,1,0,19,0,30,1,30,30,1,0,0,67,1131,3,4,5,0.04,1
534,30,1,29,16,1,0,19,0,30,1,30,30,1,0,0,67,1131,3,0,0,0.04,1
535,30,1,29,16,1,0,19,0,30,1,30,30,1,0,0,67,1133,3,2,2,0.04,1
536,30,1,29,16,1,0,19,0,30,1,30,30,1,0,0,67,1135,3,2,2,0.04,1
537,30,1,29,16,1,0,19,0,30,1,30,30,1,0,0,67,1137,3,2,2,0.04,1
538,29,1,28,16,1,0,19,0,30,1,30,29,1,0,0,67,1141,3,5,4,0.04,1
539,30,1,29,16,1,0,19,0,30,1,30,30,1,0,0,67,1142,3,0,1,0.04,1
540,30,1,29,16,1,0,19,0,30,1,30,30,1,0,0,67,1145,3,3,3,0.04,1
541,30,3,27,16,3,2,19,0,30,1,30,30,3,0,0,69,1147,3,2,2,0.04,1
542,30,3,27,16,3,2,19,0,30,1,30,30,3,0,0,69,1149,3,2,2,0.04,1
543,30,2,28,16,2,2,19,0,30,1,30,30,2,0,0,69,1151,3,2,2,0.04,1
544,30,2,28,16,2,2,19,0,30,1,30,30,2,0,0,69,1153,3,2,2,0.04,1
545,30,2,28,16,2,2,19,0,30,1,30,30,2,0,0,69,1153,3,0,0,0.04,1
546,30,2,28,16,2,2,19,0,30,1,30,30,2,0,0,69,1156,3,3,3,0.04,1
547,28,2,26,15,2,2,19,0,30,1,30,28,2,1,0,69,1159,3,5,3,0.04,1
548,30,2,28,16,2,2,19,0,30,1,30,30,2,0,0,69,1161,3,0,2,0.04,1
549,30,2,28,16,2,2,19,0,30,1,30,30,2,0,0,69,1163,3,2,2,0.04,1
550,30,2,28,16,2,2,19,0,30,1,30,30,2,0,0,69,1165,3,2,2,0.04,1
551,30,2,28,16,2,2,19,0,30,1,30,30,2,0,0,69,1167,3,2,2,0.04,1
552,29,2,27,15,2,2,19,0,30,1,30,29,2,1,0,69,1170,3,4,3,0.04,1
553,30,2,28,16,2,2,19,0,30,1,30,30,2,0,0,69,1172,3,1,2,0.04,1
554,29,2,27,16,2,2,19,0,30,1,30,29,2,0,0,69,1174,3,3,2,0.04,1
555,29,0,29,16,0,0,19,0,30,1,30,29,0,0,0,69,1176,3,2,2,0.04,1
556,29,0,29,16,0,0,19,0,30,1,30,29,0,0,0,69,1178,3,2,2,0.04,1
557,30,0,30,16,0,0,19,0,30,1,30,30,0,0,0,69,1181,3,2,3,0.04,1
558,30,0,30,16,0,0,19,0,30,1,30,30,0,0,0,69,1183,3,2,2,0.04,1
559,30,0,30,16,0,0,19,0,30,1,30,30,0,0,0,69,1183,3,0,0,0.04,1
560,30,0,30,16,0,0,19,0,30,1,30,30,0,0,0,69,1186,3,3,3,0.04,1
561,30,0,30,16,0,0,19,0,30,1,30,30,0,0,0,69,1189,3,3,3,0.04,1
562,30,0,30,16,0,0,19,0,30,1,30,30,0,0,0,69,1191,3,2,2,0.04,1
563,30,0,30,16,0,0,19,0,30,1,30,30,0,0,0,69,1193,3,2,2,0.04,1
564,30,0,30,16,0,0,19,0,30,1,30,30,0,0,0,69,1195,3,2,2,0.04,1
565,29,0,29,16,0,0,19,0,30,1,30,29,0,0,0,69,1196,3,2,1,0.04,1
566,29,1,28,16,1,0,19,0,30,1,30,29,1,0,1,70,1199,3,3,3,0.04,1
567,30,1,29,16,1,0,19,0,30,1,30,30,1,0,0,70,1202,3,2,3,0.04,1
568,30,1,29,16,1,0,19,0,30,1,30,30,1,0,0,70,1204,3,2,2,0.04,1
569,30,2,28,16,2,0,19,0,30,1,30,30,2,0,1,71,1206,3,2,2,0.04,1
570,30,2,28,16,2,0,19,0,30,1,30,30,2,0,0,71,1208,3,2,2,0.04,1
571,30,5,25,16,5,3,19,0,30,1,30,30,5,0,0,74,1211,3,3,3,0.04,1
572,30,7,23,16,7,5,19,0,30,1,30,30,7,0,0,76,1213,3,2,2,0.04,1
573,30,7,23,16,7,5,19,0,30,1,30,30,7,0,0,76,1213,3,0,0,0.04,1
574,30,7,23,16,7,5,19,0,30,1,30,30,7,0,0,76,1216,3,3,3,0.04,1
575,29,7,22,16,7,5,19,0,30,1,30,29,7,0,0,76,1218,3,3,2,0.04,1
576,30,7,23,16,7,5,19,0,30,1,30,30,7,0,0,76,1221,3,2,3,0.04,1
577,29,7,22,15,7,5,19,0,30,1,30,29,7,1,0,76,1221,3,1,0,0.04,1
578,29,7,22,15,7,5,19,0,30,1,30,29,7,1,0,76,1223,3,2,2,0.04,1
579,30,8,22,16,8,5,19,0,30,1,30,30,8,0,1,77,1225,3,1,2,0.04,1
580,30,8,22,16,8,5,19,0,30,1,30,30,8,0,0,77,1228,3,3,3,0.04,1
581,30,8,22,16,8,5,19,0,30,2,30,30,8,0,0,77,1230,3,2,2,0.04,1
582,29,8,21,15,8,5,19,0,30,2,30,29,8,1,0,77,1230,3,1,0,0.04,1
583,29,8,21,16,8,5,19,0,30,2,30,29,8,0,0,77,1232,3,2,2,0.04,1
584,30,7,23,16,7,5,19,0,30,2,30,30,7,0,0,77,1236,3,3,4,0.04,1
585,28,4,24,14,4,2,19,0,30,2,30,28,4,2,0,77,1237,3,3,1,0.04,1
586,30,2,28,16,2,0,19,0,30,2,30,30,2,0,0,77,1241,3,2,4,0.04,1
587,30,2,28,16,2,0,19,0,30,2,30,30,2,0,0,77,1241,3,0,0,0.04,1
588,30,1,29,16,1,0,19,0,30,2,30,30,1,0,0,77,1245,3,4,4,0.04,1
589,30,0,30,16,0,0,19,0,30,2,30,30,0,0,0,77,1248,3,3,3,0.04,1
590,30,1,29,16,1,0,19,0,30,2,30,30,1,0,1,78,1251,3,3,3,0.04,1
591,30,1,29,16,1,0,19,0,30,2,30,30,1,0,0,78,1251,3,0,0,0.04,1
592,29,1,28,16,1,0,19,0,30,2,30,29,1,0,0,78,1252,3,2,1,0.04,1
593,30,1,29,16,1,0,19,0,30,2,30,30,1,0,0,78,1255,3,2,3,0.04,1
594,29,1,28,15,1,0,19,0,30,2,30,29,1,1,0,78,1257,3,3,2,0.04,1
595,30,1,29,16,1,0,19,0,30,2,30,30,1,0,0,78,1260,3,2,3,0.04,1
596,30,1,29,16,1,0,19,0,30,2,30,30,1,0,0,78,1260,3,0,0,0.04,1
597,30,1,29,16,1,0,19,0,30,2,30,30,1,0,0,78,1262,3,2,2,0.04,1
598,30,1,29,16,1,0,19,0,30,2,30,30,1,0,0,78,1266,3,4,4,0.04,1
599,30,1,29,16,1,0,19,0,30,2,30,30,1,0,0,78,1267,3,1,1,0.04,1
600,30,1,29,16,1,0,19,0,30,2,30,30,1,0,0,78,1270,4,3,3,0.04,1
601,30,1,29,16,1,0,19,0,30,2,30,30,1,0,0,78,1270,4,0,0,0.04,1
602,30,2,28,16,2,1,19,0,30,2,30,30,2,0,0,79,1274,4,4,4,0.04,1
603,29,2,27,15,2,1,19,0,30,2,30,29,2,1,0,79,1276,4,3,2,0.04,1
604,30,2,28,16,2,1,19,0,30,2,30,30,2,0,0,79,1280,4,3,4,0.04,1
605,30,2,28,16,2,1,19,0,30,2,30,30,2,0,0,79,1280,4,0,0,0.04,1
606,30,2,28,16,2,1,19,0,30,2,30,30,2,0,0,79,1281,4,1,1,0.04,1
607,30,1,29,17,1,1,19,0,30,2,30,30,1,0,0,79,1285,4,4,4,0.04,1
608,30,1,29,17,1,1,19,0,30,3,30,30,1,0,0,79,1287,4,2,2,0.04,1
609,30,1,29,17,1,1,19,0,30,3,30,30,1,0,0,79,1290,4,3,3,0.04,1
610,30,2,28,17,2,1,19,0,30,3,30,30,2,0,1,80,1290,4,0,0,0.04,1
611,30,2,28,17,2,1,19,0,30,3,30,30,2,0,0,80,1292,4,2,2,0.04,1
612,29,2,27,17,2,1,19,0,30,3,30,29,2,0,0,80,1295,4,4,3,0.04,1
613,30,2,28,17,2,1,19,0,30,3,30,30,2,0,0,80,1297,4,1,2,0.04,1
614,30,2,28,16,2,1,19,0,30,3,30,30,2,0,0,80,1300,4,3,3,0.04,1
615,30,2,28,16,2,1,19,0,30,3,30,30,2,0,0,80,1300,4,0,0,0.04,1
616,29,1,28,15,1,0,19,0,30,3,30,29,1,1,0,80,1302,4,3,2,0.04,1
617,29,1,28,16,1,0,19,0,30,3,30,29,1,0,0,80,1304,4,2,2,0.04,1
618,30,1,29,16,1,0,19,0,30,3,30,30,1,0,0,80,1309,4,4,5,0.04,1
619,30,1,29,16,1,0,19,0,30,3,30,30,1,0,0,80,1309,4,0,0,0.04,1
620,30,1,29,16,1,0,19,0,30,3,30,30,1,0,0,80,1310,4,1,1,0.04,1
621,29,1,28,16,1,0,19,0,30,3,30,29,1,0,0,80,1313,4,4,3,0.04,1
622,29,1,28,16,1,0,19,0,30,3,30,29,1,0,0,80,1315,4,2,2,0.04,1
623,29,1,28,15,1,0,19,0,30,3,30,29,1,1,1,81,1319,4,4,4,0.04,1
624,30,1,29,16,1,0,19,0,30,3,30,30,1,0,0,81,1320,4,0,1,0.04,1
625,30,1,29,16,1,0,19,0,30,3,30,30,1,0,0,81,1322,4,2,2,0.04,1
626,29,1,28,15,1,0,19,0,30,3,30,29,1,1,0,81,1324,4,3,2,0.04,1
627,30,1,29,16,1,0,19,0,30,3,30,30,1,0,0,81,1327,4,2,3,0.04,1
628,30,1,29,16,1,0,19,0,30,3,30,30,1,0,0,81,1329,4,2,2,0.04,1
629,30,1,29,16,1,0,19,0,30,3,30,30,1,0,0,81,1329,4,0,0,0.04,1
630,30,1,29,16,1,0,19,0,30,4,30,30,1,0,0,81,1331,4,2,2,0.04,1
631,29,2,27,15,2,1,19,0,30,4,30,29,2,1,0,82,1332,4,2,1,0.04,1
632,30,5,25,16,5,4,19,0,30,4,30,30,5,0,0,85,1338,4,5,6,0.04,1
633,30,5,25,16,5,4,19,0,30,4,30,30,5,0,0,85,1338,4,0,0,0.04,1
634,30,5,25,16,5,4,19,0,30,4,30,30,5,0,0,85,1339,4,1,1,0.04,1
635,29,4,25,15,4,4,19,0,30,4,30,29,4,1,0,85,1342,4,4,3,0.04,1
636,30,4,26,16,4,4,19,0,30,4,30,30,4,0,0,85,1345,4,2,3,0.04,1
637,29,4,25,15,4,4,19,0,30,4,30,29,4,1,0,85,1348,4,4,3,0.04,1
638,30,4,26,16,4,4,19,0,30,5,30,30,4,0,0,85,1350,4,1,2,0.04,1
639,30,4,26,16,4,4,19,0,30,5,30,30,4,0,0,85,1352,4,2,2,0.04,1
640,30,4,26,16,4,4,19,0,30,5,30,30,4,0,0,85,1354,4,2,2,0.04,1
641,30,4,26,16,4,4,19,0,30,5,30,30,4,0,0,85,1357,4,3,3,0.04,1
642,30,4,26,16,4,4,19,0,30,5,30,30,4,0,0,85,1359,4,2,2,0.04,1
643,30,4,26,16,4,4,19,0,30,5,30,30,4,0,0,85,1359,4,0,0,0.04,1
644,30,4,26,16,4,4,19,0,30,5,30,30,4,0,0,85,1361,4,2,2,0.04,1
645,30,3,27,16,3,3,19,0,30,5,30,30,3,0,0,85,1362,4,1,1,0.04,1
646,29,0,29,15,0,0,19,0,30,5,30,29,0,1,0,85,1367,4,6,5,0.04,1
647,30,0,30,16,0,0,19,0,30,5,30,30,0,0,0,85,1368,4,0,1,0.04,1
648,30,1,29,16,1,0,19,0,30,5,30,30,1,0,1,86,1369,4,1,1,0.04,1
649,29,1,28,15,1,0,19,0,30,5,30,29,1,1,0,86,1370,4,2,1,0.04,1
650,30,1,29,16,1,0,19,0,30,5,30,30,1,0,0,86,1374,4,3,4,0.04,1
651,30,1,29,16,1,0,19,0,30,5,30,30,1,0,0,86,1377,4,3,3,0.04,1
652,30,1,29,16,1,0,19,0,30,5,30,30,1,0,0,86,1379,4,2,2,0.04,1
653,30,1,29,16,1,0,19,0,30,5,30,30,1,0,0,86,1381,4,2,2,0.04,1
654,30,1,29,16,1,0,19,0,30,5,30,30,1,0,0,86,1383,4,2,2,0.04,1
655,30,1,29,16,1,0,19,0,30,5,30,30,1,0,0,86,1386,4,3,3,0.04,1
656,30,0,30,16,0,0,19,0,30,5,30,30,0,0,0,86,1389,4,3,3,0.04,1
657,30,2,28,16,2,0,19,0,30,5,30,30,2,0,2,88,1389,4,0,0,0.04,1
658,30,2,28,16,2,0,19,0,30,5,30,30,2,0,0,88,1391,4,2,2,0.04,1
659,30,2,28,16,2,0,19,0,30,5,30,30,2,0,0,88,1392,4,1,1,0.04,1
660,30,2,28,16,2,0,19,0,30,5,30,30,2,0,0,88,1397,4,5,5,0.04,1
661,30,3,27,16,3,1,19,0,30,5,30,30,3,0,0,89,1398,4,1,1,0.04,1
662,30,4,26,16,4,2,19,0,30,5,30,30,4,0,0,90,1399,4,1,1,0.04,1
663,30,5,25,16,5,3,19,0,30,5,30,30,5,0,0,91,1400,4,1,1,0.04,1
664,30,9,21,16,9,7,19,0,30,5,30,30,9,0,0,95,1404,4,4,4,0.04,1
665,30,9,21,16,9,7,19,0,30,5,30,30,9,0,0,95,1407,4,3,3,0.04,1
666,30,9,21,16,9,7,19,0,30,5,30,30,9,0,0,95,1408,4,1,1,0.04,1
667,30,9,21,16,9,7,19,0,30,5,30,30,9,0,0,95,1410,4,2,2,0.04,1
668,29,9,20,16,9,7,19,0,30,5,30,29,9,0,0,95,1411,4,2,1,0.04,1
669,30,9,21,16,9,7,19,0,30,5,30,30,9,0,0,95,1415,4,3,4,0.04,1
670,30,9,21,16,9,7,19,0,30,5,30,30,9,0,0,95,1417,4,2,2,0.04,1
671,30,9,21,16,9,7,19,0,30,5,30,30,9,0,0,95,1417,4,0,0,0.04,1
672,28,9,19,15,9,7,19,0,30,5,30,28,9,1,0,95,1417,4,2,0,0.04,1
673,30,8,22,16,8,7,19,0,30,5,30,30,8,0,0,95,1421,4,2,4,0.04,1
674,30,8,22,16,8,7,19,0,30,5,30,30,8,0,0,95,1426,4,5,5,0.04,1
675,30,7,23,16,7,6,19,0,30,5,30,30,7,0,0,95,1427,4,1,1,0.04,1
676,30,6,24,16,6,5,19,0,30,5,30,30,6,0,0,95,1428,4,1,1,0.04,1
677,30,4,26,16,4,4,19,0,30,5,30,30,4,0,0,95,1430,4,2,2,0.04,1
678,30,0,30,16,0,0,19,0,30,6,30,30,0,0,0,95,1434,4,4,4,0.04,1
679,30,0,30,16,0,0,19,0,30,6,30,30,0,0,0,95,1437,4,3,3,0.04,1
680,30,0,30,16,0,0,19,0,30,0,30,30,0,0,0,95,1438,4,1,1,0.04,1
681,30,0,30,16,0,0,19,0,30,0,30,30,0,0,0,95,1440,4,2,2,0.04,1
682,30,0,30,16,0,0,19,0,30,0,30,30,0,0,0,95,1441,4,1,1,0.04,1
683,30,0,30,16,0,0,19,0,30,0,30,30,0,0,0,95,1445,4,4,4,0.04,1
684,28,0,28,15,0,0,19,0,30,0,30,28,0,1,0,95,1445,4,2,0,0.04,1
685,30,0,30,16,0,0,19,0,30,0,30,30,0,0,0,95,1447,4,0,2,0.04,1
686,30,0,30,16,0,0,19,0,30,0,30,30,0,0,0,95,1447,4,0,0,0.04,1
687,30,0,30,16,0,0,19,0,30,0,30,30,0,0,0,95,1451,4,4,4,0.04,1
688,29,0,29,16,0,0,19,0,30,0,30,29,0,0,0,95,1455,4,5,4,0.04,1
689,30,0,30,16,0,0,19,0,30,0,30,30,0,0,0,95,1457,4,1,2,0.04,1
690,30,0,30,16,0,0,19,0,30,0,30,30,0,0,0,95,1458,4,1,1,0.04,1
691,30,2,28,16,2,2,19,0,30,0,30,30,2,0,0,97,1460,4,2,2,0.04,1
692,29,2,27,16,2,2,19,0,30,0,30,29,2,0,0,97,1463,4,4,3,0.04,1
693,29,2,27,16,2,2,19,0,30,0,30,29,2,0,0,97,1466,4,3,3,0.04,1
694,30,2,28,16,2,2,19,0,30,0,30,30,2,0,0,97,1468,4,1,2,0.04,1
695,30,2,28,16,2,2,19,0,30,0,30,30,2,0,0,97,1470,4,2,2,0.04,1
696,30,2,28,16,2,2,19,0,30,0,30,30,2,0,0,97,1471,4,1,1,0.04,1
697,29,2,27,16,2,2,19,0,30,0,30,29,2,0,0,97,1474,4,4,3,0.04,1
698,30,2,28,16,2,2,19,0,30,0,30,30,2,0,0,97,1475,4,0,1,0.04,1
699,30,2,28,16,2,2,19,0,30,0,30,30,2,0,0,97,1477,4,2,2,0.04,1
700,30,2,28,16,2,2,19,0,30,0,30,30,2,0,0,97,1477,4,0,0,0.04,1
701,29,2,27,15,2,2,19,0,30,0,30,29,2,1,0,97,1480,4,4,3,0.04,1
702,29,2,27,15,2,2,19,0,30,0,30,29,2,1,0,97,1484,4,4,4,0.04,1
703,30,2,28,16,2,2,19,0,30,0,30,30,2,0,0,97,1487,4,2,3,0.04,1
704,30,2,28,16,2,2,19,0,30,0,30,30,2,0,0,97,1488,4,1,1,0.04,1
705,29,0,29,15,0,0,19,0,30,0,30,29,0,1,0,97,1489,4,2,1,0.04,1
706,30,0,30,16,0,0,19,0,30,0,30,30,0,0,0,97,1493,4,3,4,0.04,1
707,30,0,30,16,0,0,19,0,30,0,30,30,0,0,0,97,1496,4,3,3,0.04,1
708,30,0,30,16,0,0,19,0,30,0,30,30,0,0,0,97,1498,4,2,2,0.04,1
709,30,0,30,16,0,0,19,0,30,0,30,30,0,0,0,97,1500,4,2,2,0.04,1
710,30,0,30,16,0,0,19,0,30,0,30,30,0,0,0,97,1501,4,1,1,0.04,1
711,30,0,30,16,0,0,19,0,30,0,30,30,0,0,0,97,1504,4,3,3,0.04,1
712,30,0,30,16,0,0,19,0,30,0,30,30,0,0,0,97,1505,4,1,1,0.04,1
713,29,0,29,15,0,0,19,0,30,0,30,29,0,1,0,97,1506,4,2,1,0.04,1
714,30,0,30,16,0,0,19,0,30,0,30,30,0,0,0,97,1507,4,0,1,0.04,1
715,29,0,29,15,0,0,19,0,30,0,30,29,0,1,0,97,1509,4,3,2,0.04,1
716,29,0,29,16,0,0,19,0,30,0,30,29,0,0,0,97,1513,4,4,4,0.04,1
717,30,0,30,16,0,0,19,0,30,0,30,30,0,0,0,97,1517,4,3,4,0.04,1
718,30,0,30,16,0,0,19,0,30,0,30,30,0,0,0,97,1518,4,1,1,0.04,1
719,30,0,30,16,0,0,19,0,30,0,30,30,0,0,0,97,1519,4,1,1,0.04,1
720,29,0,29,15,0,0,19,0,30,0,30,29,0,1,0,97,1522,4,4,3,0.04,1
721,29,3,26,15,3,3,19,0,30,0,30,29,3,1,0,100,1525,4,3,3,0.04,1
722,30,3,27,16,3,3,19,0,30,0,30,30,3,0,0,100,1528,4,2,3,0.04,1
723,29,3,26,15,3,3,19,0,30,0,30,29,3,1,0,100,1529,4,2,1,0.04,1
724,30,3,27,16,3,3,19,0,30,0,30,30,3,0,0,100,1531,4,1,2,0.04,1
725,28,3,25,15,3,3,19,0,30,0,30,28,3,1,0,100,1532,4,3,1,0.04,1
726,30,3,27,16,3,3,19,0,30,0,30,30,3,0,0,100,1535,4,1,3,0.04,1
727,30,3,27,16,3,3,19,0,30,0,30,30,3,0,0,100,1536,4,1,1,0.04,1
728,30,3,27,16,3,3,19,0,30,0,30,30,3,0,0,100,1537,4,1,1,0.04,1
729,30,3,27,16,3,3,19,0,30,0,30,30,3,0,0,100,1539,4,2,2,0.04,1
730,29,3,26,16,3,3,19,0,30,0,30,29,3,0,0,100,1542,4,4,3,0.04,1
731,29,3,26,15,3,3,19,0,30,0,30,29,3,1,0,100,1546,4,4,4,0.04,1
732,30,3,27,16,3,3,19,0,30,0,30,30,3,0,0,100,1548,4,1,2,0.04,1
733,30,3,27,16,3,3,19,0,30,0,30,30,3,0,0,100,1549,4,1,1,0.04,1
734,29,3,26,16,3,3,19,0,30,0,30,29,3,0,0,100,1551,4,3,2,0.04,1
735,30,0,30,16,0,0,19,0,30,0,30,30,0,0,0,100,1555,4,3,4,0.04,1
736,29,0,29,15,0,0,19,0,30,0,30,29,0,1,0,100,1557,4,3,2,0.04,1
737,30,0,30,16,0,0,19,0,30,0,30,30,0,0,0,100,1559,4,1,2,0.04,1
738,30,0,30,16,0,0,19,0,30,0,30,30,0,0,0,100,1561,4,2,2,0.04,1
739,30,0,30,16,0,0,19,0,30,0,30,30,0,0,0,100,1562,4,1,1,0.04,1
740,30,0,30,16,0,0,19,0,30,0,30,30,0,0,0,100,1565,4,3,3,0.04,1
741,30,0,30,16,0,0,19,0,30,0,30,30,0,0,0,100,1566,4,1,1,0.04,1
742,30,0,30,16,0,0,19,0,30,0,30,30,0,0,0,100,1567,4,1,1,0.04,1
743,30,0,30,16,0,0,19,0,30,0,30,30,0,0,0,100,1569,4,2,2,0.04,1
744,30,0,30,16,0,0,19,0,30,0,30,30,0,0,0,100,1572,4,3,3,0.04,1
745,30,0,30,16,0,0,19,0,30,0,30,30,0,0,0,100,1576,4,4,4,0.04,1
746,30,0,30,16,0,0,19,0,30,0,30,30,0,0,0,100,1578,4,2,2,0.04,1
747,30,0,30,16,0,0,19,0,30,0,30,30,0,0,0,100,1579,4,1,1,0.04,1
748,29,0,29,15,0,0,19,0,30,0,30,29,0,1,0,100,1580,4,2,1,0.04,1
749,29,0,29,16,0,0,19,0,30,0,30,29,0,0,0,100,1584,4,4,4,0.04,1
750,30,0,30,16,0,0,19,0,30,0,30,30,0,0,0,100,1587,4,2,3,0.04,1
751,30,2,28,16,2,2,19,0,30,0,30,30,2,0,0,102,1589,4,2,2,0.04,1
752,30,2,28,16,2,2,19,0,30,0,30,30,2,0,0,102,1591,4,2,2,0.04,1
753,30,2,28,16,2,2,19,0,30,0,30,30,2,0,0,102,1592,4,1,1,0.04,1
754,30,2,28,16,2,2,19,0,30,0,30,30,2,0,0,102,1595,4,3,3,0.04,1
755,29,2,27,16,2,2,19,0,30,0,30,29,2,0,0,102,1595,4,1,0,0.04,1
756,30,2,28,16,2,2,19,0,30,0,30,30,2,0,0,102,1597,4,1,2,0.04,1
757,30,2,28,16,2,2,19,0,30,0,30,30,2,0,0,102,1599,4,2,2,0.04,1
758,30,2,28,16,2,2,19,0,30,0,30,30,2,0,0,102,1602,4,3,3,0.04,1
759,30,2,28,16,2,2,19,0,30,0,30,30,2,0,0,102,1606,4,4,4,0.04,1
760,29,2,27,15,2,2,19,0,30,0,30,29,2,1,0,102,1607,4,2,1,0.04,1
761,29,2,27,15,2,2,19,0,30,0,30,29,2,1,0,102,1608,4,1,1,0.04,1
762,30,2,28,16,2,2,19,0,30,0,30,30,2,0,0,102,1610,4,1,2,0.04,1
763,30,2,28,16,2,2,19,0,30,0,30,30,2,0,0,102,1614,4,4,4,0.04,1
764,30,2,28,16,2,2,19,0,30,0,30,30,2,0,0,102,1617,4,3,3,0.04,1
765,30,0,30,16,0,0,19,0,30,0,30,30,0,0,0,102,1619,4,2,2,0.04,1
766,29,0,29,16,0,0,19,0,30,0,30,29,0,0,0,102,1620,4,2,1,0.04,1
767,30,0,30,16,0,0,19,0,30,0,30,30,0,0,0,102,1622,4,1,2,0.04,1
768,29,0,29,16,0,0,19,0,30,0,30,29,0,0,0,102,1624,4,3,2,0.04,1
769,30,0,30,16,0,0,19,0,30,0,30,30,0,0,0,102,1625,4,0,1,0.04,1
770,30,0,30,16,0,0,19,0,30,0,30,30,0,0,0,102,1627,4,2,2,0.04,1
771,29,0,29,15,0,0,19,0,30,0,30,29,0,1,0,102,1628,4,2,1,0.04,1
772,29,0,29,15,0,0,19,0,30,0,30,29,0,1,0,102,1631,4,3,3,0.04,1
773,30,0,30,16,0,0,19,0,30,0,30,30,0,0,0,102,1636,4,4,5,0.04,1
774,30,0,30,16,0,0,19,0,30,0,30,30,0,0,0,102,1637,4,1,1,0.04,1
775,30,0,30,16,0,0,19,0,30,0,30,30,0,0,0,102,1638,4,1,1,0.04,1
776,30,0,30,16,0,0,19,0,30,0,30,30,0,0,0,102,1640,4,2,2,0.04,1
777,30,0,30,16,0,0,19,0,30,0,30,30,0,0,0,102,1644,4,4,4,0.04,1
778,30,0,30,16,0,0,19,0,30,0,30,30,0,0,0,102,1647,4,3,3,0.04,1
779,29,0,29,16,0,0,19,0,30,0,30,29,0,0,0,102,1648,4,2,1,0.04,1
780,30,0,30,16,0,0,19,0,30,0,30,30,0,0,0,102,1650,4,1,2,0.04,1
781,29,1,28,16,1,1,19,0,30,0,30,29,1,0,0,103,1651,4,2,1,0.04,1
782,29,1,28,16,1,1,19,0,30,0,30,29,1,0,0,103,1653,4,2,2,0.04,1
783,30,1,29,16,1,1,19,0,30,0,30,30,1,0,0,103,1655,4,1,2,0.04,1
784,30,1,29,16,1,1,19,0,30,0,30,30,1,0,0,103,1657,4,2,2,0.04,1
785,29,1,28,16,1,1,19,0,30,0,30,29,1,0,0,103,1657,4,1,0,0.04,1
786,29,1,28,15,1,1,19,0,30,0,30,29,1,1,0,103,1660,4,3,3,0.04,1
787,29,1,28,16,1,1,19,0,30,0,30,29,1,0,0,103,1665,4,5,5,0.04,1
788,30,1,29,16,1,1,19,0,30,0,30,30,1,0,0,103,1667,4,1,2,0.04,1
789,30,1,29,16,1,1,19,0,30,0,30,30,1,0,0,103,1668,4,1,1,0.04,1
790,29,1,28,15,1,1,19,0,30,0,30,29,1,1,0,103,1669,4,2,1,0.04,1
791,28,1,27,15,1,1,19,0,30,0,30,28,1,1,0,103,1672,4,4,3,0.04,1
792,30,1,29,16,1,1,19,0,30,0,30,30,1,0,0,103,1677,4,3,5,0.04,1
793,30,1,29,16,1,1,19,0,30,0,30,30,1,0,0,103,1678,4,1,1,0.04,1
794,30,1,29,16,1,1,19,0,30,0,30,30,1,0,0,103,1680,4,2,2,0.04,1
795,29,0,29,16,0,0,19,0,30,0,30,29,0,0,0,103,1680,4,1,0,0.04,1
796,30,0,30,16,0,0,19,0,30,0,30,30,0,0,0,103,1683,4,2,3,0.04,1
797,30,0,30,16,0,0,19,0,30,0,30,30,0,0,0,103,1685,4,2,2,0.04,1
798,30,0,30,16,0,0,19,0,30,0,30,30,0,0,0,103,1687,4,2,2,0.04,1
799,30,0,30,16,0,0,19,0,30,0,30,30,0,0,0,103,1687,4,0,0,0.04,1
800,29,0,29,15,0,0,19,0,30,0,30,29,0,1,0,103,1689,4,3,2,0.04,1
801,29,0,29,16,0,0,19,0,30,0,30,29,0,0,0,103,1694,4,5,5,0.04,1
802,30,0,30,16,0,0,19,0,30,0,30,30,0,0,0,103,1697,4,2,3,0.04,1
803,30,0,30,16,0,0,19,0,30,0,30,30,0,0,0,103,1698,4,1,1,0.04,1
804,30,0,30,16,0,0,19,0,30,0,30,30,0,0,0,103,1699,4,1,1,0.04,1
805,30,0,30,16,0,0,19,0,30,0,30,30,0,0,0,103,1702,4,3,3,0.04,1
806,30,0,30,16,0,0,19,0,30,0,30,30,0,0,0,103,1707,4,5,5,0.04,1
807,29,0,29,15,0,0,19,0,30,0,30,29,0,1,0,103,1707,4,1,0,0.04,1
808,30,0,30,16,0,0,19,0,30,0,30,30,0,0,0,103,1710,4,2,3,0.04,1
809,30,0,30,16,0,0,19,0,30,0,30,30,0,0,0,103,1710,4,0,0,0.04,1
810,30,0,30,16,0,0,19,0,30,0,30,30,0,0,0,103,1713,4,3,3,0.04,1
811,30,0,30,16,0,0,19,0,30,0,30,30,0,0,0,103,1715,4,2,2,0.04,1
812,30,0,30,16,0,0,19,0,30,0,30,30,0,0,0,103,1717,4,2,2,0.04,1
813,30,0,30,16,0,0,19,0,30,0,30,30,0,0,0,103,1717,4,0,0,0.04,1
814,30,0,30,16,0,0,19,0,30,0,30,30,0,0,0,103,1719,4,2,2,0.04,1
815,30,0,30,16,0,0,19,0,30,0,30,30,0,0,0,103,1724,4,5,5,0.04,1
816,30,0,30,16,0,0,19,0,30,0,30,30,0,0,0,103,1727,4,3,3,0.04,1
817,29,0,29,15,0,0,19,0,30,0,30,29,0,1,0,103,1727,4,1,0,0.04,1
818,30,0,30,16,0,0,19,0,30,0,30,30,0,0,0,103,1729,4,1,2,0.04,1
819,30,0,30,16,0,0,19,0,30,0,30,30,0,0,0,103,1732,4,3,3,0.04,1
820,29,0,29,15,0,0,19,0,30,0,30,29,0,1,0,103,1736,4,5,4,0.04,1
821,30,0,30,16,0,0,19,0,30,0,30,30,0,0,0,103,1737,4,0,1,0.04,1
822,30,0,30,16,0,0,19,0,30,0,30,30,0,0,0,103,1740,4,3,3,0.04,1
823,30,0,30,16,0,0,19,0,30,0,30,30,0,0,0,103,1740,4,0,0,0.04,1
824,29,0,29,15,0,0,19,0,30,0,30,29,0,1,0,103,1742,4,3,2,0.04,1
825,29,0,29,16,0,0,19,0,30,0,30,29,0,0,0,103,1744,4,2,2,0.04,1
826,29,0,29,16,0,0,19,0,30,0,30,29,0,0,0,103,1746,4,2,2,0.04,1
827,30,0,30,16,0,0,19,0,30,0,30,30,0,0,0,103,1747,4,0,1,0.04,1
828,30,0,30,16,0,0,19,0,30,0,30,30,0,0,0,103,1749,4,2,2,0.04,1
829,29,0,29,15,0,0,19,0,30,0,30,29,0,1,0,103,1753,4,5,4,0.04,1
830,30,0,30,16,0,0,19,0,30,0,30,30,0,0,0,103,1757,4,3,4,0.04,1
831,30,0,30,16,0,0,19,0,30,0,30,30,0,0,0,103,1757,4,0,0,0.04,1
832,30,0,30,16,0,0,19,0,30,0,30,30,0,0,0,103,1759,4,2,2,0.04,1
833,29,0,29,15,0,0,19,0,30,0,30,29,0,1,0,103,1760,4,2,1,0.04,1
834,29,0,29,16,0,0,19,0,30,0,30,29,0,0,0,103,1765,4,5,5,0.04,1
835,30,0,30,16,0,0,19,0,30,0,30,30,0,0,0,103,1767,4,1,2,0.04,1
836,30,0,30,16,0,0,19,0,30,0,30,30,0,0,0,103,1770,4,3,3,0.04,1
837,30,0,30,16,0,0,19,0,30,0,30,30,0,0,0,103,1770,4,0,0,0.04,1
838,29,0,29,16,0,0,19,0,30,0,30,29,0,0,0,103,1771,4,2,1,0.04,1
839,30,0,30,16,0,0,19,0,30,0,30,30,0,0,0,103,1774,4,2,3,0.04,1
840,30,0,30,16,0,0,19,0,30,0,30,30,0,0,0,103,1776,4,2,2,0.04,1
841,30,1,29,16,1,1,19,0,30,0,30,30,1,0,0,104,1777,4,1,1,0.04,1
842,30,3,27,16,3,3,19,0,30,0,30,30,3,0,0,106,1779,4,2,2,0.04,1
843,29,5,24,15,5,5,19,0,30,0,30,29,5,1,0,108,1782,4,4,3,0.04,1
844,29,5,24,15,5,5,19,0,30,0,30,29,5,1,0,108,1786,4,4,4,0.04,1
845,30,5,25,16,5,5,19,0,30,0,30,30,5,0,0,108,1787,4,0,1,0.04,1
846,29,5,24,15,5,5,19,0,30,0,30,29,5,1,0,108,1788,4,2,1,0.04,1
847,30,5,25,16,5,5,19,0,30,0,30,30,5,0,0,108,1790,4,1,2,0.04,1
848,30,5,25,16,5,5,19,0,30,0,30,30,5,0,0,108,1795,4,5,5,0.04,1
849,30,5,25,16,5,5,19,0,30,0,30,30,5,0,0,108,1797,4,2,2,0.04,1
850,29,5,24,15,5,5,19,0,30,0,30,29,5,1,0,108,1799,4,3,2,0.04,1
851,30,5,25,16,5,5,19,0,30,0,30,30,5,0,0,108,1800,4,0,1,0.04,1
852,30,5,25,16,5,5,19,0,30,0,30,30,5,0,0,108,1801,4,1,1,0.04,1
853,30,5,25,16,5,5,19,0,30,0,30,30,5,0,0,108,1804,4,3,3,0.04,1
854,30,5,25,16,5,5,19,0,30,0,30,30,5,0,0,108,1806,4,2,2,0.04,1
855,30,4,26,16,4,4,19,0,30,0,30,30,4,0,0,108,1807,4,1,1,0.04,1
856,29,2,27,15,2,2,19,0,30,0,30,29,2,1,0,108,1808,4,2,1,0.04,1
857,30,0,30,16,0,0,19,0,30,0,30,30,0,0,0,108,1812,4,3,4,0.04,1
858,30,0,30,16,0,0,19,0,30,0,30,30,0,0,0,108,1816,4,4,4,0.04,1
859,30,0,30,16,0,0,19,0,30,0,30,30,0,0,0,108,1817,4,1,1,0.04,1
860,30,0,30,16,0,0,19,0,30,0,30,30,0,0,0,108,1818,4,1,1,0.04,1
861,30,0,30,16,0,0,19,0,30,0,30,30,0,0,0,108,1820,4,2,2,0.04,1
862,28,0,28,16,0,0,19,0,30,0,30,28,0,0,0,108,1823,4,5,3,0.04,1
863,30,0,30,16,0,0,19,0,30,0,30,30,0,0,0,108,1827,4,2,4,0.04,1
864,30,0,30,16,0,0,19,0,30,0,30,30,0,0,0,108,1829,4,2,2,0.04,1
865,30,0,30,16,0,0,19,0,30,0,30,30,0,0,0,108,1830,4,1,1,0.04,1
866,30,0,30,16,0,0,19,0,30,0,30,30,0,0,0,108,1831,4,1,1,0.04,1
867,30,0,30,16,0,0,19,0,30,0,30,30,0,0,0,108,1834,4,3,3,0.04,1
868,30,0,30,16,0,0,19,0,30,0,30,30,0,0,0,108,1836,4,2,2,0.04,1
869,30,0,30,16,0,0,19,0,30,0,30,30,0,0,0,108,1837,4,1,1,0.04,1
870,30,0,30,16,0,0,19,0,30,0,30,30,0,0,0,108,1838,4,1,1,0.04,1
871,29,3,26,15,3,3,19,0,30,0,30,29,3,1,0,111,1841,4,4,3,0.04,1
872,30,3,27,16,3,3,19,0,30,0,30,30,3,0,0,111,1846,4,4,5,0.04,1
873,29,3,26,15,3,3,19,0,30,0,30,29,3,1,0,111,1846,4,1,0,0.04,1
874,30,3,27,16,3,3,19,0,30,0,30,30,3,0,0,111,1848,4,1,2,0.04,1
875,30,3,27,16,3,3,19,0,30,0,30,30,3,0,0,111,1850,4,2,2,0.04,1
876,30,3,27,16,3,3,19,0,30,0,30,30,3,0,0,111,1853,4,3,3,0.04,1
877,30,3,27,16,3,3,19,0,30,0,30,30,3,0,0,111,1857,4,4,4,0.04,1
878,30,3,27,16,3,3,19,0,30,0,30,30,3,0,0,111,1859,4,2,2,0.04,1
879,30,3,27,16,3,3,19,0,30,0,30,30,3,0,0,111,1860,4,1,1,0.04,1
880,29,3,26,16,3,3,19,0,30,0,30,29,3,0,0,111,1860,4,1,0,0.04,1
881,29,3,26,15,3,3,19,0,30,0,30,29,3,1,0,111,1863,4,3,3,0.04,1
882,30,3,27,16,3,3,19,0,30,0,30,30,3,0,0,111,1866,4,2,3,0.04,1
883,30,3,27,16,3,3,19,0,30,0,30,30,3,0,0,111,1867,4,1,1,0.04,1
884,30,3,27,16,3,3,19,0,30,0,30,30,3,0,0,111,1868,4,1,1,0.04,1
885,30,0,30,16,0,0,19,0,30,0,30,30,0,0,0,111,1871,4,3,3,0.04,1
886,30,0,30,16,0,0,19,0,30,0,30,30,0,0,0,111,1876,4,5,5,0.04,1
887,30,0,30,16,0,0,19,0,30,0,30,30,0,0,0,111,1876,4,0,0,0.04,1
888,30,0,30,16,0,0,19,0,30,0,30,30,0,0,0,111,1878,4,2,2,0.04,1
889,30,0,30,16,0,0,19,0,30,0,30,30,0,0,0,111,1880,4,2,2,0.04,1
890,29,0,29,15,0,0,19,0,30,0,30,29,0,1,0,111,1882,4,3,2,0.04,1
891,30,0,30,16,0,0,19,0,30,0,30,30,0,0,0,111,1887,4,4,5,0.04,1
892,30,0,30,16,0,0,19,0,30,0,30,30,0,0,0,111,1889,4,2,2,0.04,1
893,30,0,30,16,0,0,19,0,30,0,30,30,0,0,0,111,1890,4,1,1,0.04,1
894,30,0,30,16,0,0,19,0,30,0,30,30,0,0,0,111,1890,4,0,0,0.04,1
895,30,0,30,16,0,0,19,0,30,0,30,30,0,0,0,111,1893,4,3,3,0.04,1
896,30,0,30,16,0,0,19,0,30,0,30,30,0,0,0,111,1896,4,3,3,0.04,1
897,30,0,30,16,0,0,19,0,30,0,30,30,0,0,0,111,1897,4,1,1,0.04,1
898,30,0,30,16,0,0,19,0,30,0,30,30,0,0,0,111,1898,4,1,1,0.04,1
899,29,0,29,15,0,0,19,0,30,0,30,29,0,1,0,111,1900,4,3,2,0.04,1
900,29,0,29,16,0,0,19,0,30,0,30,29,0,0,0,111,1905,4,5,5,0.04,1
901,30,1,29,16,1,1,19,0,30,0,30,30,1,0,0,112,1906,4,0,1,0.04,1
902,29,1,28,15,1,1,19,0,30,0,30,29,1,1,0,112,1907,4,2,1,0.04,1
903,30,1,29,16,1,1,19,0,30,0,30,30,1,0,0,112,1910,4,2,3,0.04,1
904,29,1,28,16,1,1,19,0,30,0,30,29,1,0,0,112,1911,4,2,1,0.04,1
905,29,1,28,15,1,1,19,0,30,0,30,29,1,1,0,112,1916,4,5,5,0.04,1
906,29,1,28,15,1,1,19,0,30,0,30,29,1,1,0,112,1918,4,2,2,0.04,1
907,30,1,29,16,1,1,19,0,30,0,30,30,1,0,0,112,1920,4,1,2,0.04,1
908,30,1,29,16,1,1,19,0,30,0,30,30,1,0,0,112,1920,4,0,0,0.04,1
909,29,1,28,16,1,1,19,0,30,0,30,29,1,0,0,112,1922,4,3,2,0.04,1
910,29,1,28,16,1,1,19,0,30,0,30,29,1,0,0,112,1925,4,3,3,0.04,1
911,30,1,29,16,1,1,19,0,30,0,30,30,1,0,0,112,1927,4,1,2,0.04,1
912,30,1,29,16,1,1,19,0,30,0,30,30,1,0,0,112,1928,4,1,1,0.04,1
913,29,1,28,16,1,1,19,0,30,0,30,29,1,0,0,112,1929,4,2,1,0.04,1
914,29,1,28,16,1,1,19,0,30,0,30,29,1,0,0,112,1934,4,5,5,0.04,1
915,30,0,30,16,0,0,19,0,30,0,30,30,0,0,0,112,1936,4,1,2,0.04,1
916,30,0,30,16,0,0,19,0,30,0,30,30,0,0,0,112,1937,4,1,1,0.04,1
917,30,0,30,16,0,0,19,0,30,0,30,30,0,0,0,112,1940,4,3,3,0.04,1
918,30,0,30,16,0,0,19,0,30,0,30,30,0,0,0,112,1941,4,1,1,0.04,1
919,30,0,30,16,0,0,19,0,30,0,30,30,0,0,0,112,1946,4,5,5,0.04,1
920,30,0,30,16,0,0,19,0,30,0,30,30,0,0,0,112,1948,4,2,2,0.04,1
921,30,0,30,16,0,0,19,0,30,0,30,30,0,0,0,112,1950,4,2,2,0.04,1
922,30,0,30,16,0,0,19,0,30,0,30,30,0,0,0,112,1950,4,0,0,0.04,1
923,30,0,30,16,0,0,19,0,30,0,30,30,0,0,0,112,1952,4,2,2,0.04,1
924,30,0,30,16,0,0,19,0,30,0,30,30,0,0,0,112,1955,4,3,3,0.04,1
925,30,0,30,16,0,0,19,0,30,0,30,30,0,0,0,112,1957,4,2,2,0.04,1
926,29,0,29,16,0,0,19,0,30,0,30,29,0,0,0,112,1957,4,1,0,0.04,1
927,30,0,30,16,0,0,19,0,30,0,30,30,0,0,0,112,1959,4,1,2,0.04,1
928,30,0,30,16,0,0,19,0,30,0,30,30,0,0,0,112,1964,4,5,5,0.04,1
929,30,0,30,16,0,0,19,0,30,0,30,30,0,0,0,112,1966,4,2,2,0.04,1
930,30,0,30,16,0,0,19,0,30,0,30,30,0,0,0,112,1967,4,1,1,0.04,1
931,30,3,27,16,3,3,19,0,30,0,30,30,3,0,0,115,1970,4,3,3,0.04,1
932,29,3,26,15,3,3,19,0,30,0,30,29,3,1,0,115,1970,4,1,0,0.04,1
933,29,3,26,16,3,3,19,0,30,0,30,29,3,0,0,115,1975,4,5,5,0.04,1
934,30,3,27,16,3,3,19,0,30,0,30,30,3,0,0,115,1978,4,2,3,0.04,1
935,30,3,27,16,3,3,19,0,30,0,30,30,3,0,0,115,1980,4,2,2,0.04,1
936,30,3,27,16,3,3,19,0,30,0,30,30,3,0,0,115,1980,4,0,0,0.04,1
937,30,3,27,16,3,3,19,0,30,0,30,30,3,0,0,115,1982,4,2,2,0.04,1
938,30,3,27,16,3,3,19,0,30,0,30,30,3,0,0,115,1985,4,3,3,0.04,1
939,29,3,26,16,3,3,19,0,30,0,30,29,3,0,0,115,1986,4,2,1,0.04,1
940,30,3,27,16,3,3,19,0,30,0,30,30,3,0,0,115,1987,4,0,1,0.04,1
941,30,3,27,16,3,3,19,0,30,0,30,30,3,0,0,115,1989,4,2,2,0.04,1
942,29,3,26,15,3,3,19,0,30,0,30,29,3,1,0,115,1993,4,5,4,0.04,1
943,30,3,27,16,3,3,19,0,30,0,30,30,3,0,0,115,1996,4,2,3,0.04,1
944,30,3,27,16,3,3,19,0,30,0,30,30,3,0,0,115,1997,4,1,1,0.04,1
945,29,0,29,15,0,0,19,0,30,0,30,29,0,1,0,115,1999,4,3,2,0.04,1
946,30,0,30,16,0,0,19,0,30,0,30,30,0,0,0,115,2000,4,0,1,0.04,1
947,29,0,29,16,0,0,19,0,30,0,30,29,0,0,0,115,2004,4,5,4,0.04,1
948,29,0,29,16,0,0,19,0,30,0,30,29,0,0,0,115,2007,4,3,3,0.04,1
949,29,0,29,15,0,0,19,0,30,0,30,29,0,1,0,115,2009,4,2,2,0.04,1
950,30,0,30,16,0,0,19,0,30,0,30,30,0,0,0,115,2010,4,0,1,0.04,1
951,29,0,29,16,0,0,19,0,30,0,30,29,0,0,0,115,2011,4,2,1,0.04,1
952,30,0,30,16,0,0,19,0,30,0,30,30,0,0,0,115,2015,4,3,4,0.04,1
953,30,0,30,16,0,0,19,0,30,0,30,30,0,0,0,115,2016,4,1,1,0.04,1
954,30,0,30,16,0,0,19,0,30,0,30,30,0,0,0,115,2017,4,1,1,0.04,1
955,30,0,30,16,0,0,19,0,30,0,30,30,0,0,0,115,2019,4,2,2,0.04,1
956,29,0,29,15,0,0,19,0,30,0,30,29,0,1,0,115,2022,4,4,3,0.04,1
957,30,0,30,16,0,0,19,0,30,0,30,30,0,0,0,115,2026,4,3,4,0.04,1
958,30,0,30,16,0,0,19,0,30,0,30,30,0,0,0,115,2027,4,1,1,0.04,1
959,30,0,30,16,0,0,19,0,30,0,30,30,0,0,0,115,2029,4,2,2,0.04,1
960,30,0,30,16,0,0,19,0,30,0,30,30,0,0,0,115,2030,4,1,1,0.04,1
961,30,4,26,16,4,4,19,0,30,0,30,30,4,0,0,119,2034,4,4,4,0.04,1
962,30,4,26,16,4,4,19,0,30,0,30,30,4,0,0,119,2037,4,3,3,0.04,1
963,30,4,26,16,4,4,19,0,30,0,30,30,4,0,0,119,2039,4,2,2,0.04,1
964,30,4,26,16,4,4,19,0,30,0,30,30,4,0,0,119,2040,4,1,1,0.04,1
965,30,4,26,16,4,4,19,0,30,0,30,30,4,0,0,119,2041,4,1,1,0.04,1
966,29,4,25,15,4,4,19,0,30,0,30,29,4,1,0,119,2044,4,4,3,0.04,1
967,30,4,26,16,4,4,19,0,30,0,30,30,4,0,0,119,2046,4,1,2,0.04,1
968,30,4,26,16,4,4,19,0,30,0,30,30,4,0,0,119,2047,4,1,1,0.04,1
969,30,4,26,16,4,4,19,0,30,0,30,30,4,0,0,119,2049,4,2,2,0.04,1
970,30,4,26,16,4,4,19,0,30,0,30,30,4,0,0,119,2052,4,3,3,0.04,1
971,30,4,26,16,4,4,19,0,30,0,30,30,4,0,0,119,2056,4,4,4,0.04,1
972,30,4,26,16,4,4,19,0,30,0,30,30,4,0,0,119,2057,4,1,1,0.04,1
973,29,4,25,15,4,4,19,0,30,0,30,29,4,1,0,119,2058,4,2,1,0.04,1
974,30,4,26,16,4,4,19,0,30,0,30,30,4,0,0,119,2060,4,1,2,0.04,1
975,28,0,28,16,0,0,19,0,30,0,30,28,0,0,0,119,2062,4,4,2,0.04,1
976,30,0,30,16,0,0,19,0,30,0,30,30,0,0,0,119,2067,4,3,5,0.04,1
977,30,0,30,16,0,0,19,0,30,0,30,30,0,0,0,119,2069,4,2,2,0.04,1
978,30,0,30,16,0,0,19,0,30,0,30,30,0,0,0,119,2070,4,1,1,0.04,1
979,30,0,30,16,0,0,19,0,30,0,30,30,0,0,0,119,2071,4,1,1,0.04,1
980,30,0,30,16,0,0,19,0,30,0,30,30,0,0,0,119,2074,4,3,3,0.04,1
981,30,0,30,16,0,0,19,0,30,0,30,30,0,0,0,119,2076,4,2,2,0.04,1
982,30,0,30,16,0,0,19,0,30,0,30,30,0,0,0,119,2077,4,1,1,0.04,1
983,29,0,29,15,0,0,19,0,30,0,30,29,0,1,0,119,2078,4,2,1,0.04,1
984,29,0,29,15,0,0,19,0,30,0,30,29,0,1,0,119,2081,4,3,3,0.04,1
985,30,0,30,16,0,0,19,0,30,0,30,30,0,0,0,119,2086,4,4,5,0.04,1
986,30,0,30,16,0,0,19,0,30,0,30,30,0,0,0,119,2087,4,1,1,0.04,1
987,30,0,30,16,0,0,19,0,30,0,30,30,0,0,0,119,2088,4,1,1,0.04,1
988,30,0,30,16,0,0,19,0,30,0,30,30,0,0,0,119,2090,4,2,2,0.04,1
989,30,0,30,16,0,0,19,0,30,0,30,30,0,0,0,119,2092,4,2,2,0.04,1
990,30,0,30,16,0,0,19,0,30,0,30,30,0,0,0,119,2097,4,5,5,0.04,1
991,30,2,28,16,2,2,19,0,30,0,30,30,2,0,0,121,2099,4,2,2,0.04,1
992,30,3,27,16,3,3,19,0,30,0,30,30,3,0,0,122,2100,4,1,1,0.04,1
993,30,4,26,16,4,4,19,0,30,0,30,30,4,0,0,123,2101,4,1,1,0.04,1
994,30,7,23,16,7,7,19,0,30,0,30,30,7,0,0,126,2104,4,3,3,0.04,1
995,29,7,22,16,7,7,19,0,30,0,30,29,7,0,0,126,2105,4,2,1,0.04,1
996,30,7,23,16,7,7,19,0,30,0,30,30,7,0,0,126,2107,4,1,2,0.04,1
997,29,7,22,16,7,7,19,0,30,0,30,29,7,0,0,126,2107,4,1,0,0.04,1
998,30,7,23,16,7,7,19,0,30,0,30,30,7,0,0,126,2111,4,3,4,0.04,1
999,29,7,22,16,7,7,19,0,30,0,30,29,7,0,0,126,2115,4,5,4,0.04,1
1000,29,7,22,15,7,7,19,0,30,0,30,29,7,1,0,126,2116,4,1,1,0.04,1
1001,30,7,23,16,7,7,19,0,30,0,30,30,7,0,0,126,2118,4,1,2,0.04,1
1002,30,7,23,16,7,7,19,0,30,0,30,30,7,0,0,126,2120,4,2,2,0.04,1
1003,29,7,22,15,7,7,19,0,30,0,30,29,7,1,0,126,2121,4,2,1,0.04,1
1004,30,7,23,16,7,7,19,0,30,0,30,30,7,0,0,126,2127,4,5,6,0.04,1
1005,30,5,25,16,5,5,19,0,30,0,30,30,5,0,0,126,2129,4,2,2,0.04,1
1006,29,4,25,15,4,4,19,0,30,0,30,29,4,1,0,126,2129,4,1,0,0.04,1
1007,29,3,26,16,3,3,19,0,30,0,30,29,3,0,0,126,2130,4,1,1,0.04,1
1008,30,0,30,16,0,0,19,0,30,0,30,30,0,0,0,126,2134,4,3,4,0.04,1
1009,30,0,30,16,0,0,19,0,30,0,30,30,0,0,0,126,2135,4,1,1,0.04,1
1010,30,0,30,16,0,0,19,0,30,0,30,30,0,0,0,126,2137,4,2,2,0.04,1
1011,30,0,30,16,0,0,19,0,30,0,30,30,0,0,0,126,2137,4,0,0,0.04,1
1012,29,0,29,15,0,0,19,0,30,0,30,29,0,1,0,126,2140,4,4,3,0.04,1
1013,30,0,30,16,0,0,19,0,30,0,30,30,0,0,0,126,2145,4,4,5,0.04,1
1014,30,0,30,16,0,0,19,0,30,0,30,30,0,0,0,126,2146,4,1,1,0.04,1
1015,30,0,30,16,0,0,19,0,30,0,30,30,0,0,0,126,2148,4,2,2,0.04,1
1016,30,0,30,16,0,0,19,0,30,0,30,30,0,0,0,126,2150,4,2,2,0.04,1
1017,30,0,30,16,0,0,19,0,30,0,30,30,0,0,0,126,2151,4,1,1,0.04,1
1018,30,0,30,16,0,0,19,0,30,0,30,30,0,0,0,126,2157,4,6,6,0.04,1
1019,29,0,29,15,0,0,19,0,30,0,30,29,0,1,0,126,2158,4,2,1,0.04,1
1020,30,0,30,16,0,0,19,0,30,0,30,30,0,0,0,126,2159,4,0,1,0.04,1
1021,30,1,29,16,1,1,19,0,30,0,30,30,1,0,0,127,2160,4,1,1,0.04,1
1022,29,4,25,16,4,4,19,0,30,0,30,29,4,0,0,130,2163,4,4,3,0.04,1
1023,30,6,24,16,6,6,19,0,30,0,30,30,6,0,0,132,2165,4,1,2,0.04,1
1024,30,7,23,16,7,7,19,0,30,0,30,30,7,0,0,133,2167,4,2,2,0.04,1
1025,30,7,23,16,7,7,19,0,30,0,30,30,7,0,0,133,2167,4,0,0,0.04,1
1026,30,7,23,16,7,7,19,0,30,0,30,30,7,0,0,133,2170,4,3,3,0.04,1
1027,29,7,22,16,7,7,19,0,30,0,30,29,7,0,0,133,2174,4,5,4,0.04,1
1028,30,7,23,16,7,7,19,0,30,0,30,30,7,0,0,133,2176,4,1,2,0.04,1
1029,30,7,23,16,7,7,19,0,30,0,30,30,7,0,0,133,2178,4,2,2,0.04,1
1030,29,7,22,15,7,7,19,0,30,0,30,29,7,1,0,133,2179,4,2,1,0.04,1
1031,30,7,23,16,7,7,19,0,30,0,30,30,7,0,0,133,2181,4,1,2,0.04,1
1032,30,7,23,16,7,7,19,0,30,0,30,30,7,0,0,133,2187,4,6,6,0.04,1
1033,30,7,23,16,7,7,19,0,30,0,30,30,7,0,0,133,2188,4,1,1,0.04,1
1034,30,7,23,16,7,7,19,0,30,0,30,30,7,0,0,133,2189,4,1,1,0.04,1
1035,30,6,24,16,6,6,19,0,30,0,30,30,6,0,0,133,2190,4,1,1,0.04,1
1036,30,3,27,16,3,3,19,0,30,0,30,30,3,0,0,133,2193,4,3,3,0.04,1
1037,30,1,29,16,1,1,19,0,30,0,30,30,1,0,0,133,2195,4,2,2,0.04,1
1038,29,0,29,16,0,0,19,0,30,0,30,29,0,0,0,133,2196,4,2,1,0.04,1
1039,30,0,30,16,0,0,19,0,30,0,30,30,0,0,0,133,2197,4,0,1,0.04,1
1040,30,0,30,16,0,0,19,0,30,0,30,30,0,0,0,133,2200,4,3,3,0.04,1
1041,29,0,29,15,0,0,19,0,30,0,30,29,0,1,0,133,2203,4,4,3,0.04,1
1042,30,0,30,16,0,0,19,0,30,0,30,30,0,0,0,133,2206,4,2,3,0.04,1
1043,29,0,29,15,0,0,19,0,30,0,30,29,0,1,0,133,2207,4,2,1,0.04,1
1044,30,0,30,16,0,0,19,0,30,0,30,30,0,0,0,133,2209,4,1,2,0.04,1
1045,29,0,29,15,0,0,19,0,30,0,30,29,0,1,0,133,2210,4,2,1,0.04,1
1046,29,0,29,16,0,0,19,0,30,0,30,29,0,0,0,133,2216,4,6,6,0.04,1
1047,30,0,30,16,0,0,19,0,30,0,30,30,0,0,0,133,2218,4,1,2,0.04,1
1048,30,0,30,16,0,0,19,0,30,0,30,30,0,0,0,133,2219,4,1,1,0.04,1
1049,30,0,30,16,0,0,19,0,30,0,30,30,0,0,0,133,2220,4,1,1,0.04,1
1050,30,0,30,16,0,0,19,0,30,0,30,30,0,0,0,133,2223,4,3,3,0.04,1
1051,30,2,28,16,1,2,19,0,30,0,30,30,1,0,0,135,2225,4,2,2,0.04,1
1052,29,2,27,16,2,2,19,0,30,0,30,29,2,0,0,135,2225,4,1,0,0.04,1
1053,30,3,27,16,3,3,19,0,30,0,30,30,3,0,0,136,2227,4,1,2,0.04,1
1054,29,3,26,16,3,3,19,0,30,0,30,29,3,0,0,136,2229,4,3,2,0.04,1
1055,30,3,27,16,3,3,19,0,30,0,30,30,3,0,0,136,2233,4,3,4,0.04,1
1056,30,3,27,16,3,3,19,0,30,0,30,30,3,0,0,136,2236,4,3,3,0.04,1
1057,30,3,27,16,3,3,19,0,30,0,30,30,3,0,0,136,2237,4,1,1,0.04,1
1058,30,3,27,16,3,3,19,0,30,0,30,30,3,0,0,136,2239,4,2,2,0.04,1
1059,30,3,27,16,3,3,19,0,30,0,30,30,3,0,0,136,2240,4,1,1,0.04,1
1060,28,3,25,15,3,3,19,0,30,0,30,28,3,1,0,136,2244,4,6,4,0.04,1
1061,30,3,27,16,3,3,19,0,30,0,30,30,3,0,0,136,2248,4,2,4,0.04,1
1062,30,3,27,16,3,3,19,0,30,0,30,30,3,0,0,136,2249,4,1,1,0.04,1
1063,30,3,27,16,3,3,19,0,30,0,30,30,3,0,0,136,2250,4,1,1,0.04,1
1064,29,3,26,15,3,3,19,0,30,0,30,29,3,1,0,136,2252,4,3,2,0.04,1
1065,29,1,28,15,1,1,19,0,30,0,30,29,1,1,0,136,2254,4,2,2,0.04,1
1066,30,1,29,16,1,1,19,0,30,0,30,30,1,0,0,136,2255,4,0,1,0.04,1
1067,30,0,30,16,0,0,19,0,30,0,30,30,0,0,0,136,2257,4,2,2,0.04,1
1068,30,0,30,16,0,0,19,0,30,0,30,30,0,0,0,136,2259,4,2,2,0.04,1
1069,30,0,30,16,0,0,19,0,30,0,30,30,0,0,0,136,2263,4,4,4,0.04,1
1070,29,0,29,16,0,0,19,0,30,0,30,29,0,0,0,136,2265,4,3,2,0.04,1
1071,30,0,30,16,0,0,19,0,30,0,30,30,0,0,0,136,2267,4,1,2,0.04,1
1072,29,0,29,15,0,0,19,0,30,0,30,29,0,1,0,136,2268,4,2,1,0.04,1
1073,30,0,30,16,0,0,19,0,30,0,30,30,0,0,0,136,2270,4,1,2,0.04,1
1074,30,0,30,16,0,0,19,0,30,0,30,30,0,0,0,136,2274,4,4,4,0.04,1
1075,30,0,30,16,0,0,19,0,30,0,30,30,0,0,0,136,2278,4,4,4,0.04,1
1076,30,0,30,16,0,0,19,0,30,0,30,30,0,0,0,136,2279,4,1,1,0.04,1
1077,30,0,30,16,0,0,19,0,30,0,30,30,0,0,0,136,2280,4,1,1,0.04,1
1078,30,0,30,16,0,0,19,0,30,0,30,30,0,0,0,136,2282,4,2,2,0.04,1
1079,30,0,30,16,0,0,19,0,30,0,30,30,0,0,0,136,2284,4,2,2,0.04,1
1080,30,0,30,16,0,0,19,0,30,0,30,30,0,0,0,136,2285,4,1,1,0.04,1
