prob_transmission,day,patients,patient_C,patient_S,patient_isolated,patient_positive,patient_preinfection,hcws,hcw_C,goo,goo_C,beds,filled_beds,filled_sick_beds,empty_isolated_beds,daily_hcw_infections,cumulative_sick_patients,cumulative_patients,move2isol,daily_discharges,daily_admissions,iteration
0.04308,0,30.0,0.0,30.0,16.0,0.0,0.0,19.0,0.0,30.0,10.0,30.0,0.0,0.0,0.0,0.0,0.0,30.0,0.0,0.0,0.0,5.5
0.04308,1,30.0,0.4,29.6,16.0,0.4,0.0,19.0,0.0,30.0,10.1,30.0,30.0,0.4,0.0,0.4,0.4,31.6,0.0,1.6,1.6,5.5
0.04308,2,30.0,0.7,29.3,16.0,0.7,0.0,19.0,0.0,30.0,10.1,30.0,30.0,0.7,0.0,0.3,0.7,36.2,0.0,4.6,4.6,5.5
0.04308,3,30.0,0.7,29.3,16.0,0.7,0.0,19.0,0.0,30.0,10.1,30.0,30.0,0.7,0.0,0.0,0.7,39.7,0.0,3.5,3.5,5.5
0.04308,4,30.0,1.3,28.7,16.0,1.3,0.0,19.0,0.1,30.0,10.1,30.0,30.0,1.3,0.0,0.6,1.3,42.2,0.0,2.5,2.5,5.5
0.04308,5,30.0,1.8,28.2,16.0,1.8,0.0,19.0,0.0,30.0,10.1,30.0,30.0,1.8,0.0,0.5,1.8,44.2,0.0,2.0,2.0,5.5
0.04308,6,30.0,2.4,27.6,16.0,2.4,0.0,19.0,0.0,30.0,10.1,30.0,30.0,2.4,0.0,0.6,2.4,46.5,0.0,2.3,2.3,5.5
0.04308,7,30.0,2.5,27.5,16.0,2.5,0.0,19.0,0.0,30.0,10.1,30.0,30.0,2.5,0.0,0.1,2.5,48.3,0.0,1.8,1.8,5.5
0.04308,8,30.0,2.8,27.2,16.0,2.8,0.0,19.0,0.0,30.0,10.1,30.0,30.0,2.8,0.0,0.3,2.8,51.8,0.1,3.5,3.5,5.5
0.04308,9,30.0,2.7,27.3,15.8,2.7,0.0,19.0,0.0,30.0,10.3,30.0,30.0,2.7,0.0,0.1,2.9,56.8,0.4,5.0,5.0,5.5
0.04308,10,30.0,3.0,27.0,15.7,3.0,0.0,19.0,0.1,30.0,10.4,30.0,30.0,3.0,0.0,0.3,3.2,60.7,0.6,3.9,3.9,5.5
0.04308,11,30.0,3.3,26.7,15.7,3.3,0.0,19.0,0.0,30.0,10.4,30.0,30.0,3.3,0.0,0.4,3.6,63.8,0.9,3.1,3.1,5.5
0.04308,12,30.0,3.7,26.3,15.7,3.7,0.0,19.0,0.0,30.0,10.4,30.0,30.0,3.7,0.0,0.5,4.1,65.9,1.2,2.1,2.1,5.5
0.04308,13,30.0,3.9,26.1,15.8,3.9,0.0,19.0,0.0,30.0,10.4,30.0,30.0,3.9,0.0,0.3,4.4,69.0,1.2,3.1,3.1,5.5
0.04308,14,30.0,3.7,26.3,15.9,3.7,0.0,19.0,0.0,30.0,10.4,30.0,30.0,3.7,0.0,0.1,4.5,71.4,1.5,2.4,2.4,5.5
0.04308,15,30.0,3.8,26.2,15.9,3.8,0.0,19.0,0.0,30.0,10.4,30.0,30.0,3.8,0.0,0.4,4.9,75.7,1.7,4.3,4.3,5.5
0.04308,16,30.0,3.6,26.4,15.6,3.6,0.0,19.0,0.1,30.0,10.4,30.0,30.0,3.6,0.0,0.1,5.0,81.5,1.8,5.8,5.8,5.5
0.04308,17,30.0,3.7,26.3,15.9,3.7,0.0,19.0,0.0,30.0,10.4,30.0,30.0,3.7,0.0,0.6,5.6,85.4,1.8,3.9,3.9,5.5
0.04308,18,29.8,3.5,26.3,15.9,3.5,0.0,19.0,0.0,30.0,10.4,30.0,29.8,3.5,0.1,0.0,5.6,88.6,2.1,3.4,3.2,5.5
0.04308,19,30.0,3.4,26.6,16.1,3.4,0.0,19.0,0.0,30.0,10.4,30.0,30.0,3.4,0.0,0.2,5.8,91.4,2.4,2.6,2.8,5.5
0.04308,20,30.0,3.4,26.6,16.0,3.4,0.0,19.0,0.0,30.0,10.4,30.0,30.0,3.4,0.0,0.1,5.9,94.8,2.7,3.4,3.4,5.5
0.04308,21,30.0,3.6,26.4,15.8,3.6,0.0,19.0,0.0,30.0,10.6,30.0,30.0,3.6,0.0,0.3,6.2,97.2,2.9,2.4,2.4,5.5
0.04308,22,29.9,3.7,26.2,15.9,3.7,0.0,19.0,0.0,30.0,10.7,30.0,29.9,3.7,0.0,0.5,6.7,102.0,3.0,4.9,4.8,5.5
0.04308,23,29.9,4.2,25.7,15.7,4.1,0.0,19.0,0.0,30.0,10.7,30.0,29.9,4.1,0.0,0.8,7.5,107.5,3.1,5.5,5.5,5.5
0.04308,24,30.0,3.9,26.1,15.8,3.9,0.0,19.0,0.0,30.0,10.7,30.0,30.0,3.9,0.0,0.3,7.8,111.6,3.5,4.0,4.1,5.5
0.04308,25,29.9,3.6,26.3,16.0,3.6,0.0,19.0,0.0,30.0,10.7,30.0,29.9,3.6,0.1,0.4,8.2,115.5,3.7,4.0,3.9,5.5
0.04308,26,30.0,4.0,26.0,16.1,4.0,0.0,19.0,0.1,30.0,10.7,30.0,30.0,4.0,0.0,0.6,8.8,118.4,3.8,2.8,2.9,5.5
0.04308,27,29.7,4.1,25.6,15.8,4.1,0.0,19.0,0.0,30.0,10.8,30.0,29.7,4.1,0.2,0.3,9.1,121.3,3.9,3.2,2.9,5.5
0.04308,28,29.9,4.0,25.9,16.1,4.0,0.0,19.0,0.1,30.0,10.9,30.0,29.9,4.0,0.1,0.1,9.2,124.0,4.2,2.5,2.7,5.5
0.04308,29,29.9,4.3,25.6,16.0,4.2,0.0,19.0,0.1,30.0,11.1,30.0,29.9,4.2,0.1,0.3,9.5,128.4,4.4,4.4,4.4,5.5
0.04308,30,29.7,4.0,25.7,16.4,4.0,0.0,19.0,0.0,30.0,11.1,30.0,29.7,4.0,0.2,0.4,9.9,134.1,4.5,5.9,5.7,5.5
0.04308,31,30.0,3.6,26.4,16.2,3.6,0.0,19.0,0.0,30.0,11.2,30.0,30.0,3.6,0.0,0.3,10.2,139.0,4.6,4.6,4.9,5.5
0.04308,32,29.8,4.0,25.8,15.8,4.0,0.0,19.0,0.1,30.0,11.3,30.0,29.8,4.0,0.1,0.5,10.7,142.4,5.0,3.6,3.4,5.5
0.04308,33,29.9,3.9,26.0,16.0,3.9,0.0,19.0,0.0,30.0,11.3,30.0,29.9,3.9,0.0,0.1,10.8,145.5,5.2,3.0,3.1,5.5
0.04308,34,29.9,4.0,25.9,16.1,4.0,0.0,19.0,0.0,30.0,11.3,30.0,29.9,4.0,0.0,0.5,11.3,148.7,5.4,3.2,3.2,5.5
0.04308,35,29.9,4.4,25.5,16.2,4.4,0.0,19.0,0.0,30.0,11.4,30.0,29.9,4.4,0.0,0.5,11.8,151.1,5.6,2.4,2.4,5.5
0.04308,36,29.5,4.1,25.4,16.0,4.1,0.0,19.0,0.1,30.0,11.6,30.0,29.5,4.1,0.2,0.1,11.9,155.0,5.6,4.3,3.9,5.5
0.04308,37,29.4,3.8,25.6,15.6,3.8,0.0,19.0,0.0,30.0,11.6,30.0,29.4,3.8,0.4,0.1,12.0,160.6,5.6,5.7,5.6,5.5
0.04308,38,29.9,3.5,26.4,16.0,3.5,0.0,19.0,0.0,30.0,11.7,30.0,29.9,3.5,0.0,0.2,12.2,165.8,6.0,4.7,5.2,5.5
0.04308,39,29.4,3.5,25.9,15.7,3.5,0.0,19.0,0.0,30.0,11.7,30.0,29.4,3.5,0.2,0.4,12.6,169.1,6.4,3.8,3.3,5.5
0.04308,40,29.8,3.5,26.3,15.7,3.5,0.0,19.0,0.0,30.0,1.0,30.0,29.8,3.5,0.2,0.3,12.9,172.7,6.5,3.2,3.6,5.5
0.04308,41,29.8,3.4,26.4,15.7,3.4,0.0,19.0,0.0,30.0,1.0,30.0,29.8,3.4,0.0,0.0,12.9,175.9,6.5,3.2,3.2,5.5
0.04308,42,29.8,3.0,26.8,15.7,3.0,0.0,19.0,0.0,30.0,1.0,30.0,29.8,3.0,0.1,0.0,12.9,178.5,6.5,2.6,2.6,5.5
0.04308,43,29.9,2.5,27.4,15.8,2.5,0.0,19.0,0.0,30.0,1.0,30.0,29.9,2.5,0.1,0.0,12.9,183.0,6.6,4.4,4.5,5.5
0.04308,44,29.5,2.1,27.4,15.6,2.1,0.0,19.0,0.0,30.0,1.0,30.0,29.5,2.1,0.2,0.0,12.9,188.5,6.6,5.9,5.5,5.5
0.04308,45,29.7,1.4,28.3,15.9,1.4,0.0,19.0,0.0,30.0,1.0,30.0,29.7,1.4,0.2,0.0,12.9,194.3,6.6,5.6,5.8,5.5
0.04308,46,29.7,1.5,28.2,15.8,1.5,0.0,19.0,0.0,30.0,1.0,30.0,29.7,1.5,0.1,0.2,13.1,197.6,6.8,3.3,3.3,5.5
0.04308,47,29.7,1.3,28.4,15.7,1.3,0.0,19.0,0.0,30.0,1.0,30.0,29.7,1.3,0.3,0.0,13.1,201.2,7.0,3.6,3.6,5.5
0.04308,48,29.7,1.3,28.4,15.9,1.3,0.0,19.0,0.0,30.0,1.1,30.0,29.7,1.3,0.3,0.1,13.2,204.5,7.1,3.3,3.3,5.5
0.04308,49,29.9,1.2,28.7,16.2,1.2,0.0,19.0,0.0,30.0,1.1,30.0,29.9,1.2,0.0,0.1,13.3,207.4,7.1,2.7,2.9,5.5
0.04308,50,29.6,1.0,28.6,16.0,1.0,0.0,19.0,0.0,30.0,1.1,30.0,29.6,1.0,0.0,0.0,13.3,211.7,7.3,4.6,4.3,5.5
0.04308,51,29.1,0.9,28.2,15.5,0.9,0.0,19.0,0.0,30.0,1.1,30.0,29.1,0.9,0.4,0.0,13.3,216.8,7.3,5.6,5.1,5.5
0.04308,52,29.4,0.7,28.7,15.6,0.7,0.0,19.0,0.0,30.0,1.1,30.0,29.4,0.7,0.4,0.1,13.4,223.2,7.3,6.1,6.4,5.5
0.04308,53,29.7,0.6,29.1,15.7,0.6,0.0,19.0,0.0,30.0,1.1,30.0,29.7,0.6,0.2,0.0,13.4,226.8,7.3,3.3,3.6,5.5
0.04308,54,29.9,0.4,29.5,15.9,0.4,0.0,19.0,0.0,30.0,1.1,30.0,29.9,0.4,0.1,0.0,13.4,230.8,7.3,3.8,4.0,5.5
0.04308,55,29.6,0.4,29.2,15.7,0.4,0.0,19.0,0.0,30.0,1.2,30.0,29.6,0.4,0.3,0.0,13.4,233.7,7.3,3.2,2.9,5.5
0.04308,56,29.4,0.4,29.0,15.5,0.4,0.0,19.0,0.0,30.0,1.3,30.0,29.4,0.4,0.5,0.1,13.5,236.6,7.3,3.1,2.9,5.5
0.04308,57,29.3,0.3,29.0,15.5,0.3,0.0,19.0,0.0,30.0,1.5,30.0,29.3,0.3,0.5,0.0,13.5,240.7,7.4,4.2,4.1,5.5
0.04308,58,29.3,0.3,29.0,15.6,0.3,0.0,19.0,0.0,30.0,1.5,30.0,29.3,0.3,0.4,0.0,13.5,245.9,7.4,5.2,5.2,5.5
0.04308,59,28.7,0.4,28.3,15.2,0.4,0.0,19.0,0.0,30.0,1.5,30.0,28.7,0.4,0.8,0.1,13.6,251.5,7.5,6.2,5.6,5.5
0.04308,60,29.2,0.3,28.9,15.6,0.3,0.0,19.0,0.0,30.0,1.5,30.0,29.2,0.3,0.5,0.0,13.6,255.7,7.5,3.7,4.2,5.5
0.04308,61,29.2,1.3,27.9,15.5,1.3,1.0,19.0,0.0,30.0,1.5,30.0,29.2,1.3,0.5,0.0,14.6,259.7,7.5,4.0,4.0,5.5
0.04308,62,29.6,1.4,28.2,15.6,1.4,1.0,19.0,0.0,30.0,1.5,30.0,29.6,1.4,0.4,0.1,14.7,263.0,7.5,2.9,3.3,5.5
0.04308,63,29.7,1.4,28.3,15.8,1.4,1.0,19.0,0.0,30.0,1.5,30.0,29.7,1.4,0.1,0.0,14.7,266.0,7.6,2.9,3.0,5.5
0.04308,64,29.4,1.5,27.9,15.6,1.5,1.0,19.0,0.0,30.0,1.5,30.0,29.4,1.5,0.4,0.2,14.9,269.9,7.6,4.2,3.9,5.5
0.04308,65,28.5,1.5,27.0,15.3,1.5,1.0,19.0,0.0,30.0,1.5,30.0,28.5,1.5,0.7,0.0,14.9,274.2,7.6,5.2,4.3,5.5
0.04308,66,29.2,1.4,27.8,15.9,1.4,1.0,19.0,0.0,30.0,1.5,30.0,29.2,1.4,0.2,0.1,15.0,280.7,7.6,5.8,6.5,5.5
0.04308,67,29.7,1.5,28.2,15.9,1.5,1.0,19.0,0.0,30.0,1.5,30.0,29.7,1.5,0.1,0.1,15.1,285.3,7.6,4.1,4.6,5.5
0.04308,68,29.2,0.5,28.7,15.7,0.5,0.0,19.0,0.0,30.0,1.5,30.0,29.2,0.5,0.3,0.0,15.1,288.7,7.6,3.9,3.4,5.5
0.04308,69,29.5,0.5,29.0,15.7,0.5,0.0,19.0,0.0,30.0,1.5,30.0,29.5,0.5,0.3,0.0,15.1,292.3,7.7,3.3,3.6,5.5
0.04308,70,29.5,0.6,28.9,15.7,0.6,0.0,19.0,0.0,30.0,1.5,30.0,29.5,0.6,0.3,0.1,15.2,295.1,7.7,2.8,2.8,5.5
0.04308,71,29.3,0.6,28.7,15.5,0.6,0.0,19.0,0.0,30.0,1.5,30.0,29.3,0.6,0.5,0.0,15.2,298.7,7.7,3.8,3.6,5.5
0.04308,72,29.3,0.6,28.7,15.5,0.6,0.0,19.0,0.0,30.0,1.5,30.0,29.3,0.6,0.4,0.0,15.2,303.0,7.7,4.3,4.3,5.5
0.04308,73,29.2,0.6,28.6,15.4,0.6,0.0,19.0,0.0,30.0,1.5,30.0,29.2,0.6,0.4,0.0,15.2,309.4,7.8,6.5,6.4,5.5
0.04308,74,29.6,0.5,29.1,15.8,0.5,0.0,19.0,0.0,30.0,1.6,30.0,29.6,0.5,0.1,0.0,15.2,314.4,7.9,4.6,5.0,5.5
0.04308,75,29.9,0.5,29.4,15.9,0.5,0.0,19.0,0.0,30.0,1.7,30.0,29.9,0.5,0.0,0.1,15.3,318.2,7.9,3.5,3.8,5.5
0.04308,76,29.6,0.6,29.0,15.6,0.6,0.0,19.0,0.0,30.0,1.7,30.0,29.6,0.6,0.2,0.1,15.4,321.5,7.9,3.6,3.3,5.5
0.04308,77,29.7,0.4,29.3,15.7,0.4,0.0,19.0,0.0,30.0,1.7,30.0,29.7,0.4,0.2,0.0,15.4,324.6,7.9,3.0,3.1,5.5
0.04308,78,29.2,0.4,28.8,15.5,0.4,0.0,19.0,0.1,30.0,1.8,30.0,29.2,0.4,0.5,0.1,15.5,327.8,7.9,3.7,3.2,5.5
0.04308,79,29.3,0.5,28.8,15.7,0.5,0.0,19.0,0.0,30.0,1.8,30.0,29.3,0.5,0.3,0.1,15.6,332.1,7.9,4.2,4.3,5.5
0.04308,80,28.9,0.7,28.2,15.5,0.7,0.0,19.0,0.0,30.0,1.9,30.0,28.9,0.7,0.5,0.2,15.8,337.8,7.9,6.1,5.7,5.5
0.04308,81,29.6,0.6,29.0,15.8,0.6,0.0,19.0,0.0,30.0,1.9,30.0,29.6,0.6,0.2,0.0,15.8,343.6,7.9,5.1,5.8,5.5
0.04308,82,28.9,0.7,28.2,15.3,0.7,0.0,19.0,0.1,30.0,1.9,30.0,28.9,0.7,0.7,0.1,15.9,346.7,7.9,3.8,3.1,5.5
0.04308,83,29.4,0.7,28.7,15.6,0.7,0.0,19.0,0.0,30.0,1.9,30.0,29.4,0.7,0.4,0.0,15.9,350.4,7.9,3.2,3.7,5.5
0.04308,84,29.7,0.8,28.9,15.7,0.8,0.0,19.0,0.0,30.0,1.9,30.0,29.7,0.8,0.3,0.1,16.0,353.7,7.9,3.0,3.3,5.5
0.04308,85,29.6,0.9,28.7,15.8,0.9,0.0,19.0,0.0,30.0,1.9,30.0,29.6,0.9,0.2,0.1,16.1,356.7,8.0,3.1,3.0,5.5
0.04308,86,29.6,0.8,28.8,15.6,0.8,0.0,19.0,0.0,30.0,2.1,30.0,29.6,0.8,0.3,0.0,16.1,361.1,8.0,4.4,4.4,5.5
0.04308,87,29.5,0.5,29.0,15.7,0.5,0.0,19.0,0.0,30.0,2.1,30.0,29.5,0.5,0.2,0.0,16.1,367.0,8.0,6.0,5.9,5.5
0.04308,88,29.3,0.7,28.6,15.6,0.7,0.0,19.0,0.0,30.0,2.1,30.0,29.3,0.7,0.3,0.2,16.3,372.5,8.0,5.7,5.5,5.5
0.04308,89,29.7,0.7,29.0,15.8,0.7,0.0,19.0,0.0,30.0,2.1,30.0,29.7,0.7,0.1,0.0,16.3,375.9,8.0,3.0,3.4,5.5
0.04308,90,29.8,0.7,29.1,15.9,0.7,0.0,19.0,0.0,30.0,2.1,30.0,29.8,0.7,0.0,0.1,16.4,379.8,8.0,3.8,3.9,5.5
0.04308,91,29.7,0.8,28.9,15.8,0.8,0.0,19.0,0.0,30.0,2.1,30.0,29.7,0.8,0.3,0.2,16.6,383.1,8.0,3.4,3.3,5.5
0.04308,92,29.7,0.8,28.9,15.7,0.8,0.0,19.0,0.0,30.0,2.1,30.0,29.7,0.8,0.3,0.1,16.7,386.2,8.0,3.1,3.1,5.5
0.04308,93,29.5,0.8,28.7,15.8,0.8,0.0,19.0,0.0,30.0,2.2,30.0,29.5,0.8,0.2,0.0,16.7,390.2,8.0,4.2,4.0,5.5
0.04308,94,29.3,0.9,28.4,15.6,0.9,0.0,19.0,0.0,30.0,2.2,30.0,29.3,0.9,0.4,0.1,16.8,395.7,8.1,5.7,5.5,5.5
0.04308,95,29.6,0.8,28.8,15.9,0.8,0.0,19.0,0.0,30.0,2.3,30.0,29.6,0.8,0.1,0.0,16.8,401.5,8.2,5.5,5.8,5.5
0.04308,96,29.5,0.8,28.7,15.7,0.8,0.0,19.0,0.0,30.0,2.4,30.0,29.5,0.8,0.3,0.1,16.9,404.9,8.2,3.5,3.4,5.5
0.04308,97,29.7,0.9,28.8,15.7,0.9,0.0,19.0,0.0,30.0,2.4,30.0,29.7,0.9,0.3,0.1,17.0,408.7,8.2,3.6,3.8,5.5
0.04308,98,29.8,1.0,28.8,15.7,1.0,0.0,19.0,0.0,30.0,2.4,30.0,29.8,1.0,0.1,0.1,17.1,411.9,8.2,3.1,3.2,5.5
0.04308,99,29.6,1.1,28.5,15.6,1.1,0.0,19.0,0.0,30.0,2.5,30.0,29.6,1.1,0.1,0.1,17.2,414.9,8.3,3.2,3.0,5.5
0.04308,100,29.5,1.0,28.5,15.8,1.0,0.0,19.0,0.0,30.0,2.5,30.0,29.5,1.0,0.1,0.1,17.3,419.0,8.4,4.2,4.1,5.5
0.04308,101,28.9,0.8,28.1,15.5,0.8,0.0,19.0,0.0,30.0,2.5,30.0,28.9,0.8,0.5,0.0,17.3,424.0,8.4,5.6,5.0,5.5
0.04308,102,28.9,0.7,28.2,15.4,0.7,0.0,19.0,0.1,30.0,2.6,30.0,28.9,0.7,0.5,0.0,17.3,429.9,8.4,5.9,5.9,5.5
0.04308,103,29.8,0.8,29.0,15.9,0.8,0.0,19.0,0.0,30.0,2.7,30.0,29.8,0.8,0.0,0.1,17.4,434.1,8.5,3.3,4.2,5.5
0.04308,104,29.7,0.6,29.1,15.7,0.6,0.0,19.0,0.0,30.0,2.7,30.0,29.7,0.6,0.3,0.1,17.5,438.1,8.5,4.1,4.0,5.5
0.04308,105,29.8,0.5,29.3,15.9,0.5,0.0,19.0,0.0,30.0,2.9,30.0,29.8,0.5,0.2,0.0,17.5,441.5,8.5,3.3,3.4,5.5
0.04308,106,29.5,0.6,28.9,16.0,0.6,0.0,19.0,0.0,30.0,3.0,30.0,29.5,0.6,0.1,0.1,17.6,444.1,8.6,2.9,2.6,5.5
0.04308,107,29.4,0.6,28.8,15.7,0.6,0.0,19.0,0.0,30.0,3.1,30.0,29.4,0.6,0.4,0.0,17.6,448.1,8.6,4.1,4.0,5.5
0.04308,108,29.4,0.6,28.8,15.9,0.6,0.0,19.0,0.0,30.0,3.1,30.0,29.4,0.6,0.2,0.1,17.7,452.9,8.6,4.8,4.8,5.5
0.04308,109,29.3,0.7,28.6,15.5,0.7,0.0,19.0,0.0,30.0,3.1,30.0,29.3,0.7,0.5,0.1,17.8,458.6,8.6,5.8,5.7,5.5
0.04308,110,29.6,0.6,29.0,15.8,0.6,0.0,19.0,0.0,30.0,3.2,30.0,29.6,0.6,0.2,0.0,17.8,463.2,8.6,4.3,4.6,5.5
0.04308,111,29.6,0.6,29.0,15.7,0.6,0.0,19.0,0.0,30.0,3.2,30.0,29.6,0.6,0.2,0.0,17.8,467.2,8.6,4.0,4.0,5.5
0.04308,112,29.8,0.6,29.2,15.8,0.6,0.0,19.0,0.0,30.0,3.2,30.0,29.8,0.6,0.1,0.0,17.8,470.8,8.6,3.4,3.6,5.5
0.04308,113,29.2,0.6,28.6,15.5,0.6,0.0,19.0,0.0,30.0,3.2,30.0,29.2,0.6,0.4,0.1,17.9,472.8,8.6,2.6,2.0,5.5
0.04308,114,29.5,0.9,28.6,15.4,0.9,0.0,19.0,0.0,30.0,3.3,30.0,29.5,0.9,0.5,0.3,18.2,477.0,8.6,3.9,4.2,5.5
0.04308,115,29.3,0.7,28.6,15.5,0.7,0.0,19.0,0.0,30.0,3.3,30.0,29.3,0.7,0.5,0.1,18.3,481.8,8.7,5.0,4.8,5.5
0.04308,116,29.4,0.8,28.6,15.7,0.8,0.0,19.0,0.0,30.0,3.3,30.0,29.4,0.8,0.3,0.2,18.5,487.6,8.7,5.7,5.8,5.5
0.04308,117,29.4,0.8,28.6,15.9,0.8,0.0,19.0,0.0,30.0,3.3,30.0,29.4,0.8,0.1,0.0,18.5,492.2,8.7,4.6,4.6,5.5
0.04308,118,29.7,0.9,28.8,15.9,0.9,0.0,19.0,0.0,30.0,3.3,30.0,29.7,0.9,0.1,0.1,18.6,496.4,8.8,3.9,4.2,5.5
0.04308,119,29.2,1.0,28.2,15.6,1.0,0.0,19.0,0.0,30.0,3.4,30.0,29.2,1.0,0.4,0.1,18.7,499.4,8.8,3.5,3.0,5.5
0.04308,120,29.8,1.1,28.7,15.7,1.1,0.0,19.0,0.0,30.0,3.4,30.0,29.8,1.1,0.2,0.2,18.9,502.1,8.8,2.1,2.7,5.5
0.04308,121,29.4,2.2,27.2,15.4,2.2,1.0,19.0,0.0,30.0,3.4,30.0,29.4,2.2,0.5,0.2,20.1,505.8,8.9,4.1,3.7,5.5
0.04308,122,29.1,2.1,27.0,15.6,2.1,1.0,19.0,0.0,30.0,3.4,30.0,29.1,2.1,0.3,0.0,20.1,510.2,9.0,4.7,4.4,5.5
0.04308,123,29.5,2.1,27.4,15.6,2.1,1.0,19.0,0.0,30.0,3.5,30.0,29.5,2.1,0.3,0.1,20.2,516.5,9.0,5.9,6.3,5.5
0.04308,124,29.5,2.1,27.4,15.5,2.1,1.0,19.0,0.0,30.0,3.7,30.0,29.5,2.1,0.4,0.0,20.2,521.0,9.0,4.5,4.5,5.5
0.04308,125,29.4,2.1,27.3,15.6,2.1,1.0,19.0,0.0,30.0,3.7,30.0,29.4,2.1,0.4,0.1,20.3,525.0,9.0,4.1,4.0,5.5
0.04308,126,29.7,2.0,27.7,15.7,2.0,1.0,19.0,0.0,30.0,3.8,30.0,29.7,2.0,0.3,0.0,20.3,528.4,9.0,3.1,3.4,5.5
0.04308,127,29.5,2.0,27.5,15.6,2.0,1.0,19.0,0.0,30.0,3.8,30.0,29.5,2.0,0.3,0.0,20.3,530.8,9.0,2.6,2.4,5.5
0.04308,128,29.6,0.9,28.7,15.8,0.9,0.0,19.0,0.0,30.0,3.8,30.0,29.6,0.9,0.1,0.1,20.4,534.8,9.0,3.9,4.0,5.5
0.04308,129,29.2,1.0,28.2,15.6,1.0,0.0,19.0,0.0,30.0,3.8,30.0,29.2,1.0,0.4,0.3,20.7,538.9,9.1,4.5,4.1,5.5
0.04308,130,29.0,1.1,27.9,15.3,1.1,0.0,19.0,0.1,30.0,3.8,30.0,29.0,1.1,0.7,0.1,20.8,544.7,9.1,6.0,5.8,5.5
0.04308,131,29.7,1.0,28.7,16.0,1.0,0.0,19.0,0.0,30.0,3.8,30.0,29.7,1.0,0.1,0.0,20.8,550.0,9.2,4.6,5.3,5.5
0.04308,132,29.4,1.0,28.4,15.7,1.0,0.0,19.0,0.0,30.0,3.8,30.0,29.4,1.0,0.3,0.2,21.0,553.9,9.4,4.2,3.9,5.5
0.04308,133,29.6,1.2,28.4,15.8,1.2,0.0,19.0,0.0,30.0,3.8,30.0,29.6,1.2,0.2,0.2,21.2,557.3,9.4,3.2,3.4,5.5
0.04308,134,29.8,1.2,28.6,15.9,1.2,0.0,19.0,0.0,30.0,3.9,30.0,29.8,1.2,0.2,0.1,21.3,559.9,9.4,2.4,2.6,5.5
0.04308,135,29.5,1.3,28.2,15.7,1.3,0.0,19.0,0.0,30.0,3.9,30.0,29.5,1.3,0.3,0.1,21.4,563.4,9.5,3.8,3.5,5.5
0.04308,136,29.6,1.2,28.4,15.8,1.2,0.0,19.0,0.0,30.0,3.9,30.0,29.6,1.2,0.2,0.0,21.4,567.5,9.5,4.0,4.1,5.5
0.04308,137,28.9,0.9,28.0,15.6,0.9,0.0,19.0,0.0,30.0,3.9,30.0,28.9,0.9,0.5,0.0,21.4,572.8,9.5,6.0,5.3,5.5
0.04308,138,29.5,0.9,28.6,15.9,0.9,0.0,19.0,0.0,30.0,3.9,30.0,29.5,0.9,0.2,0.0,21.4,578.7,9.6,5.3,5.9,5.5
0.04308,139,29.4,1.4,28.0,15.9,1.4,0.0,19.0,0.0,30.0,4.0,30.0,29.4,1.4,0.2,0.5,21.9,582.3,9.6,3.7,3.6,5.5
0.04308,140,29.6,1.2,28.4,15.8,1.2,0.0,19.0,0.0,30.0,4.0,30.0,29.6,1.2,0.3,0.0,21.9,586.1,9.6,3.6,3.8,5.5
0.04308,141,29.8,1.1,28.7,15.9,1.1,0.0,19.0,0.0,30.0,4.0,30.0,29.8,1.1,0.2,0.0,21.9,589.0,9.7,2.7,2.9,5.5
0.04308,142,29.1,0.9,28.2,15.7,0.9,0.0,19.0,0.1,30.0,4.0,30.0,29.1,0.9,0.4,0.0,21.9,592.0,9.7,3.7,3.0,5.5
0.04308,143,29.2,0.7,28.5,15.4,0.7,0.0,19.0,0.0,30.0,4.0,30.0,29.2,0.7,0.6,0.0,21.9,596.3,9.7,4.2,4.3,5.5
0.04308,144,29.2,0.6,28.6,15.7,0.6,0.0,19.0,0.0,30.0,4.0,30.0,29.2,0.6,0.3,0.0,21.9,601.5,9.7,5.2,5.2,5.5
0.04308,145,29.2,0.7,28.5,15.6,0.7,0.0,19.0,0.0,30.0,4.0,30.0,29.2,0.7,0.3,0.1,22.0,607.3,9.7,5.8,5.8,5.5
0.04308,146,29.5,0.7,28.8,15.7,0.7,0.0,19.0,0.0,30.0,4.1,30.0,29.5,0.7,0.4,0.2,22.2,611.4,9.8,3.8,4.1,5.5
0.04308,147,29.8,0.7,29.1,16.0,0.7,0.0,19.0,0.1,30.0,4.1,30.0,29.8,0.7,0.1,0.0,22.2,615.5,9.9,3.8,4.1,5.5
0.04308,148,29.6,0.8,28.8,15.8,0.8,0.0,19.0,0.0,30.0,4.1,30.0,29.6,0.8,0.2,0.1,22.3,618.2,9.9,2.9,2.7,5.5
0.04308,149,29.7,1.0,28.7,15.8,1.0,0.0,19.0,0.0,30.0,4.1,30.0,29.7,1.0,0.2,0.2,22.5,621.2,9.9,2.9,3.0,5.5
0.04308,150,29.2,1.0,28.2,15.4,1.0,0.0,19.0,0.1,30.0,4.1,30.0,29.2,1.0,0.6,0.1,22.6,625.1,9.9,4.4,3.9,5.5
0.04308,151,29.6,0.8,28.8,15.7,0.8,0.0,19.0,0.0,30.0,4.2,30.0,29.6,0.8,0.3,0.0,22.6,630.6,9.9,5.1,5.5,5.5
0.04308,152,29.8,0.9,28.9,15.9,0.9,0.0,19.0,0.0,30.0,4.2,30.0,29.8,0.9,0.1,0.2,22.8,636.6,10.0,5.8,6.0,5.5
0.04308,153,29.7,1.1,28.6,15.8,1.1,0.0,19.0,0.0,30.0,4.2,30.0,29.7,1.1,0.2,0.2,23.0,640.5,10.0,4.0,3.9,5.5
0.04308,154,29.4,1.1,28.3,15.7,1.1,0.0,19.0,0.0,30.0,4.2,30.0,29.4,1.1,0.3,0.0,23.0,644.2,10.0,4.0,3.7,5.5
0.04308,155,29.8,1.2,28.6,15.8,1.2,0.0,19.0,0.0,30.0,4.2,30.0,29.8,1.2,0.2,0.1,23.1,647.3,10.0,2.7,3.1,5.5
0.04308,156,29.6,1.2,28.4,15.7,1.2,0.0,19.0,0.0,30.0,4.2,30.0,29.6,1.2,0.3,0.1,23.2,650.1,10.1,3.0,2.8,5.5
0.04308,157,29.7,1.5,28.2,15.8,1.5,0.0,19.0,0.0,30.0,4.3,30.0,29.7,1.5,0.2,0.3,23.5,654.0,10.2,3.8,3.9,5.5
0.04308,158,29.2,1.4,27.8,15.6,1.4,0.0,19.0,0.0,30.0,4.3,30.0,29.2,1.4,0.4,0.2,23.7,659.0,10.3,5.5,5.0,5.5
0.04308,159,29.3,1.5,27.8,15.5,1.5,0.0,19.0,0.0,30.0,4.3,30.0,29.3,1.5,0.4,0.2,23.9,664.8,10.3,5.7,5.8,5.5
0.04308,160,29.1,1.4,27.7,15.3,1.4,0.0,19.0,0.1,30.0,4.3,30.0,29.1,1.4,0.5,0.0,23.9,668.6,10.5,4.0,3.8,5.5
0.04308,161,29.7,1.3,28.4,15.7,1.3,0.0,19.0,0.0,30.0,4.3,30.0,29.7,1.3,0.1,0.0,23.9,672.8,10.6,3.6,4.2,5.5
0.04308,162,29.4,1.4,28.0,15.5,1.4,0.0,19.0,0.0,30.0,4.3,30.0,29.4,1.4,0.3,0.1,24.0,675.5,10.6,3.0,2.7,5.5
0.04308,163,29.5,1.5,28.0,15.6,1.5,0.0,19.0,0.0,30.0,4.3,30.0,29.5,1.5,0.3,0.2,24.2,678.5,10.7,2.9,3.0,5.5
0.04308,164,29.3,1.6,27.7,15.5,1.6,0.0,19.0,0.0,30.0,4.3,30.0,29.3,1.6,0.2,0.2,24.4,682.1,10.7,3.8,3.6,5.5
0.04308,165,29.3,1.5,27.8,15.4,1.5,0.0,19.0,0.0,30.0,4.4,30.0,29.3,1.5,0.3,0.2,24.6,687.0,10.8,4.9,4.9,5.5
0.04308,166,29.9,1.2,28.7,15.8,1.2,0.0,19.0,0.0,30.0,4.4,30.0,29.9,1.2,0.1,0.1,24.7,693.7,10.8,6.1,6.7,5.5
0.04308,167,29.6,1.5,28.1,15.7,1.5,0.0,19.0,0.0,30.0,4.4,30.0,29.6,1.5,0.2,0.3,25.0,697.1,11.0,3.7,3.4,5.5
0.04308,168,29.8,1.5,28.3,15.8,1.5,0.0,19.0,0.0,30.0,4.4,30.0,29.8,1.5,0.2,0.2,25.2,701.5,11.0,4.2,4.4,5.5
0.04308,169,29.6,1.4,28.2,15.8,1.4,0.0,19.0,0.0,30.0,4.4,30.0,29.6,1.4,0.2,0.0,25.2,704.1,11.0,2.8,2.6,5.5
0.04308,170,29.6,1.4,28.2,15.8,1.4,0.0,19.0,0.0,30.0,4.4,30.0,29.6,1.4,0.1,0.0,25.2,707.0,11.0,2.9,2.9,5.5
0.04308,171,29.6,1.3,28.3,15.7,1.3,0.0,19.0,0.1,30.0,4.4,30.0,29.6,1.3,0.3,0.1,25.3,710.7,11.0,3.7,3.7,5.5
0.04308,172,29.1,1.1,28.0,15.5,1.1,0.0,19.0,0.0,30.0,4.4,30.0,29.1,1.1,0.5,0.1,25.4,715.2,11.1,5.0,4.5,5.5
0.04308,173,28.6,0.9,27.7,15.4,0.9,0.0,19.0,0.0,30.0,4.4,30.0,28.6,0.9,0.6,0.0,25.4,721.5,11.3,6.8,6.3,5.5
0.04308,174,29.5,0.9,28.6,16.0,0.9,0.0,19.0,0.0,30.0,4.4,30.0,29.5,0.9,0.0,0.1,25.5,725.9,11.3,3.5,4.4,5.5
0.04308,175,29.2,0.7,28.5,15.4,0.7,0.0,19.0,0.0,30.0,4.4,30.0,29.2,0.7,0.5,0.0,25.5,730.1,11.3,4.5,4.2,5.5
0.04308,176,29.7,0.8,28.9,15.7,0.8,0.0,19.0,0.1,30.0,4.4,30.0,29.7,0.8,0.2,0.1,25.6,733.2,11.3,2.6,3.1,5.5
0.04308,177,29.5,0.8,28.7,15.7,0.8,0.0,19.0,0.0,30.0,4.6,30.0,29.5,0.8,0.1,0.1,25.7,736.0,11.4,3.0,2.8,5.5
0.04308,178,29.6,0.7,28.9,15.6,0.7,0.0,19.0,0.0,30.0,4.6,30.0,29.6,0.7,0.3,0.0,25.7,739.9,11.4,3.8,3.9,5.5
0.04308,179,29.2,0.8,28.4,15.5,0.8,0.0,19.0,0.0,30.0,4.8,30.0,29.2,0.8,0.5,0.3,26.0,744.1,11.4,4.6,4.2,5.5
0.04308,180,29.2,1.0,28.2,15.4,1.0,0.0,19.0,0.1,30.0,4.8,30.0,29.2,1.0,0.6,0.3,26.3,750.2,11.5,6.1,6.1,5.5
0.04308,181,29.4,1.1,28.3,15.9,1.1,0.0,19.0,0.0,30.0,4.8,30.0,29.4,1.1,0.1,0.1,26.4,754.7,11.6,4.3,4.5,5.5
0.04308,182,29.6,1.3,28.3,15.7,1.3,0.0,19.0,0.1,30.0,4.8,30.0,29.6,1.3,0.3,0.3,26.7,759.1,11.6,4.2,4.4,5.5
0.04308,183,29.8,1.3,28.5,15.7,1.3,0.0,19.0,0.0,30.0,4.8,30.0,29.8,1.3,0.2,0.0,26.7,762.4,11.7,3.1,3.3,5.5
0.04308,184,29.8,1.6,28.2,15.8,1.6,0.0,19.0,0.0,30.0,4.8,30.0,29.8,1.6,0.1,0.3,27.0,764.9,11.7,2.5,2.5,5.5
0.04308,185,29.8,1.9,27.9,15.9,1.9,0.0,19.0,0.0,30.0,4.8,30.0,29.8,1.9,0.0,0.3,27.3,768.6,11.7,3.7,3.7,5.5
0.04308,186,29.5,1.9,27.6,15.6,1.9,0.0,19.0,0.0,30.0,4.9,30.0,29.5,1.9,0.3,0.1,27.4,772.2,11.8,3.9,3.6,5.5
0.04308,187,29.2,1.8,27.4,15.5,1.8,0.0,19.0,0.0,30.0,5.0,30.0,29.2,1.8,0.3,0.2,27.6,778.2,12.0,6.3,6.0,5.5
0.04308,188,29.8,1.8,28.0,15.7,1.8,0.0,19.0,0.0,30.0,5.0,30.0,29.8,1.8,0.1,0.1,27.7,783.4,12.1,4.6,5.2,5.5
0.04308,189,28.9,1.9,27.0,15.0,1.9,0.0,19.0,0.0,30.0,5.0,30.0,28.9,1.9,0.8,0.2,27.9,787.0,12.1,4.5,3.6,5.5
0.04308,190,29.8,1.9,27.9,15.7,1.9,0.0,19.0,0.0,30.0,5.1,30.0,29.8,1.9,0.1,0.0,27.9,790.9,12.1,3.0,3.9,5.5
0.04308,191,29.7,1.6,28.1,15.8,1.6,0.0,19.0,0.0,30.0,5.1,30.0,29.7,1.6,0.2,0.0,27.9,793.4,12.1,2.6,2.5,5.5
0.04308,192,29.3,1.5,27.8,15.6,1.5,0.0,19.0,0.0,30.0,5.1,30.0,29.3,1.5,0.3,0.1,28.0,796.9,12.1,3.9,3.5,5.5
0.04308,193,29.2,1.2,28.0,15.4,1.2,0.0,19.0,0.0,30.0,5.1,30.0,29.2,1.2,0.5,0.1,28.1,800.5,12.1,3.7,3.6,5.5
0.04308,194,29.1,1.2,27.9,15.5,1.2,0.0,19.0,0.0,30.0,5.1,30.0,29.1,1.2,0.4,0.1,28.2,806.4,12.1,6.0,5.9,5.5
0.04308,195,29.6,1.6,28.0,15.7,1.6,0.0,19.0,0.0,30.0,5.1,30.0,29.6,1.6,0.2,0.4,28.6,812.0,12.2,5.1,5.6,5.5
0.04308,196,29.4,1.7,27.7,15.7,1.7,0.0,19.0,0.0,30.0,5.1,30.0,29.4,1.7,0.2,0.1,28.7,815.3,12.3,3.5,3.3,5.5
0.04308,197,29.4,1.7,27.7,15.8,1.7,0.0,19.0,0.0,30.0,5.1,30.0,29.4,1.7,0.2,0.3,29.0,819.4,12.7,4.1,4.1,5.5
0.04308,198,29.3,2.0,27.3,15.3,2.0,0.0,19.0,0.0,30.0,5.1,30.0,29.3,2.0,0.6,0.5,29.5,821.8,12.8,2.5,2.4,5.5
0.04308,199,29.2,2.2,27.0,15.5,2.2,0.0,19.0,0.0,30.0,5.1,30.0,29.2,2.2,0.4,0.2,29.7,825.0,12.8,3.3,3.2,5.5
0.04308,200,29.3,2.1,27.2,15.9,2.1,0.0,19.0,0.1,30.0,5.1,30.0,29.3,2.1,0.1,0.2,29.9,828.8,13.0,3.7,3.8,5.5
0.04308,201,29.1,2.1,27.0,15.7,2.1,0.0,19.0,0.0,30.0,5.1,30.0,29.1,2.1,0.4,0.1,30.0,833.8,13.0,5.2,5.0,5.5
0.04308,202,29.5,2.3,27.2,15.8,2.3,0.0,19.0,0.0,30.0,5.2,30.0,29.5,2.3,0.3,0.3,30.3,839.8,13.0,5.6,6.0,5.5
0.04308,203,29.5,2.4,27.1,16.1,2.4,0.0,19.0,0.1,30.0,5.3,30.0,29.5,2.4,0.1,0.2,30.5,843.1,13.0,3.3,3.3,5.5
0.04308,204,29.7,2.4,27.3,16.0,2.4,0.0,19.0,0.0,30.0,5.3,30.0,29.7,2.4,0.2,0.1,30.6,847.5,13.1,4.2,4.4,5.5
0.04308,205,29.7,2.4,27.3,16.1,2.4,0.0,19.0,0.0,30.0,5.4,30.0,29.7,2.4,0.1,0.2,30.8,850.0,13.1,2.5,2.5,5.5
0.04308,206,29.6,2.3,27.3,15.9,2.3,0.0,19.0,0.0,30.0,5.4,30.0,29.6,2.3,0.3,0.1,30.9,853.2,13.2,3.3,3.2,5.5
0.04308,207,29.5,2.2,27.3,15.8,2.2,0.0,19.0,0.0,30.0,5.4,30.0,29.5,2.2,0.5,0.1,31.0,856.6,13.3,3.5,3.4,5.5
0.04308,208,29.2,1.7,27.5,16.1,1.7,0.0,19.0,0.0,30.0,5.4,30.0,29.2,1.7,0.3,0.3,31.3,861.7,13.3,5.4,5.1,5.5
0.04308,209,29.5,1.7,27.8,16.1,1.7,0.0,19.0,0.0,30.0,5.4,30.0,29.5,1.7,0.3,0.1,31.4,868.0,13.4,6.0,6.3,5.5
0.04308,210,29.4,1.7,27.7,15.9,1.7,0.0,19.0,0.0,30.0,5.4,30.0,29.4,1.7,0.3,0.1,31.5,871.2,13.4,3.3,3.2,5.5
0.04308,211,29.7,1.8,27.9,15.8,1.8,0.0,19.0,0.0,30.0,5.5,30.0,29.7,1.8,0.3,0.1,31.6,875.8,13.6,4.3,4.6,5.5
0.04308,212,29.8,1.9,27.9,15.9,1.9,0.0,19.0,0.0,30.0,5.5,30.0,29.8,1.9,0.1,0.2,31.8,878.4,13.7,2.5,2.6,5.5
0.04308,213,29.6,1.9,27.7,15.8,1.9,0.0,19.0,0.0,30.0,5.5,30.0,29.6,1.9,0.3,0.1,31.9,881.4,13.7,3.2,3.0,5.5
0.04308,214,29.8,1.4,28.4,15.8,1.4,0.0,19.0,0.0,30.0,5.5,30.0,29.8,1.4,0.1,0.0,31.9,885.3,13.8,3.7,3.9,5.5
0.04308,215,29.5,1.1,28.4,15.7,1.1,0.0,19.0,0.0,30.0,5.5,30.0,29.5,1.1,0.2,0.1,32.0,890.3,13.9,5.3,5.0,5.5
0.04308,216,29.4,1.2,28.2,15.7,1.2,0.0,19.0,0.0,30.0,5.5,30.0,29.4,1.2,0.2,0.2,32.2,896.6,13.9,6.4,6.3,5.5
0.04308,217,29.4,1.2,28.2,15.7,1.2,0.0,19.0,0.1,30.0,5.5,30.0,29.4,1.2,0.2,0.1,32.3,899.8,13.9,3.2,3.2,5.5
0.04308,218,29.0,1.2,27.8,15.4,1.2,0.0,19.0,0.0,30.0,5.5,30.0,29.0,1.2,0.5,0.1,32.4,904.1,13.9,4.7,4.3,5.5
0.04308,219,29.6,1.3,28.3,15.7,1.3,0.0,19.0,0.0,30.0,5.5,30.0,29.6,1.3,0.3,0.2,32.6,907.4,13.9,2.7,3.3,5.5
0.04308,220,29.8,1.4,28.4,15.7,1.4,0.0,19.0,0.0,30.0,0.8,30.0,29.8,1.4,0.2,0.2,32.8,910.6,14.0,3.0,3.2,5.5
0.04308,221,29.6,1.2,28.4,15.8,1.2,0.0,19.0,0.0,30.0,0.8,30.0,29.6,1.2,0.2,0.0,32.8,914.2,14.1,3.8,3.6,5.5
0.04308,222,29.3,1.1,28.2,15.4,1.1,0.0,19.0,0.0,30.0,0.8,30.0,29.3,1.1,0.5,0.1,32.9,919.0,14.1,5.1,4.8,5.5
0.04308,223,28.8,1.1,27.7,15.3,1.1,0.0,19.0,0.0,30.0,0.8,30.0,28.8,1.1,0.6,0.0,32.9,924.6,14.1,6.1,5.6,5.5
0.04308,224,29.8,1.0,28.8,15.8,1.0,0.0,19.0,0.0,30.0,0.8,30.0,29.8,1.0,0.2,0.0,32.9,928.9,14.1,3.3,4.3,5.5
0.04308,225,29.9,1.1,28.8,15.9,1.1,0.0,19.0,0.0,30.0,0.8,30.0,29.9,1.1,0.1,0.1,33.0,933.3,14.2,4.3,4.4,5.5
0.04308,226,29.7,1.1,28.6,15.7,1.1,0.0,19.0,0.0,30.0,0.8,30.0,29.7,1.1,0.3,0.0,33.0,936.3,14.2,3.2,3.0,5.5
0.04308,227,29.7,1.1,28.6,15.8,1.1,0.0,19.0,0.0,30.0,0.8,30.0,29.7,1.1,0.2,0.1,33.1,939.5,14.2,3.2,3.2,5.5
0.04308,228,29.7,0.8,28.9,16.1,0.8,0.0,19.0,0.0,30.0,0.8,30.0,29.7,0.8,0.0,0.0,33.1,943.2,14.2,3.7,3.7,5.5
0.04308,229,29.2,0.7,28.5,15.5,0.7,0.0,19.0,0.0,30.0,0.8,30.0,29.2,0.7,0.5,0.0,33.1,947.6,14.2,4.9,4.4,5.5
0.04308,230,29.6,0.5,29.1,15.8,0.5,0.0,19.0,0.0,30.0,0.8,30.0,29.6,0.5,0.3,0.0,33.1,953.8,14.2,5.8,6.2,5.5
0.04308,231,29.8,0.5,29.3,15.9,0.5,0.0,19.0,0.0,30.0,0.8,30.0,29.8,0.5,0.2,0.0,33.1,958.2,14.2,4.2,4.4,5.5
0.04308,232,29.4,0.5,28.9,15.9,0.5,0.0,19.0,0.0,30.0,0.8,30.0,29.4,0.5,0.2,0.0,33.1,962.2,14.2,4.4,4.0,5.5
0.04308,233,29.5,0.4,29.1,16.1,0.4,0.0,19.0,0.0,30.0,0.8,30.0,29.5,0.4,0.1,0.0,33.1,965.4,14.3,3.1,3.2,5.5
0.04308,234,29.7,0.3,29.4,15.9,0.3,0.0,19.0,0.0,30.0,0.8,30.0,29.7,0.3,0.2,0.0,33.1,968.9,14.3,3.3,3.5,5.5
0.04308,235,29.4,0.1,29.3,15.7,0.1,0.0,19.0,0.0,30.0,0.8,30.0,29.4,0.1,0.4,0.0,33.1,972.5,14.3,3.9,3.6,5.5
0.04308,236,29.8,0.1,29.7,15.9,0.1,0.0,19.0,0.0,30.0,0.8,30.0,29.8,0.1,0.2,0.0,33.1,977.3,14.3,4.4,4.8,5.5
0.04308,237,29.5,0.1,29.4,15.9,0.1,0.0,19.0,0.0,30.0,0.8,30.0,29.5,0.1,0.2,0.0,33.1,983.2,14.3,6.2,5.9,5.5
0.04308,238,29.9,0.0,29.9,16.0,0.0,0.0,19.0,0.0,30.0,0.8,30.0,29.9,0.0,0.0,0.0,33.1,988.1,14.3,4.5,4.9,5.5
0.04308,239,29.3,0.0,29.3,15.4,0.0,0.0,19.0,0.0,30.0,0.8,30.0,29.3,0.0,0.6,0.0,33.1,991.5,14.3,4.0,3.4,5.5
0.04308,240,29.7,0.0,29.7,15.9,0.0,0.0,19.0,0.0,30.0,0.9,30.0,29.7,0.0,0.1,0.0,33.1,995.1,14.3,3.2,3.6,5.5
0.04308,241,29.3,1.9,27.4,15.6,1.9,1.9,19.0,0.0,30.0,0.9,30.0,29.3,1.9,0.4,0.0,35.0,998.2,14.3,3.5,3.1,5.5
0.04308,242,29.3,2.0,27.3,15.4,2.0,2.0,19.0,0.0,30.0,0.9,30.0,29.3,2.0,0.6,0.0,35.1,1001.7,14.3,3.5,3.5,5.5
0.04308,243,29.1,2.0,27.1,15.4,2.0,2.0,19.0,0.0,30.0,0.9,30.0,29.1,2.0,0.6,0.0,35.1,1006.4,14.3,4.9,4.7,5.5
0.04308,244,28.6,2.1,26.5,15.3,2.1,2.0,19.0,0.0,30.0,0.9,30.0,28.6,2.1,0.7,0.1,35.2,1011.8,14.3,5.9,5.4,5.5
0.04308,245,29.6,2.1,27.5,16.0,2.1,2.0,19.0,0.0,30.0,1.0,30.0,29.6,2.1,0.0,0.0,35.2,1017.7,14.3,4.9,5.9,5.5
0.04308,246,29.7,2.2,27.5,15.9,2.2,2.0,19.0,0.0,30.0,1.0,30.0,29.7,2.2,0.1,0.1,35.3,1021.2,14.3,3.4,3.5,5.5
0.04308,247,29.6,2.3,27.3,15.6,2.3,2.0,19.0,0.0,30.0,1.0,30.0,29.6,2.3,0.4,0.1,35.4,1024.7,14.3,3.6,3.5,5.5
0.04308,248,29.6,0.4,29.2,15.8,0.4,0.1,19.0,0.0,30.0,1.0,30.0,29.6,0.4,0.2,0.0,35.4,1027.7,14.3,3.0,3.0,5.5
0.04308,249,29.8,0.3,29.5,15.9,0.3,0.0,19.0,0.0,30.0,1.0,30.0,29.8,0.3,0.1,0.0,35.4,1031.3,14.4,3.4,3.6,5.5
0.04308,250,29.3,0.3,29.0,15.5,0.3,0.0,19.0,0.0,30.0,1.0,30.0,29.3,0.3,0.5,0.0,35.4,1035.5,14.4,4.7,4.2,5.5
0.04308,251,28.6,0.4,28.2,15.4,0.4,0.0,19.0,0.0,30.0,1.1,30.0,28.6,0.4,0.6,0.1,35.5,1040.1,14.4,5.3,4.6,5.5
0.04308,252,29.4,0.4,29.0,15.8,0.4,0.0,19.0,0.0,30.0,1.2,30.0,29.4,0.4,0.2,0.0,35.5,1046.8,14.4,5.9,6.7,5.5
0.04308,253,29.2,0.5,28.7,15.6,0.5,0.0,19.0,0.0,30.0,1.2,30.0,29.2,0.5,0.4,0.1,35.6,1050.0,14.4,3.4,3.2,5.5
0.04308,254,29.4,0.5,28.9,15.6,0.5,0.0,19.0,0.0,30.0,1.2,30.0,29.4,0.5,0.4,0.0,35.6,1053.7,14.4,3.5,3.7,5.5
0.04308,255,29.6,0.5,29.1,15.8,0.5,0.0,19.0,0.0,30.0,1.2,30.0,29.6,0.5,0.2,0.1,35.7,1057.0,14.4,3.1,3.3,5.5
0.04308,256,29.2,0.4,28.8,15.5,0.4,0.0,19.0,0.0,30.0,1.2,30.0,29.2,0.4,0.5,0.0,35.7,1060.2,14.5,3.6,3.2,5.5
0.04308,257,29.3,0.5,28.8,15.7,0.5,0.0,19.0,0.0,30.0,1.2,30.0,29.3,0.5,0.3,0.1,35.8,1064.4,14.5,4.1,4.2,5.5
0.04308,258,29.5,0.4,29.1,15.8,0.4,0.0,19.0,0.0,30.0,1.2,30.0,29.5,0.4,0.2,0.0,35.8,1069.3,14.5,4.7,4.9,5.5
0.04308,259,29.3,0.4,28.9,15.8,0.4,0.0,19.0,0.0,30.0,1.2,30.0,29.3,0.4,0.2,0.0,35.8,1075.8,14.5,6.7,6.5,5.5
0.04308,260,29.6,0.4,29.2,15.8,0.4,0.0,19.0,0.0,30.0,1.2,30.0,29.6,0.4,0.2,0.1,35.9,1079.4,14.5,3.3,3.6,5.5
0.04308,261,29.7,0.4,29.3,15.9,0.4,0.0,19.0,0.0,30.0,1.2,30.0,29.7,0.4,0.1,0.0,35.9,1083.2,14.5,3.7,3.8,5.5
0.04308,262,29.6,0.4,29.2,15.8,0.4,0.0,19.0,0.0,30.0,1.2,30.0,29.6,0.4,0.2,0.0,35.9,1086.4,14.5,3.3,3.2,5.5
0.04308,263,29.5,0.3,29.2,15.7,0.3,0.0,19.0,0.0,30.0,1.2,30.0,29.5,0.3,0.3,0.0,35.9,1089.5,14.5,3.2,3.1,5.5
0.04308,264,30.0,0.4,29.6,16.0,0.4,0.0,19.0,0.0,30.0,1.2,30.0,30.0,0.4,0.0,0.2,36.1,1094.3,14.5,4.3,4.8,5.5
0.04308,265,29.4,0.4,29.0,15.6,0.4,0.0,19.0,0.0,30.0,1.3,30.0,29.4,0.4,0.4,0.0,36.1,1098.3,14.5,4.6,4.0,5.5
0.04308,266,29.0,0.5,28.5,15.6,0.4,0.0,19.0,0.0,30.0,1.3,30.0,29.0,0.4,0.4,0.1,36.2,1104.4,14.5,6.5,6.1,5.5
0.04308,267,29.5,0.5,29.0,15.6,0.5,0.0,19.0,0.0,30.0,1.3,30.0,29.5,0.5,0.4,0.0,36.2,1108.5,14.5,3.6,4.1,5.5
0.04308,268,29.4,0.5,28.9,15.7,0.5,0.0,19.0,0.0,30.0,1.3,30.0,29.4,0.5,0.3,0.0,36.2,1112.2,14.5,3.8,3.7,5.5
0.04308,269,29.4,0.6,28.8,15.7,0.6,0.0,19.0,0.0,30.0,1.3,30.0,29.4,0.6,0.3,0.1,36.3,1115.4,14.5,3.2,3.2,5.5
0.04308,270,29.6,0.5,29.1,15.8,0.5,0.0,19.0,0.0,30.0,1.3,30.0,29.6,0.5,0.2,0.0,36.3,1118.8,14.5,3.2,3.4,5.5
0.04308,271,28.8,0.5,28.3,15.1,0.5,0.0,19.0,0.0,30.0,1.3,30.0,28.8,0.5,0.9,0.0,36.3,1122.8,14.6,4.8,4.0,5.5
0.04308,272,29.4,0.2,29.2,15.5,0.2,0.0,19.0,0.0,30.0,1.3,30.0,29.4,0.2,0.5,0.0,36.3,1127.6,14.6,4.2,4.8,5.5
0.04308,273,29.4,0.2,29.2,15.6,0.2,0.0,19.0,0.0,30.0,1.3,30.0,29.4,0.2,0.4,0.0,36.3,1133.7,14.6,6.1,6.1,5.5
0.04308,274,29.7,0.3,29.4,15.9,0.3,0.0,19.0,0.0,30.0,1.3,30.0,29.7,0.3,0.1,0.1,36.4,1138.0,14.6,4.0,4.3,5.5
0.04308,275,29.7,0.3,29.4,15.9,0.3,0.0,19.0,0.0,30.0,1.3,30.0,29.7,0.3,0.1,0.0,36.4,1141.7,14.6,3.7,3.7,5.5
0.04308,276,29.5,0.3,29.2,15.7,0.3,0.0,19.0,0.0,30.0,1.3,30.0,29.5,0.3,0.3,0.0,36.4,1144.7,14.6,3.2,3.0,5.5
0.04308,277,29.5,0.3,29.2,15.7,0.3,0.0,19.0,0.0,30.0,1.3,30.0,29.5,0.3,0.2,0.0,36.4,1148.1,14.6,3.4,3.4,5.5
0.04308,278,29.2,0.3,28.9,15.5,0.3,0.0,19.0,0.0,30.0,1.3,30.0,29.2,0.3,0.4,0.0,36.4,1151.8,14.6,4.0,3.7,5.5
0.04308,279,29.5,0.2,29.3,15.6,0.2,0.0,19.0,0.0,30.0,1.3,30.0,29.5,0.2,0.4,0.0,36.4,1157.0,14.6,4.9,5.2,5.5
0.04308,280,29.0,0.3,28.7,15.6,0.3,0.0,19.0,0.0,30.0,1.3,30.0,29.0,0.3,0.4,0.1,36.5,1162.6,14.6,6.1,5.6,5.5
0.04308,281,29.3,0.2,29.1,15.7,0.2,0.0,19.0,0.0,30.0,1.4,30.0,29.3,0.2,0.3,0.0,36.5,1167.2,14.6,4.3,4.6,5.5
0.04308,282,29.5,0.2,29.3,15.5,0.2,0.0,19.0,0.0,30.0,1.4,30.0,29.5,0.2,0.5,0.0,36.5,1171.1,14.6,3.7,3.9,5.5
0.04308,283,29.6,0.3,29.3,15.8,0.3,0.0,19.0,0.0,30.0,1.4,30.0,29.6,0.3,0.2,0.1,36.6,1174.2,14.6,3.0,3.1,5.5
0.04308,284,29.6,0.3,29.3,15.7,0.3,0.0,19.0,0.0,30.0,1.5,30.0,29.6,0.3,0.3,0.0,36.6,1177.6,14.7,3.4,3.4,5.5
0.04308,285,29.8,0.4,29.4,15.9,0.4,0.0,19.0,0.0,30.0,1.5,30.0,29.8,0.4,0.1,0.1,36.7,1181.4,14.7,3.6,3.8,5.5
0.04308,286,29.3,0.4,28.9,15.5,0.4,0.0,19.0,0.0,30.0,1.5,30.0,29.3,0.4,0.4,0.0,36.7,1186.1,14.7,5.2,4.7,5.5
0.04308,287,29.4,0.4,29.0,15.7,0.4,0.0,19.0,0.0,30.0,1.5,30.0,29.4,0.4,0.2,0.0,36.7,1191.7,14.7,5.5,5.6,5.5
0.04308,288,29.7,0.4,29.3,15.9,0.4,0.0,19.0,0.0,30.0,1.5,30.0,29.7,0.4,0.1,0.1,36.8,1196.7,14.7,4.7,5.0,5.5
0.04308,289,29.5,0.4,29.1,15.7,0.4,0.0,19.0,0.0,30.0,1.5,30.0,29.5,0.4,0.3,0.0,36.8,1200.4,14.7,3.9,3.7,5.5
0.04308,290,29.7,0.4,29.3,15.9,0.4,0.0,19.0,0.0,30.0,1.5,30.0,29.7,0.4,0.1,0.0,36.8,1203.6,14.7,3.0,3.2,5.5
0.04308,291,29.7,0.4,29.3,15.9,0.4,0.0,19.0,0.0,30.0,1.5,30.0,29.7,0.4,0.1,0.0,36.8,1207.0,14.7,3.4,3.4,5.5
0.04308,292,29.9,0.3,29.6,15.9,0.3,0.0,19.0,0.0,30.0,1.5,30.0,29.9,0.3,0.1,0.0,36.8,1211.0,14.7,3.8,4.0,5.5
0.04308,293,29.1,0.3,28.8,15.5,0.3,0.0,19.0,0.0,30.0,1.5,30.0,29.1,0.3,0.5,0.0,36.8,1214.9,14.7,4.7,3.9,5.5
0.04308,294,29.2,0.2,29.0,15.8,0.2,0.0,19.0,0.0,30.0,1.5,30.0,29.2,0.2,0.2,0.0,36.8,1220.7,14.7,5.7,5.8,5.5
0.04308,295,29.3,0.4,28.9,15.8,0.4,0.0,19.0,0.0,30.0,1.5,30.0,29.3,0.4,0.2,0.2,37.0,1225.8,14.7,5.0,5.1,5.5
0.04308,296,29.5,0.4,29.1,15.8,0.4,0.0,19.0,0.0,30.0,1.5,30.0,29.5,0.4,0.2,0.0,37.0,1229.7,14.7,3.7,3.9,5.5
0.04308,297,29.5,0.3,29.2,15.7,0.3,0.0,19.0,0.0,30.0,1.5,30.0,29.5,0.3,0.4,0.0,37.0,1233.0,14.8,3.3,3.3,5.5
0.04308,298,29.7,0.4,29.3,15.9,0.4,0.0,19.0,0.0,30.0,1.7,30.0,29.7,0.4,0.1,0.1,37.1,1236.5,14.8,3.3,3.5,5.5
0.04308,299,29.6,0.3,29.3,15.7,0.3,0.0,19.0,0.0,30.0,1.7,30.0,29.6,0.3,0.3,0.0,37.1,1240.4,14.8,4.0,3.9,5.5
0.04308,300,29.5,0.4,29.1,15.6,0.4,0.0,19.0,0.0,30.0,1.8,30.0,29.5,0.4,0.4,0.1,37.2,1244.0,14.8,3.7,3.6,5.5
0.04308,301,29.3,2.5,26.8,15.3,2.5,2.0,19.0,0.0,30.0,1.8,30.0,29.3,2.5,0.6,0.1,39.3,1249.6,14.9,5.8,5.6,5.5
0.04308,302,29.5,2.5,27.0,15.7,2.5,2.0,19.0,0.0,30.0,1.9,30.0,29.5,2.5,0.2,0.0,39.3,1254.9,14.9,5.1,5.3,5.5
0.04308,303,29.5,2.5,27.0,15.6,2.5,2.0,19.0,0.0,30.0,1.9,30.0,29.5,2.5,0.3,0.0,39.3,1258.8,14.9,3.9,3.9,5.5
0.04308,304,29.5,2.5,27.0,15.6,2.5,2.0,19.0,0.0,30.0,1.9,30.0,29.5,2.5,0.3,0.0,39.3,1262.1,14.9,3.3,3.3,5.5
0.04308,305,29.5,2.5,27.0,15.5,2.5,2.0,19.0,0.0,30.0,1.9,30.0,29.5,2.5,0.4,0.1,39.4,1265.7,14.9,3.6,3.6,5.5
0.04308,306,29.5,2.4,27.1,15.8,2.4,2.0,19.0,0.0,30.0,1.9,30.0,29.5,2.4,0.2,0.0,39.4,1269.6,14.9,3.9,3.9,5.5
0.04308,307,29.7,2.2,27.5,15.8,2.2,2.0,19.0,0.0,30.0,1.9,30.0,29.7,2.2,0.2,0.0,39.4,1273.5,14.9,3.7,3.9,5.5
0.04308,308,29.0,0.3,28.7,15.4,0.3,0.0,19.0,0.0,30.0,1.9,30.0,29.0,0.3,0.6,0.1,39.5,1278.3,14.9,5.5,4.8,5.5
0.04308,309,29.6,0.3,29.3,15.9,0.3,0.0,19.0,0.0,30.0,1.9,30.0,29.6,0.3,0.1,0.0,39.5,1284.2,14.9,5.3,5.9,5.5
0.04308,310,29.6,0.4,29.2,15.7,0.4,0.0,19.0,0.0,30.0,1.9,30.0,29.6,0.4,0.3,0.1,39.6,1288.1,14.9,3.9,3.9,5.5
0.04308,311,29.9,0.4,29.5,15.9,0.4,0.0,19.0,0.1,30.0,1.9,30.0,29.9,0.4,0.1,0.0,39.6,1291.7,14.9,3.3,3.6,5.5
0.04308,312,29.2,0.7,28.5,15.7,0.7,0.0,19.0,0.0,30.0,1.9,30.0,29.2,0.7,0.3,0.3,39.9,1294.6,14.9,3.6,2.9,5.5
0.04308,313,28.9,0.6,28.3,15.3,0.6,0.0,19.0,0.0,30.0,1.9,30.0,28.9,0.6,0.7,0.0,39.9,1298.3,15.0,4.0,3.7,5.5
0.04308,314,29.5,0.6,28.9,15.9,0.6,0.0,19.0,0.0,30.0,1.9,30.0,29.5,0.6,0.1,0.1,40.0,1302.7,15.1,3.8,4.4,5.5
0.04308,315,29.3,0.7,28.6,15.5,0.7,0.0,19.0,0.0,30.0,1.9,30.0,29.3,0.7,0.5,0.2,40.2,1307.1,15.1,4.6,4.4,5.5
0.04308,316,29.4,0.7,28.7,15.9,0.7,0.0,19.0,0.0,30.0,1.9,30.0,29.4,0.7,0.0,0.0,40.2,1313.1,15.1,5.9,6.0,5.5
0.04308,317,29.4,0.7,28.7,15.5,0.7,0.0,19.0,0.0,30.0,2.0,30.0,29.4,0.7,0.4,0.0,40.2,1316.9,15.1,3.8,3.8,5.5
0.04308,318,29.5,0.8,28.7,15.6,0.8,0.0,19.0,0.0,30.0,2.0,30.0,29.5,0.8,0.3,0.1,40.3,1320.6,15.1,3.6,3.7,5.5
0.04308,319,29.7,0.8,28.9,15.9,0.8,0.0,19.0,0.0,30.0,2.0,30.0,29.7,0.8,0.0,0.0,40.3,1323.7,15.1,2.9,3.1,5.5
0.04308,320,29.3,0.9,28.4,15.8,0.9,0.0,19.0,0.1,30.0,2.0,30.0,29.3,0.9,0.0,0.1,40.4,1327.0,15.1,3.7,3.3,5.5
0.04308,321,29.5,0.7,28.8,15.5,0.7,0.0,19.0,0.0,30.0,2.0,30.0,29.5,0.7,0.4,0.0,40.4,1331.6,15.1,4.4,4.6,5.5
0.04308,322,29.0,0.4,28.6,15.4,0.4,0.0,19.0,0.0,30.0,2.0,30.0,29.0,0.4,0.6,0.0,40.4,1335.7,15.1,4.6,4.1,5.5
0.04308,323,29.5,0.4,29.1,15.7,0.4,0.0,19.0,0.0,30.0,2.0,30.0,29.5,0.4,0.3,0.0,40.4,1342.2,15.1,6.0,6.5,5.5
0.04308,324,29.4,0.4,29.0,15.7,0.4,0.0,19.0,0.0,30.0,2.0,30.0,29.4,0.4,0.3,0.1,40.5,1346.0,15.1,3.9,3.8,5.5
0.04308,325,29.7,0.4,29.3,15.9,0.4,0.0,19.0,0.0,30.0,2.0,30.0,29.7,0.4,0.1,0.0,40.5,1350.0,15.1,3.7,4.0,5.5
0.04308,326,29.7,0.4,29.3,15.9,0.4,0.0,19.0,0.0,30.0,2.0,30.0,29.7,0.4,0.1,0.0,40.5,1353.0,15.1,3.0,3.0,5.5
0.04308,327,29.5,0.4,29.1,15.5,0.4,0.0,19.0,0.0,30.0,2.0,30.0,29.5,0.4,0.5,0.0,40.5,1356.1,15.1,3.3,3.1,5.5
0.04308,328,29.3,0.3,29.0,15.5,0.3,0.0,19.0,0.0,30.0,2.0,30.0,29.3,0.3,0.4,0.1,40.6,1360.7,15.2,4.8,4.6,5.5
0.04308,329,29.6,0.3,29.3,15.8,0.3,0.0,19.0,0.0,30.0,2.0,30.0,29.6,0.3,0.2,0.1,40.7,1365.1,15.2,4.1,4.4,5.5
0.04308,330,29.0,0.4,28.6,15.6,0.4,0.0,19.0,0.0,30.0,2.0,30.0,29.0,0.4,0.4,0.1,40.8,1370.9,15.2,6.4,5.8,5.5
0.04308,331,29.5,0.5,29.0,15.8,0.5,0.0,19.0,0.0,30.0,2.0,30.0,29.5,0.5,0.2,0.1,40.9,1375.2,15.2,3.8,4.3,5.5
0.04308,332,29.5,0.6,28.9,15.8,0.6,0.0,19.0,0.1,30.0,2.0,30.0,29.5,0.6,0.2,0.1,41.0,1379.2,15.2,4.0,4.0,5.5
0.04308,333,29.8,0.5,29.3,15.9,0.5,0.0,19.0,0.0,30.0,2.0,30.0,29.8,0.5,0.1,0.0,41.0,1382.5,15.2,3.0,3.3,5.5
0.04308,334,29.6,0.5,29.1,15.8,0.5,0.0,19.0,0.0,30.0,2.0,30.0,29.6,0.5,0.2,0.0,41.0,1385.4,15.3,3.1,2.9,5.5
0.04308,335,29.7,0.6,29.1,15.7,0.6,0.0,19.0,0.0,30.0,2.0,30.0,29.7,0.6,0.3,0.1,41.1,1389.9,15.4,4.4,4.5,5.5
0.04308,336,29.3,0.7,28.6,15.4,0.7,0.0,19.0,0.1,30.0,2.2,30.0,29.3,0.7,0.4,0.2,41.3,1393.9,15.4,4.4,4.0,5.5
0.04308,337,29.3,0.6,28.7,15.6,0.6,0.0,19.0,0.0,30.0,2.2,30.0,29.3,0.6,0.3,0.0,41.3,1399.7,15.5,5.8,5.8,5.5
0.04308,338,29.6,0.6,29.0,15.7,0.6,0.0,19.0,0.0,30.0,2.2,30.0,29.6,0.6,0.2,0.0,41.3,1404.4,15.5,4.4,4.7,5.5
0.04308,339,29.1,0.7,28.4,15.5,0.7,0.0,19.0,0.0,30.0,2.2,30.0,29.1,0.7,0.4,0.1,41.4,1407.8,15.5,3.9,3.4,5.5
0.04308,340,29.6,0.6,29.0,15.7,0.6,0.0,19.0,0.0,30.0,2.3,30.0,29.6,0.6,0.3,0.0,41.4,1411.7,15.6,3.4,3.9,5.5
0.04308,341,29.6,0.9,28.7,15.9,0.9,0.0,19.0,0.1,30.0,2.3,30.0,29.6,0.9,0.1,0.3,41.7,1414.6,15.6,2.9,2.9,5.5
0.04308,342,29.5,0.7,28.8,16.0,0.7,0.0,19.0,0.0,30.0,2.3,30.0,29.5,0.7,0.2,0.0,41.7,1418.9,15.6,4.4,4.3,5.5
0.04308,343,29.7,0.9,28.8,16.0,0.9,0.0,19.0,0.0,30.0,2.3,30.0,29.7,0.9,0.0,0.3,42.0,1423.0,15.6,3.9,4.1,5.5
0.04308,344,29.4,0.9,28.5,15.6,0.9,0.0,19.0,0.0,30.0,2.4,30.0,29.4,0.9,0.4,0.0,42.0,1428.3,15.6,5.6,5.3,5.5
0.04308,345,29.5,0.9,28.6,16.0,0.9,0.0,19.0,0.0,30.0,2.4,30.0,29.5,0.9,0.0,0.0,42.0,1433.1,15.6,4.7,4.8,5.5
0.04308,346,29.7,0.8,28.9,15.7,0.8,0.0,19.0,0.0,30.0,2.4,30.0,29.7,0.8,0.3,0.0,42.0,1436.8,15.7,3.5,3.7,5.5
0.04308,347,29.7,0.9,28.8,15.6,0.9,0.0,19.0,0.0,30.0,2.4,30.0,29.7,0.9,0.3,0.1,42.1,1440.6,15.7,3.8,3.8,5.5
0.04308,348,29.8,1.2,28.6,15.7,1.2,0.0,19.0,0.0,30.0,2.4,30.0,29.8,1.2,0.2,0.3,42.4,1443.6,15.7,2.9,3.0,5.5
0.04308,349,29.4,0.9,28.5,15.6,0.9,0.0,19.0,0.0,30.0,2.4,30.0,29.4,0.9,0.4,0.0,42.4,1447.7,15.7,4.5,4.1,5.5
0.04308,350,29.2,0.8,28.4,15.5,0.8,0.0,19.0,0.0,30.0,2.4,30.0,29.2,0.8,0.5,0.1,42.5,1451.8,15.8,4.3,4.1,5.5
0.04308,351,29.5,0.6,28.9,15.7,0.6,0.0,19.0,0.0,30.0,2.4,30.0,29.5,0.6,0.3,0.0,42.5,1457.6,15.8,5.5,5.8,5.5
0.04308,352,29.6,0.6,29.0,15.8,0.6,0.0,19.0,0.0,30.0,2.4,30.0,29.6,0.6,0.2,0.0,42.5,1462.4,15.8,4.7,4.8,5.5
0.04308,353,29.5,0.6,28.9,15.7,0.6,0.0,19.0,0.0,30.0,2.4,30.0,29.5,0.6,0.3,0.0,42.5,1465.9,15.8,3.6,3.5,5.5
0.04308,354,29.5,0.5,29.0,15.6,0.5,0.0,19.0,0.0,30.0,2.4,30.0,29.5,0.5,0.4,0.0,42.5,1469.6,15.8,3.7,3.7,5.5
0.04308,355,29.2,0.8,28.4,15.8,0.8,0.0,19.0,0.0,30.0,2.4,30.0,29.2,0.8,0.2,0.3,42.8,1472.3,15.8,3.0,2.7,5.5
0.04308,356,29.5,0.8,28.7,15.6,0.8,0.0,19.0,0.0,30.0,2.4,30.0,29.5,0.8,0.3,0.0,42.8,1476.6,15.8,4.0,4.3,5.5
0.04308,357,29.4,0.8,28.6,15.6,0.8,0.0,19.0,0.0,30.0,2.4,30.0,29.4,0.8,0.3,0.1,42.9,1480.6,15.8,4.1,4.0,5.5
0.04308,358,29.4,1.0,28.4,15.6,1.0,0.0,19.0,0.0,30.0,2.4,30.0,29.4,1.0,0.3,0.2,43.1,1486.2,15.8,5.6,5.6,5.5
0.04308,359,29.5,0.9,28.6,15.8,0.9,0.0,19.0,0.0,30.0,2.5,30.0,29.5,0.9,0.1,0.0,43.1,1491.2,15.8,4.9,5.0,5.5
0.04308,360,29.6,0.9,28.7,15.6,0.9,0.0,19.0,0.0,30.0,2.5,30.0,29.6,0.9,0.3,0.1,43.2,1494.9,15.8,3.6,3.7,5.5
0.04308,361,29.6,0.8,28.8,15.7,0.8,0.0,19.0,0.0,30.0,2.5,30.0,29.6,0.8,0.3,0.1,43.3,1498.8,15.8,3.9,3.9,5.5
0.04308,362,29.7,0.8,28.9,15.8,0.8,0.0,19.0,0.1,30.0,2.5,30.0,29.7,0.8,0.2,0.0,43.3,1501.5,15.8,2.6,2.7,5.5
0.04308,363,29.1,0.7,28.4,15.5,0.7,0.0,19.0,0.0,30.0,2.5,30.0,29.1,0.7,0.5,0.0,43.3,1505.2,15.8,4.3,3.7,5.5
0.04308,364,29.4,0.7,28.7,15.7,0.7,0.0,19.0,0.0,30.0,2.5,30.0,29.4,0.7,0.3,0.1,43.4,1509.5,15.8,4.0,4.3,5.5
0.04308,365,29.4,0.6,28.8,15.7,0.6,0.0,19.0,0.0,30.0,2.5,30.0,29.4,0.6,0.3,0.1,43.5,1515.2,15.8,5.7,5.7,5.5
0.04308,366,29.4,0.7,28.7,15.9,0.7,0.0,19.0,0.0,30.0,2.5,30.0,29.4,0.7,0.1,0.1,43.6,1520.2,15.8,5.0,5.0,5.5
0.04308,367,29.2,0.7,28.5,15.5,0.7,0.0,19.0,0.0,30.0,2.5,30.0,29.2,0.7,0.5,0.0,43.6,1523.7,15.9,3.7,3.5,5.5
0.04308,368,29.3,0.7,28.6,15.5,0.7,0.0,19.0,0.0,30.0,2.5,30.0,29.3,0.7,0.5,0.0,43.6,1527.7,15.9,3.9,4.0,5.5
0.04308,369,29.7,0.6,29.1,15.8,0.6,0.0,19.0,0.0,30.0,2.5,30.0,29.7,0.6,0.2,0.0,43.6,1530.7,15.9,2.6,3.0,5.5
0.04308,370,29.6,0.7,28.9,15.8,0.7,0.0,19.0,0.0,30.0,2.5,30.0,29.6,0.7,0.2,0.2,43.8,1534.4,15.9,3.8,3.7,5.5
0.04308,371,29.7,0.8,28.9,15.8,0.8,0.0,19.0,0.0,30.0,2.5,30.0,29.7,0.8,0.2,0.2,44.0,1538.8,15.9,4.3,4.4,5.5
0.04308,372,29.1,0.7,28.4,15.4,0.7,0.0,19.0,0.0,30.0,2.5,30.0,29.1,0.7,0.6,0.0,44.0,1543.9,15.9,5.7,5.1,5.5
0.04308,373,29.6,0.9,28.7,15.8,0.9,0.0,19.0,0.0,30.0,2.6,30.0,29.6,0.9,0.2,0.2,44.2,1549.3,16.0,4.9,5.4,5.5
0.04308,374,29.7,0.9,28.8,15.8,0.9,0.0,19.0,0.0,30.0,2.6,30.0,29.7,0.9,0.2,0.0,44.2,1552.8,16.1,3.4,3.5,5.5
0.04308,375,29.5,1.0,28.5,15.7,1.0,0.0,19.0,0.0,30.0,2.6,30.0,29.5,1.0,0.2,0.1,44.3,1556.6,16.1,4.0,3.8,5.5
0.04308,376,29.7,0.8,28.9,16.0,0.8,0.0,19.0,0.1,30.0,2.6,30.0,29.7,0.8,0.0,0.0,44.3,1560.0,16.1,3.2,3.4,5.5
0.04308,377,29.5,0.9,28.6,15.7,0.9,0.0,19.0,0.0,30.0,2.6,30.0,29.5,0.9,0.3,0.1,44.4,1563.5,16.1,3.7,3.5,5.5
0.04308,378,29.6,0.9,28.7,15.7,0.9,0.0,19.0,0.0,30.0,2.6,30.0,29.6,0.9,0.3,0.1,44.5,1567.8,16.1,4.2,4.3,5.5
0.04308,379,29.3,1.1,28.2,15.6,1.1,0.0,19.0,0.0,30.0,2.6,30.0,29.3,1.1,0.4,0.3,44.8,1572.7,16.2,5.2,4.9,5.5
0.04308,380,29.2,1.0,28.2,15.5,1.0,0.0,19.0,0.0,30.0,2.6,30.0,29.2,1.0,0.3,0.0,44.8,1578.0,16.3,5.4,5.3,5.5
0.04308,381,29.4,0.9,28.5,15.7,0.9,0.0,19.0,0.0,30.0,2.6,30.0,29.4,0.9,0.2,0.0,44.8,1581.6,16.3,3.4,3.6,5.5
0.04308,382,29.7,0.9,28.8,15.7,0.9,0.0,19.0,0.0,30.0,2.6,30.0,29.7,0.9,0.2,0.0,44.8,1585.6,16.3,3.7,4.0,5.5
0.04308,383,29.6,1.0,28.6,15.6,1.0,0.0,19.0,0.0,30.0,2.7,30.0,29.6,1.0,0.3,0.1,44.9,1588.8,16.3,3.3,3.2,5.5
0.04308,384,29.4,1.0,28.4,15.5,1.0,0.0,19.0,0.1,30.0,2.7,30.0,29.4,1.0,0.4,0.0,44.9,1592.1,16.3,3.5,3.3,5.5
0.04308,385,29.6,0.7,28.9,15.7,0.7,0.0,19.0,0.0,30.0,2.7,30.0,29.6,0.7,0.3,0.0,44.9,1596.9,16.4,4.6,4.8,5.5
0.04308,386,29.1,0.7,28.4,15.5,0.7,0.0,19.0,0.0,30.0,2.7,30.0,29.1,0.7,0.4,0.0,44.9,1601.1,16.4,4.7,4.2,5.5
0.04308,387,29.3,0.6,28.7,15.7,0.6,0.0,19.0,0.0,30.0,2.8,30.0,29.3,0.6,0.2,0.0,44.9,1606.7,16.5,5.4,5.6,5.5
0.04308,388,29.5,0.5,29.0,15.9,0.5,0.0,19.0,0.0,30.0,2.8,30.0,29.5,0.5,0.1,0.1,45.0,1610.7,16.5,3.8,4.0,5.5
0.04308,389,29.4,0.6,28.8,15.9,0.6,0.0,19.0,0.0,30.0,2.8,30.0,29.4,0.6,0.2,0.2,45.2,1614.6,16.5,4.0,3.9,5.5
0.04308,390,29.7,0.6,29.1,15.9,0.6,0.0,19.0,0.0,30.0,2.8,30.0,29.7,0.6,0.2,0.1,45.3,1618.2,16.5,3.3,3.6,5.5
0.04308,391,29.5,0.6,28.9,15.8,0.6,0.0,19.0,0.0,30.0,2.9,30.0,29.5,0.6,0.3,0.0,45.3,1621.3,16.5,3.3,3.1,5.5
0.04308,392,29.5,0.6,28.9,15.8,0.6,0.0,19.0,0.0,30.0,2.9,30.0,29.5,0.6,0.2,0.0,45.3,1626.0,16.5,4.7,4.7,5.5
0.04308,393,29.4,0.6,28.8,15.7,0.6,0.0,19.0,0.0,30.0,2.9,30.0,29.4,0.6,0.3,0.1,45.4,1630.1,16.5,4.2,4.1,5.5
0.04308,394,29.3,0.5,28.8,15.6,0.5,0.0,19.0,0.0,30.0,2.9,30.0,29.3,0.5,0.4,0.0,45.4,1635.6,16.5,5.6,5.5,5.5
0.04308,395,29.5,0.7,28.8,15.7,0.7,0.0,19.0,0.0,30.0,3.1,30.0,29.5,0.7,0.3,0.2,45.6,1639.8,16.5,4.0,4.2,5.5
0.04308,396,29.7,0.9,28.8,15.7,0.9,0.0,19.0,0.0,30.0,3.1,30.0,29.7,0.9,0.3,0.3,45.9,1644.0,16.5,4.0,4.2,5.5
0.04308,397,29.8,1.0,28.8,15.8,1.0,0.0,19.0,0.0,30.0,3.1,30.0,29.8,1.0,0.2,0.1,46.0,1647.6,16.5,3.5,3.6,5.5
0.04308,398,29.4,1.0,28.4,15.8,1.0,0.0,19.0,0.0,30.0,3.1,30.0,29.4,1.0,0.2,0.0,46.0,1650.3,16.6,3.1,2.7,5.5
0.04308,399,29.3,1.0,28.3,15.5,1.0,0.0,19.0,0.1,30.0,3.1,30.0,29.3,1.0,0.5,0.1,46.1,1654.9,16.6,4.7,4.6,5.5
0.04308,400,29.5,1.0,28.5,15.6,1.0,0.0,19.0,0.0,30.0,0.2,30.0,29.5,1.0,0.4,0.1,46.2,1658.9,16.6,3.8,4.0,5.5
0.04308,401,29.4,0.9,28.5,15.7,0.9,0.0,19.0,0.0,30.0,0.2,30.0,29.4,0.9,0.4,0.0,46.2,1664.2,16.6,5.4,5.3,5.5
0.04308,402,29.6,0.9,28.7,15.8,0.9,0.0,19.0,0.0,30.0,0.2,30.0,29.6,0.9,0.2,0.0,46.2,1668.6,16.6,4.2,4.4,5.5
0.04308,403,29.5,0.9,28.6,15.7,0.9,0.0,19.0,0.0,30.0,0.2,30.0,29.5,0.9,0.3,0.0,46.2,1672.6,16.7,4.1,4.0,5.5
0.04308,404,29.1,0.8,28.3,15.2,0.8,0.0,19.0,0.0,30.0,0.2,30.0,29.1,0.8,0.8,0.0,46.2,1675.9,16.7,3.7,3.3,5.5
0.04308,405,29.7,0.8,28.9,15.7,0.8,0.0,19.0,0.0,30.0,0.2,30.0,29.7,0.8,0.3,0.0,46.2,1679.2,16.7,2.7,3.3,5.5
0.04308,406,29.3,0.7,28.6,15.6,0.7,0.0,19.0,0.0,30.0,0.2,30.0,29.3,0.7,0.4,0.0,46.2,1683.5,16.7,4.7,4.3,5.5
0.04308,407,29.6,0.3,29.3,15.8,0.3,0.0,19.0,0.0,30.0,0.2,30.0,29.6,0.3,0.2,0.0,46.2,1688.2,16.7,4.4,4.7,5.5
0.04308,408,29.1,0.1,29.0,15.3,0.1,0.0,19.0,0.0,30.0,0.2,30.0,29.1,0.1,0.7,0.0,46.2,1693.2,16.8,5.5,5.0,5.5
0.04308,409,29.5,0.1,29.4,16.0,0.1,0.0,19.0,0.0,30.0,0.2,30.0,29.5,0.1,0.0,0.0,46.2,1698.0,16.8,4.4,4.8,5.5
0.04308,410,29.5,0.0,29.5,15.8,0.0,0.0,19.0,0.0,30.0,0.2,30.0,29.5,0.0,0.3,0.0,46.2,1702.1,16.8,4.1,4.1,5.5
0.04308,411,29.5,0.1,29.4,15.7,0.1,0.0,19.0,0.0,30.0,0.2,30.0,29.5,0.1,0.4,0.1,46.3,1705.4,16.8,3.3,3.3,5.5
0.04308,412,29.7,0.1,29.6,15.9,0.1,0.0,19.0,0.0,30.0,0.2,30.0,29.7,0.1,0.1,0.0,46.3,1708.9,16.8,3.3,3.5,5.5
0.04308,413,29.5,0.1,29.4,15.8,0.1,0.0,19.0,0.0,30.0,0.2,30.0,29.5,0.1,0.2,0.0,46.3,1712.9,16.8,4.2,4.0,5.5
0.04308,414,29.2,0.1,29.1,15.7,0.1,0.0,19.0,0.0,30.0,0.2,30.0,29.2,0.1,0.3,0.0,46.3,1717.3,16.8,4.7,4.4,5.5
0.04308,415,29.3,0.1,29.2,15.6,0.1,0.0,19.0,0.0,30.0,0.3,30.0,29.3,0.1,0.4,0.0,46.3,1722.4,16.8,5.0,5.1,5.5
0.04308,416,29.9,0.1,29.8,15.9,0.1,0.0,19.0,0.0,30.0,0.3,30.0,29.9,0.1,0.1,0.0,46.3,1727.8,16.8,4.8,5.4,5.5
0.04308,417,29.5,0.1,29.4,15.6,0.1,0.0,19.0,0.0,30.0,0.3,30.0,29.5,0.1,0.4,0.0,46.3,1731.5,16.8,4.1,3.7,5.5
0.04308,418,29.8,0.3,29.5,15.8,0.3,0.0,19.0,0.0,30.0,0.3,30.0,29.8,0.3,0.2,0.2,46.5,1735.1,16.9,3.3,3.6,5.5
0.04308,419,29.6,0.3,29.3,15.7,0.3,0.0,19.0,0.0,30.0,0.3,30.0,29.6,0.3,0.3,0.0,46.5,1738.4,16.9,3.5,3.3,5.5
0.04308,420,29.1,0.2,28.9,15.6,0.2,0.0,19.0,0.0,30.0,0.3,30.0,29.1,0.2,0.5,0.0,46.5,1742.0,16.9,4.1,3.6,5.5
0.04308,421,29.4,0.2,29.2,15.7,0.2,0.0,19.0,0.0,30.0,0.3,30.0,29.4,0.2,0.4,0.0,46.5,1746.7,16.9,4.4,4.7,5.5
0.04308,422,29.4,0.2,29.2,16.0,0.2,0.0,19.0,0.0,30.0,0.3,30.0,29.4,0.2,0.1,0.0,46.5,1751.8,16.9,5.1,5.1,5.5
0.04308,423,29.5,0.2,29.3,16.0,0.2,0.0,19.0,0.0,30.0,0.3,30.0,29.5,0.2,0.1,0.0,46.5,1757.2,16.9,5.3,5.4,5.5
0.04308,424,29.0,0.2,28.8,15.6,0.2,0.0,19.0,0.0,30.0,0.3,30.0,29.0,0.2,0.5,0.0,46.5,1760.3,16.9,3.6,3.1,5.5
0.04308,425,29.6,0.2,29.4,16.0,0.2,0.0,19.0,0.0,30.0,0.3,30.0,29.6,0.2,0.1,0.0,46.5,1764.5,16.9,3.6,4.2,5.5
0.04308,426,29.5,0.2,29.3,15.9,0.2,0.0,19.0,0.0,30.0,0.3,30.0,29.5,0.2,0.2,0.0,46.5,1767.7,17.0,3.3,3.2,5.5
0.04308,427,29.6,0.3,29.3,15.7,0.3,0.0,19.0,0.0,30.0,0.3,30.0,29.6,0.3,0.3,0.1,46.6,1771.4,17.0,3.6,3.7,5.5
0.04308,428,28.9,0.3,28.6,15.3,0.3,0.0,19.0,0.0,30.0,0.3,30.0,28.9,0.3,0.7,0.0,46.6,1775.4,17.0,4.7,4.0,5.5
0.04308,429,29.5,0.3,29.2,15.8,0.3,0.0,19.0,0.0,30.0,0.3,30.0,29.5,0.3,0.2,0.0,46.6,1781.1,17.0,5.1,5.7,5.5
0.04308,430,29.6,0.3,29.3,15.9,0.3,0.0,19.0,0.0,30.0,0.3,30.0,29.6,0.3,0.2,0.1,46.7,1786.7,17.0,5.5,5.6,5.5
0.04308,431,29.4,0.2,29.2,15.7,0.2,0.0,19.0,0.0,30.0,0.3,30.0,29.4,0.2,0.3,0.0,46.7,1789.7,17.0,3.2,3.0,5.5
0.04308,432,29.3,0.2,29.1,15.7,0.2,0.0,19.0,0.0,30.0,0.3,30.0,29.3,0.2,0.3,0.0,46.7,1793.8,17.0,4.2,4.1,5.5
0.04308,433,29.6,0.2,29.4,15.8,0.2,0.0,19.0,0.0,30.0,0.3,30.0,29.6,0.2,0.2,0.0,46.7,1797.2,17.0,3.1,3.4,5.5
0.04308,434,29.6,0.2,29.4,15.8,0.2,0.0,19.0,0.0,30.0,0.4,30.0,29.6,0.2,0.2,0.0,46.7,1800.9,17.0,3.7,3.7,5.5
0.04308,435,29.5,0.2,29.3,15.6,0.2,0.0,19.0,0.0,30.0,0.4,30.0,29.5,0.2,0.4,0.0,46.7,1804.8,17.0,4.0,3.9,5.5
0.04308,436,29.5,0.2,29.3,15.8,0.2,0.0,19.0,0.0,30.0,0.4,30.0,29.5,0.2,0.2,0.0,46.7,1810.4,17.0,5.6,5.6,5.5
0.04308,437,29.4,0.3,29.1,15.7,0.3,0.0,19.0,0.0,30.0,0.4,30.0,29.4,0.3,0.3,0.1,46.8,1815.9,17.0,5.6,5.5,5.5
0.04308,438,29.4,0.3,29.1,15.9,0.3,0.0,19.0,0.0,30.0,0.4,30.0,29.4,0.3,0.1,0.0,46.8,1818.8,17.0,2.9,2.9,5.5
0.04308,439,29.7,0.3,29.4,15.8,0.3,0.0,19.0,0.0,30.0,0.4,30.0,29.7,0.3,0.2,0.0,46.8,1823.2,17.0,4.1,4.4,5.5
0.04308,440,29.6,0.2,29.4,15.8,0.2,0.0,19.0,0.0,30.0,0.4,30.0,29.6,0.2,0.2,0.0,46.8,1826.6,17.0,3.5,3.4,5.5
0.04308,441,29.0,0.3,28.7,15.2,0.3,0.0,19.0,0.0,30.0,0.4,30.0,29.0,0.3,0.9,0.1,46.9,1829.6,17.0,3.6,3.0,5.5
0.04308,442,29.8,0.3,29.5,15.8,0.3,0.0,19.0,0.0,30.0,0.4,30.0,29.8,0.3,0.2,0.0,46.9,1834.3,17.1,3.9,4.7,5.5
0.04308,443,29.7,0.2,29.5,15.9,0.2,0.0,19.0,0.0,30.0,0.4,30.0,29.7,0.2,0.1,0.0,46.9,1839.9,17.1,5.7,5.6,5.5
0.04308,444,29.2,0.2,29.0,15.4,0.2,0.0,19.0,0.0,30.0,0.4,30.0,29.2,0.2,0.5,0.0,46.9,1844.8,17.1,5.4,4.9,5.5
0.04308,445,29.8,0.1,29.7,16.0,0.1,0.0,19.0,0.0,30.0,0.4,30.0,29.8,0.1,0.0,0.0,46.9,1848.5,17.1,3.1,3.7,5.5
0.04308,446,29.7,0.1,29.6,15.9,0.1,0.0,19.0,0.0,30.0,0.4,30.0,29.7,0.1,0.1,0.0,46.9,1852.8,17.1,4.4,4.3,5.5
0.04308,447,29.7,0.1,29.6,15.9,0.1,0.0,19.0,0.0,30.0,0.4,30.0,29.7,0.1,0.1,0.0,46.9,1856.2,17.1,3.4,3.4,5.5
0.04308,448,29.5,0.0,29.5,16.0,0.0,0.0,19.0,0.0,30.0,0.4,30.0,29.5,0.0,0.1,0.0,46.9,1859.0,17.2,3.0,2.8,5.5
0.04308,449,29.1,0.0,29.1,15.8,0.0,0.0,19.0,0.0,30.0,0.4,30.0,29.1,0.0,0.3,0.0,46.9,1863.4,17.2,4.8,4.4,5.5
0.04308,450,29.0,0.0,29.0,15.5,0.0,0.0,19.0,0.0,30.0,0.4,30.0,29.0,0.0,0.6,0.0,46.9,1868.9,17.2,5.6,5.5,5.5
0.04308,451,29.1,0.0,29.1,15.6,0.0,0.0,19.0,0.0,30.0,0.4,30.0,29.1,0.0,0.5,0.0,46.9,1873.9,17.2,4.9,5.0,5.5
0.04308,452,29.7,0.0,29.7,15.8,0.0,0.0,19.0,0.0,30.0,0.4,30.0,29.7,0.0,0.2,0.0,46.9,1878.2,17.2,3.7,4.3,5.5
0.04308,453,29.4,0.0,29.4,15.7,0.0,0.0,19.0,0.0,30.0,0.4,30.0,29.4,0.0,0.3,0.0,46.9,1882.2,17.2,4.3,4.0,5.5
0.04308,454,29.4,0.0,29.4,15.4,0.0,0.0,19.0,0.0,30.0,0.4,30.0,29.4,0.0,0.6,0.0,46.9,1885.6,17.2,3.4,3.4,5.5
0.04308,455,29.8,0.0,29.8,15.8,0.0,0.0,19.0,0.0,30.0,0.4,30.0,29.8,0.0,0.2,0.0,46.9,1888.8,17.2,2.8,3.2,5.5
0.04308,456,29.3,0.0,29.3,15.6,0.0,0.0,19.0,0.0,30.0,0.4,30.0,29.3,0.0,0.4,0.0,46.9,1892.7,17.2,4.4,3.9,5.5
0.04308,457,29.2,0.0,29.2,15.6,0.0,0.0,19.0,0.0,30.0,0.4,30.0,29.2,0.0,0.4,0.0,46.9,1898.1,17.2,5.5,5.4,5.5
0.04308,458,29.4,0.1,29.3,15.8,0.1,0.0,19.0,0.0,30.0,0.4,30.0,29.4,0.1,0.2,0.1,47.0,1903.3,17.2,5.0,5.2,5.5
0.04308,459,29.4,0.1,29.3,15.8,0.1,0.0,19.0,0.0,30.0,0.4,30.0,29.4,0.1,0.2,0.0,47.0,1907.6,17.2,4.3,4.3,5.5
0.04308,460,29.5,0.1,29.4,15.8,0.1,0.0,19.0,0.0,30.0,0.4,30.0,29.5,0.1,0.2,0.0,47.0,1911.7,17.2,4.0,4.1,5.5
0.04308,461,29.9,0.1,29.8,16.0,0.1,0.0,19.0,0.0,30.0,0.4,30.0,29.9,0.1,0.0,0.0,47.0,1915.4,17.2,3.3,3.7,5.5
0.04308,462,29.7,0.1,29.6,15.8,0.1,0.0,19.0,0.0,30.0,0.4,30.0,29.7,0.1,0.2,0.0,47.0,1918.4,17.2,3.2,3.0,5.5
0.04308,463,29.8,0.1,29.7,15.9,0.1,0.0,19.0,0.0,30.0,0.4,30.0,29.8,0.1,0.1,0.0,47.0,1922.4,17.2,3.9,4.0,5.5
0.04308,464,29.4,0.1,29.3,15.6,0.1,0.0,19.0,0.0,30.0,0.4,30.0,29.4,0.1,0.4,0.0,47.0,1927.4,17.2,5.4,5.0,5.5
0.04308,465,29.2,0.1,29.1,15.8,0.1,0.0,19.0,0.0,30.0,0.4,30.0,29.2,0.1,0.2,0.0,47.0,1932.4,17.2,5.2,5.0,5.5
0.04308,466,29.8,0.2,29.6,15.8,0.2,0.0,19.0,0.0,30.0,0.5,30.0,29.8,0.2,0.2,0.1,47.1,1937.2,17.2,4.2,4.8,5.5
0.04308,467,29.7,0.2,29.5,15.8,0.2,0.0,19.0,0.0,30.0,0.5,30.0,29.7,0.2,0.2,0.0,47.1,1941.2,17.2,4.1,4.0,5.5
0.04308,468,29.2,0.1,29.1,15.7,0.1,0.0,19.0,0.0,30.0,0.5,30.0,29.2,0.1,0.3,0.0,47.1,1944.5,17.2,3.8,3.3,5.5
0.04308,469,29.5,0.1,29.4,15.5,0.1,0.0,19.0,0.0,30.0,0.5,30.0,29.5,0.1,0.5,0.0,47.1,1947.8,17.2,3.0,3.3,5.5
0.04308,470,29.5,0.1,29.4,15.7,0.1,0.0,19.0,0.0,30.0,0.5,30.0,29.5,0.1,0.3,0.0,47.1,1951.8,17.2,4.0,4.0,5.5
0.04308,471,29.6,0.1,29.5,15.6,0.1,0.0,19.0,0.0,30.0,0.5,30.0,29.6,0.1,0.4,0.0,47.1,1956.9,17.2,5.0,5.1,5.5
0.04308,472,29.7,0.1,29.6,15.7,0.1,0.0,19.0,0.0,30.0,0.5,30.0,29.7,0.1,0.3,0.0,47.1,1962.0,17.2,5.0,5.1,5.5
0.04308,473,29.4,0.0,29.4,15.5,0.0,0.0,19.0,0.0,30.0,0.5,30.0,29.4,0.0,0.5,0.0,47.1,1966.6,17.2,4.9,4.6,5.5
0.04308,474,29.3,0.0,29.3,15.6,0.0,0.0,19.0,0.0,30.0,0.5,30.0,29.3,0.0,0.4,0.0,47.1,1970.5,17.2,4.0,3.9,5.5
0.04308,475,29.5,0.0,29.5,15.7,0.0,0.0,19.0,0.0,30.0,0.5,30.0,29.5,0.0,0.3,0.0,47.1,1974.0,17.2,3.3,3.5,5.5
0.04308,476,29.5,0.0,29.5,15.7,0.0,0.0,19.0,0.0,30.0,0.5,30.0,29.5,0.0,0.3,0.0,47.1,1977.3,17.2,3.3,3.3,5.5
0.04308,477,29.1,0.0,29.1,15.3,0.0,0.0,19.0,0.0,30.0,0.5,30.0,29.1,0.0,0.7,0.0,47.1,1980.9,17.2,4.0,3.6,5.5
0.04308,478,29.1,0.0,29.1,15.4,0.0,0.0,19.0,0.0,30.0,0.5,30.0,29.1,0.0,0.6,0.0,47.1,1986.0,17.2,5.1,5.1,5.5
0.04308,479,29.2,0.0,29.2,15.7,0.0,0.0,19.0,0.0,30.0,0.5,30.0,29.2,0.0,0.3,0.0,47.1,1991.2,17.2,5.1,5.2,5.5
0.04308,480,29.7,0.0,29.7,16.0,0.0,0.0,19.0,0.0,30.0,0.5,30.0,29.7,0.0,0.0,0.0,47.1,1996.3,17.2,4.6,5.1,5.5
0.04308,481,29.5,1.0,28.5,15.8,1.0,1.0,19.0,0.0,30.0,0.5,30.0,29.5,1.0,0.2,0.0,48.1,2000.0,17.2,3.9,3.7,5.5
0.04308,482,29.6,1.0,28.6,15.8,1.0,1.0,19.0,0.0,30.0,0.5,30.0,29.6,1.0,0.2,0.0,48.1,2003.6,17.2,3.5,3.6,5.5
0.04308,483,29.6,1.0,28.6,16.0,1.0,1.0,19.0,0.0,30.0,0.5,30.0,29.6,1.0,0.0,0.0,48.1,2006.9,17.2,3.3,3.3,5.5
0.04308,484,29.7,1.0,28.7,15.7,1.0,1.0,19.0,0.0,30.0,0.5,30.0,29.7,1.0,0.3,0.0,48.1,2010.6,17.2,3.6,3.7,5.5
0.04308,485,29.1,1.1,28.0,15.4,1.1,1.0,19.0,0.0,30.0,0.6,30.0,29.1,1.1,0.6,0.1,48.2,2015.1,17.2,5.1,4.5,5.5
0.04308,486,29.4,1.1,28.3,15.7,1.1,1.0,19.0,0.0,30.0,0.6,30.0,29.4,1.1,0.3,0.0,48.2,2020.6,17.2,5.2,5.5,5.5
0.04308,487,29.8,1.1,28.7,15.8,1.1,1.0,19.0,0.0,30.0,0.6,30.0,29.8,1.1,0.2,0.0,48.2,2026.1,17.2,5.1,5.5,5.5
0.04308,488,29.3,0.1,29.2,15.6,0.1,0.0,19.0,0.0,30.0,0.6,30.0,29.3,0.1,0.4,0.0,48.2,2029.3,17.2,3.7,3.2,5.5
0.04308,489,29.6,0.1,29.5,15.9,0.1,0.0,19.0,0.0,30.0,0.6,30.0,29.6,0.1,0.1,0.0,48.2,2033.2,17.2,3.6,3.9,5.5
0.04308,490,29.6,0.1,29.5,15.7,0.1,0.0,19.0,0.0,30.0,0.6,30.0,29.6,0.1,0.3,0.0,48.2,2036.4,17.2,3.2,3.2,5.5
0.04308,491,29.4,0.1,29.3,15.8,0.1,0.0,19.0,0.0,30.0,0.6,30.0,29.4,0.1,0.2,0.0,48.2,2039.9,17.2,3.7,3.5,5.5
0.04308,492,29.2,0.1,29.1,15.7,0.1,0.0,19.0,0.0,30.0,0.6,30.0,29.2,0.1,0.3,0.0,48.2,2044.2,17.2,4.5,4.3,5.5
0.04308,493,29.2,0.1,29.1,15.7,0.1,0.0,19.0,0.0,30.0,0.6,30.0,29.2,0.1,0.3,0.0,48.2,2049.7,17.2,5.5,5.5,5.5
0.04308,494,29.2,0.1,29.1,15.8,0.1,0.0,19.0,0.0,30.0,0.7,30.0,29.2,0.1,0.2,0.0,48.2,2055.2,17.2,5.5,5.5,5.5
0.04308,495,29.2,0.1,29.1,15.5,0.1,0.0,19.0,0.0,30.0,0.7,30.0,29.2,0.1,0.5,0.0,48.2,2058.4,17.2,3.2,3.2,5.5
0.04308,496,29.6,0.1,29.5,15.9,0.1,0.0,19.0,0.0,30.0,0.7,30.0,29.6,0.1,0.1,0.0,48.2,2062.7,17.2,3.9,4.3,5.5
0.04308,497,29.5,0.0,29.5,15.9,0.0,0.0,19.0,0.0,30.0,0.7,30.0,29.5,0.0,0.1,0.0,48.2,2065.9,17.2,3.3,3.2,5.5
0.04308,498,29.4,0.0,29.4,15.5,0.0,0.0,19.0,0.0,30.0,0.7,30.0,29.4,0.0,0.5,0.0,48.2,2069.3,17.2,3.5,3.4,5.5
0.04308,499,29.3,0.0,29.3,15.7,0.0,0.0,19.0,0.0,30.0,0.7,30.0,29.3,0.0,0.3,0.0,48.2,2073.5,17.2,4.3,4.2,5.5
0.04308,500,29.5,0.1,29.4,15.8,0.1,0.0,19.0,0.0,30.0,0.7,30.0,29.5,0.1,0.2,0.1,48.3,2079.2,17.2,5.5,5.7,5.5
0.04308,501,28.8,0.1,28.7,15.4,0.1,0.0,19.0,0.0,30.0,0.7,30.0,28.8,0.1,0.6,0.0,48.3,2084.0,17.2,5.5,4.8,5.5
0.04308,502,29.6,0.1,29.5,15.8,0.1,0.0,19.0,0.0,30.0,0.7,30.0,29.6,0.1,0.2,0.0,48.3,2088.0,17.2,3.2,4.0,5.5
0.04308,503,29.5,0.1,29.4,15.5,0.1,0.0,19.0,0.0,30.0,0.7,30.0,29.5,0.1,0.5,0.0,48.3,2092.2,17.2,4.3,4.2,5.5
0.04308,504,29.3,0.1,29.2,15.5,0.1,0.0,19.0,0.0,30.0,0.7,30.0,29.3,0.1,0.5,0.0,48.3,2095.1,17.2,3.1,2.9,5.5
0.04308,505,29.0,0.1,28.9,15.5,0.1,0.0,19.0,0.0,30.0,0.7,30.0,29.0,0.1,0.5,0.0,48.3,2098.2,17.2,3.4,3.1,5.5
0.04308,506,29.3,0.1,29.2,15.8,0.1,0.0,19.0,0.1,30.0,0.7,30.0,29.3,0.1,0.2,0.0,48.3,2102.7,17.2,4.2,4.5,5.5
0.04308,507,29.3,0.1,29.2,15.5,0.1,0.0,19.0,0.0,30.0,0.7,30.0,29.3,0.1,0.5,0.0,48.3,2108.4,17.2,5.7,5.7,5.5
0.04308,508,29.6,0.2,29.4,15.9,0.2,0.0,19.0,0.0,30.0,0.7,30.0,29.6,0.2,0.1,0.1,48.4,2113.5,17.2,4.8,5.1,5.5
0.04308,509,29.5,0.2,29.3,15.6,0.2,0.0,19.0,0.0,30.0,0.7,30.0,29.5,0.2,0.4,0.0,48.4,2117.4,17.2,4.0,3.9,5.5
0.04308,510,29.7,0.2,29.5,15.9,0.2,0.0,19.0,0.0,30.0,0.7,30.0,29.7,0.2,0.1,0.0,48.4,2121.8,17.2,4.2,4.4,5.5
0.04308,511,29.4,0.1,29.3,15.8,0.1,0.0,19.0,0.0,30.0,0.7,30.0,29.4,0.1,0.2,0.0,48.4,2124.5,17.2,3.0,2.7,5.5
0.04308,512,29.8,0.2,29.6,15.9,0.2,0.0,19.0,0.0,30.0,0.7,30.0,29.8,0.2,0.2,0.1,48.5,2128.0,17.3,3.1,3.5,5.5
0.04308,513,29.1,0.2,28.9,15.3,0.2,0.0,19.0,0.0,30.0,0.7,30.0,29.1,0.2,0.6,0.0,48.5,2131.8,17.3,4.5,3.8,5.5
0.04308,514,29.8,0.2,29.6,15.7,0.2,0.0,19.0,0.0,30.0,0.7,30.0,29.8,0.2,0.2,0.0,48.5,2138.0,17.3,5.5,6.2,5.5
0.04308,515,29.2,0.2,29.0,15.6,0.2,0.0,19.0,0.0,30.0,0.7,30.0,29.2,0.2,0.3,0.0,48.5,2142.5,17.3,5.1,4.5,5.5
0.04308,516,29.6,0.2,29.4,15.8,0.2,0.0,19.0,0.0,30.0,0.7,30.0,29.6,0.2,0.1,0.0,48.5,2146.8,17.3,3.9,4.3,5.5
0.04308,517,29.5,0.2,29.3,15.6,0.2,0.0,19.0,0.0,30.0,0.7,30.0,29.5,0.2,0.3,0.0,48.5,2151.1,17.3,4.4,4.3,5.5
0.04308,518,29.7,0.3,29.4,15.8,0.3,0.0,19.0,0.0,30.0,0.7,30.0,29.7,0.3,0.1,0.1,48.6,2154.0,17.3,2.7,2.9,5.5
0.04308,519,29.8,0.3,29.5,15.9,0.3,0.0,19.0,0.0,30.0,0.7,30.0,29.8,0.3,0.0,0.0,48.6,2157.5,17.3,3.4,3.5,5.5
0.04308,520,29.6,0.4,29.2,15.6,0.4,0.0,19.0,0.0,30.0,0.7,30.0,29.6,0.4,0.3,0.1,48.7,2161.2,17.3,3.9,3.7,5.5
0.04308,521,29.4,0.2,29.2,15.7,0.2,0.0,19.0,0.0,30.0,0.7,30.0,29.4,0.2,0.3,0.0,48.7,2167.3,17.3,6.3,6.1,5.5
0.04308,522,29.4,0.2,29.2,15.9,0.2,0.0,19.0,0.0,30.0,0.7,30.0,29.4,0.2,0.1,0.0,48.7,2171.8,17.4,4.5,4.5,5.5
0.04308,523,29.6,0.2,29.4,15.8,0.2,0.0,19.0,0.0,30.0,0.7,30.0,29.6,0.2,0.2,0.0,48.7,2176.3,17.4,4.3,4.5,5.5
0.04308,524,29.4,0.2,29.2,15.6,0.2,0.0,19.0,0.0,30.0,0.7,30.0,29.4,0.2,0.4,0.0,48.7,2180.4,17.4,4.3,4.1,5.5
0.04308,525,29.9,0.2,29.7,16.0,0.2,0.0,19.0,0.0,30.0,0.7,30.0,29.9,0.2,0.0,0.0,48.7,2183.7,17.4,2.8,3.3,5.5
0.04308,526,29.5,0.2,29.3,15.7,0.2,0.0,19.0,0.0,30.0,0.7,30.0,29.5,0.2,0.3,0.0,48.7,2186.8,17.4,3.5,3.1,5.5
0.04308,527,29.6,0.2,29.4,15.6,0.2,0.0,19.0,0.0,30.0,0.7,30.0,29.6,0.2,0.4,0.0,48.7,2190.6,17.4,3.7,3.8,5.5
0.04308,528,29.1,0.1,29.0,15.5,0.1,0.0,19.0,0.0,30.0,0.7,30.0,29.1,0.1,0.5,0.0,48.7,2196.3,17.4,6.2,5.7,5.5
0.04308,529,29.5,0.1,29.4,15.8,0.1,0.0,19.0,0.0,30.0,0.7,30.0,29.5,0.1,0.2,0.0,48.7,2201.2,17.4,4.5,4.9,5.5
0.04308,530,29.4,0.2,29.2,15.9,0.2,0.0,19.0,0.0,30.0,0.8,30.0,29.4,0.2,0.1,0.1,48.8,2205.6,17.4,4.5,4.4,5.5
0.04308,531,29.4,0.2,29.2,15.7,0.2,0.0,19.0,0.0,30.0,0.8,30.0,29.4,0.2,0.3,0.0,48.8,2209.7,17.4,4.1,4.1,5.5
0.04308,532,29.7,0.1,29.6,15.9,0.1,0.0,19.0,0.0,30.0,0.8,30.0,29.7,0.1,0.1,0.0,48.8,2213.4,17.4,3.4,3.7,5.5
0.04308,533,29.6,0.2,29.4,15.7,0.2,0.0,19.0,0.0,30.0,0.8,30.0,29.6,0.2,0.3,0.1,48.9,2216.4,17.4,3.1,3.0,5.5
0.04308,534,29.4,0.2,29.2,15.6,0.2,0.0,19.0,0.0,30.0,0.8,30.0,29.4,0.2,0.4,0.0,48.9,2220.0,17.5,3.8,3.6,5.5
0.04308,535,29.1,0.3,28.8,15.3,0.3,0.0,19.0,0.0,30.0,0.8,30.0,29.1,0.3,0.6,0.1,49.0,2225.3,17.5,5.6,5.3,5.5
0.04308,536,29.3,0.3,29.0,15.5,0.3,0.0,19.0,0.0,30.0,0.8,30.0,29.3,0.3,0.4,0.0,49.0,2230.3,17.5,4.8,5.0,5.5
0.04308,537,29.6,0.3,29.3,15.6,0.3,0.0,19.0,0.0,30.0,0.8,30.0,29.6,0.3,0.3,0.0,49.0,2234.9,17.5,4.3,4.6,5.5
0.04308,538,29.6,0.3,29.3,15.6,0.3,0.0,19.0,0.0,30.0,0.8,30.0,29.6,0.3,0.3,0.0,49.0,2239.0,17.5,4.1,4.1,5.5
0.04308,539,29.2,0.3,28.9,15.1,0.3,0.0,19.0,0.0,30.0,0.8,30.0,29.2,0.3,0.8,0.0,49.0,2242.3,17.5,3.7,3.3,5.5
0.04308,540,29.8,0.3,29.5,15.8,0.3,0.0,19.0,0.0,30.0,0.8,30.0,29.8,0.3,0.1,0.0,49.0,2245.9,17.5,3.0,3.6,5.5
0.04308,541,29.9,0.3,29.6,15.9,0.3,0.0,19.0,0.0,30.0,0.8,30.0,29.9,0.3,0.0,0.0,49.0,2249.6,17.5,3.6,3.7,5.5
0.04308,542,29.7,0.2,29.5,15.9,0.2,0.0,19.0,0.0,30.0,0.8,30.0,29.7,0.2,0.1,0.0,49.0,2254.8,17.5,5.4,5.2,5.5
0.04308,543,29.4,0.1,29.3,15.9,0.1,0.0,19.0,0.0,30.0,0.8,30.0,29.4,0.1,0.1,0.0,49.0,2259.6,17.5,5.1,4.8,5.5
0.04308,544,29.4,0.0,29.4,15.5,0.0,0.0,19.0,0.0,30.0,0.8,30.0,29.4,0.0,0.5,0.0,49.0,2264.3,17.5,4.7,4.7,5.5
0.04308,545,29.8,0.0,29.8,15.9,0.0,0.0,19.0,0.0,30.0,0.8,30.0,29.8,0.0,0.1,0.0,49.0,2268.8,17.5,4.1,4.5,5.5
0.04308,546,29.7,0.0,29.7,15.9,0.0,0.0,19.0,0.0,30.0,0.8,30.0,29.7,0.0,0.1,0.0,49.0,2272.0,17.5,3.3,3.2,5.5
0.04308,547,29.6,0.1,29.5,15.9,0.1,0.0,19.0,0.0,30.0,0.8,30.0,29.6,0.1,0.1,0.1,49.1,2275.5,17.5,3.6,3.5,5.5
0.04308,548,29.5,0.2,29.3,15.8,0.2,0.0,19.0,0.0,30.0,0.8,30.0,29.5,0.2,0.2,0.1,49.2,2279.0,17.5,3.6,3.5,5.5
0.04308,549,29.3,0.2,29.1,15.5,0.2,0.0,19.0,0.0,30.0,0.8,30.0,29.3,0.2,0.5,0.0,49.2,2283.9,17.5,5.1,4.9,5.5
0.04308,550,29.3,0.2,29.1,15.7,0.2,0.0,19.0,0.0,30.0,0.8,30.0,29.3,0.2,0.3,0.0,49.2,2288.7,17.5,4.8,4.8,5.5
0.04308,551,29.4,0.2,29.2,15.7,0.2,0.0,19.0,0.0,30.0,0.8,30.0,29.4,0.2,0.3,0.0,49.2,2293.5,17.5,4.7,4.8,5.5
0.04308,552,29.3,0.3,29.0,15.6,0.3,0.0,19.0,0.0,30.0,0.8,30.0,29.3,0.3,0.4,0.1,49.3,2297.9,17.5,4.5,4.4,5.5
0.04308,553,29.7,0.3,29.4,16.0,0.3,0.0,19.0,0.0,30.0,0.8,30.0,29.7,0.3,0.0,0.0,49.3,2301.5,17.5,3.2,3.6,5.5
0.04308,554,29.3,0.3,29.0,15.7,0.3,0.0,19.0,0.0,30.0,0.8,30.0,29.3,0.3,0.3,0.0,49.3,2304.6,17.5,3.5,3.1,5.5
0.04308,555,29.3,0.4,28.9,15.7,0.4,0.0,19.0,0.0,30.0,0.8,30.0,29.3,0.4,0.4,0.2,49.5,2308.2,17.6,3.6,3.6,5.5
0.04308,556,28.8,0.5,28.3,15.2,0.5,0.0,19.0,0.0,30.0,0.8,30.0,28.8,0.5,0.8,0.2,49.7,2312.6,17.7,4.9,4.4,5.5
0.04308,557,29.5,0.5,29.0,15.6,0.5,0.0,19.0,0.0,30.0,0.8,30.0,29.5,0.5,0.4,0.0,49.7,2318.0,17.7,4.7,5.4,5.5
0.04308,558,29.7,0.5,29.2,15.8,0.5,0.0,19.0,0.0,30.0,0.9,30.0,29.7,0.5,0.2,0.0,49.7,2322.9,17.7,4.7,4.9,5.5
0.04308,559,29.4,0.5,28.9,15.6,0.5,0.0,19.0,0.0,30.0,0.9,30.0,29.4,0.5,0.4,0.0,49.7,2327.0,17.7,4.4,4.1,5.5
0.04308,560,29.7,0.5,29.2,15.8,0.5,0.0,19.0,0.0,30.0,0.9,30.0,29.7,0.5,0.2,0.0,49.7,2330.8,17.7,3.5,3.8,5.5
0.04308,561,29.5,0.5,29.0,15.7,0.5,0.0,19.0,0.0,30.0,0.9,30.0,29.5,0.5,0.3,0.0,49.7,2333.7,17.7,3.1,2.9,5.5
0.04308,562,29.5,0.5,29.0,15.5,0.5,0.0,19.0,0.0,30.0,0.9,30.0,29.5,0.5,0.5,0.0,49.7,2337.3,17.7,3.6,3.6,5.5
0.04308,563,29.3,0.4,28.9,15.7,0.4,0.0,19.0,0.0,30.0,0.9,30.0,29.3,0.4,0.2,0.0,49.7,2341.5,17.7,4.4,4.2,5.5
0.04308,564,29.4,0.3,29.1,15.6,0.3,0.0,19.0,0.0,30.0,0.9,30.0,29.4,0.3,0.3,0.0,49.7,2347.1,17.7,5.5,5.6,5.5
0.04308,565,29.3,0.2,29.1,15.8,0.2,0.0,19.0,0.0,30.0,0.9,30.0,29.3,0.2,0.2,0.0,49.7,2352.0,17.7,5.0,4.9,5.5
0.04308,566,29.1,0.3,28.8,15.7,0.3,0.0,19.0,0.0,30.0,0.9,30.0,29.1,0.3,0.3,0.1,49.8,2355.9,17.7,4.1,3.9,5.5
0.04308,567,29.6,0.3,29.3,15.8,0.3,0.0,19.0,0.0,30.0,1.0,30.0,29.6,0.3,0.2,0.1,49.9,2360.3,17.7,3.9,4.4,5.5
0.04308,568,29.6,0.3,29.3,15.8,0.3,0.0,19.0,0.0,30.0,1.0,30.0,29.6,0.3,0.2,0.0,49.9,2363.2,17.7,2.9,2.9,5.5
0.04308,569,29.6,0.4,29.2,15.9,0.4,0.0,19.0,0.0,30.0,1.0,30.0,29.6,0.4,0.1,0.1,50.0,2366.8,17.7,3.6,3.6,5.5
0.04308,570,29.3,0.3,29.0,15.6,0.3,0.0,19.0,0.0,30.0,1.0,30.0,29.3,0.3,0.4,0.0,50.0,2370.8,17.7,4.3,4.0,5.5
